round,uf,date,temp_min,temp_med,rainy_days,rel_humid_med
round_1,AC,2022-06-26,20.85619219181418,24.11417942780704,5.910459574189882,82.86263624123166
round_1,AC,2022-07-03,19.565494238577543,22.93401930555809,6.007333246848405,91.52492969272184
round_1,AC,2022-07-10,19.259876779927165,22.656832442069632,6.025434689556802,90.34172209109244
round_1,AC,2022-07-17,19.012184057619148,22.71179803275572,5.634869715459105,87.87888788057101
round_1,AC,2022-07-24,19.243468288254657,23.12905691685799,5.46532999482324,85.20100851837293
round_1,AC,2022-07-31,19.39691240946054,23.59474785346054,4.767765354192786,82.54545737701345
round_1,AC,2022-08-07,19.314292258439995,23.48222029485101,4.9588580165565865,74.81961292861413
round_1,AC,2022-08-14,19.532645211913003,23.6303749540652,5.701185494545077,75.43483294192713
round_1,AC,2022-08-21,19.83277542327408,23.89504966343267,5.858656301770172,74.67181767250725
round_1,AC,2022-08-28,19.92948123764285,23.751063211540117,6.131943602095869,76.51163642969298
round_1,AC,2022-09-04,21.399018007545767,25.217852144942473,6.321059926242474,67.45303536359326
round_1,AC,2022-09-11,21.72461034928584,25.35924535142192,6.895944908826931,70.37886926671409
round_1,AC,2022-09-18,21.83863600973542,25.522984254043173,6.74217580384725,70.2395535370241
round_1,AC,2022-09-25,21.686421005706,25.184663827111414,6.829644857388272,72.08542682828204
round_1,AC,2022-10-02,22.811469133195533,26.022227228592275,6.971385344628731,76.2236011845208
round_1,AC,2022-10-09,22.836944904433977,25.983184837848324,7.0,77.08150866192378
round_1,AC,2022-10-16,22.659218895356354,25.68212342198618,6.965423024371069,78.04103307635089
round_1,AC,2022-10-23,22.77006627272784,25.649064064612418,7.0,79.57657438862758
round_1,AC,2022-10-30,22.81675777154605,25.582743053919145,6.986921638898973,79.63833255666302
round_1,AC,2022-11-06,22.877238305089108,25.53587308824303,6.990317422984898,83.80716568523161
round_1,AC,2022-11-13,23.01891776841111,25.570530201375508,6.965591608303046,84.20812075519217
round_1,AC,2022-11-20,23.08126827785693,25.70351200781959,7.0,84.00366565898068
round_1,AC,2022-11-27,23.3851054407199,25.895472118770144,7.0,84.13775404540614
round_1,AC,2022-12-04,22.968240643204577,25.33952535750562,7.0,87.86436479771866
round_1,AC,2022-12-11,22.98673771074729,25.42516972217798,7.0,87.32292327359964
round_1,AC,2022-12-18,22.858714789946667,25.260621036265505,7.0,87.52165905022396
round_1,AC,2022-12-25,22.957994118550268,25.28864368952701,6.7391304347826075,87.76701999268086
round_1,AC,2023-01-01,22.84317026012535,25.217410183906196,6.998993193696377,88.1697038190528
round_1,AC,2023-01-08,22.870739960107983,25.252298520955588,6.985193816727527,88.07573613221923
round_1,AC,2023-01-15,22.73583230917371,25.02388764814632,6.9991589708757225,89.29005310789158
round_1,AC,2023-01-22,22.813837040123193,25.13430034188769,7.0,89.11874714991777
round_1,AC,2023-01-29,22.951774907795752,25.266885832336985,7.0,88.46965062741998
round_1,AC,2023-02-05,22.924983348801845,25.21581781142421,6.998228219523596,88.9039563604182
round_1,AC,2023-02-12,22.80307788011512,25.06111323241045,7.0,89.48942089761178
round_1,AC,2023-02-19,22.757646910215794,24.90770952398183,7.0,90.34907317609776
round_1,AC,2023-02-26,22.70444418455003,25.0341415459503,6.959388917392425,88.9010342509952
round_1,AC,2023-03-05,22.83059577668238,25.128224196912665,7.0,89.6949629988419
round_1,AC,2023-03-12,22.784520880145628,25.153544796073565,7.0,88.9917144847073
round_1,AC,2023-03-19,22.65076377274896,24.84638864957912,7.0,90.69437782004584
round_1,AC,2023-03-26,22.458360546478108,24.690445580671444,7.0,90.52947022166104
round_1,AC,2023-04-02,22.65495325344246,24.922364892418447,6.934703653135145,90.22380215798148
round_1,AC,2023-04-09,22.580096085155475,24.925515500529368,6.890426544879108,89.40674670406045
round_1,AC,2023-04-16,22.427909358234142,24.82873892633304,6.986099544181585,88.86314207697876
round_1,AC,2023-04-23,22.08913389402855,24.517561890861924,6.861457818557173,89.27550417635445
round_1,AC,2023-04-30,21.942985463454672,24.460924333871983,6.903003093917394,88.36711443624466
round_1,AC,2023-05-07,21.52710660894422,24.13819986063662,6.332882149337511,86.50088446397785
round_1,AC,2023-05-14,21.72572179198262,24.241404516553743,6.676892509722939,88.29079669462259
round_1,AC,2023-05-21,21.55543458335652,24.160389120643647,6.930766543451417,88.46885199603759
round_1,AC,2023-05-28,21.371603563357436,24.03371244960069,6.830689387251756,88.1929300662093
round_1,AC,2023-06-04,21.181369375222587,23.82316770038917,6.865501759145621,88.17258207480451
round_1,AC,2023-06-11,21.207174678958065,24.13908644043457,6.717789572713745,87.08039324880374
round_1,AC,2023-06-18,20.572499916358513,23.755278292366107,6.353135086376203,84.40978739728156
round_1,AC,2023-06-25,20.85619219181418,24.11417942780704,5.910459574189882,82.86263624123166
round_1,AC,2023-07-02,21.057788031217807,24.426313098198342,6.007333246848405,81.70918989646098
round_1,AC,2023-07-09,20.752170572567422,24.149126234709893,6.025434689556802,80.52598229483159
round_1,AC,2023-07-16,20.5044778502594,24.204091825395977,5.634869715459105,78.06314808431014
round_1,AC,2023-07-23,20.73576208089491,24.62135070949826,5.46532999482324,75.38526872211207
round_1,AC,2023-07-30,20.8892062021008,25.087041646100797,4.767765354192786,72.72971758075259
round_1,AC,2023-08-06,21.46391523214859,25.63184326855961,4.9588580165565865,72.46013658861588
round_1,AC,2023-08-13,21.6822681856216,25.779997927773795,5.701185494545077,73.07535660192887
round_1,AC,2023-08-20,21.98239839698268,26.044672637141264,5.858656301770172,72.31234133250898
round_1,AC,2023-08-27,22.07910421135144,25.900686185248716,6.131943602095869,74.15216008969473
round_1,AC,2023-09-03,22.369944219652737,26.188778357049433,6.321059926242474,75.11094427794121
round_1,AC,2023-09-10,22.695536561392803,26.33017156352889,6.895944908826931,78.03677818106205
round_1,AC,2023-09-17,22.809562221842388,26.493910466150137,6.74217580384725,77.89746245137206
round_1,AC,2023-09-24,22.65734721781297,26.155590039218374,6.829644857388272,79.74333574263
round_1,AC,2023-10-01,22.984507683736226,26.195265779132964,6.971385344628731,82.68126803707023
round_1,AL,2022-06-26,21.09940432075551,23.063398505770017,7.0,83.42204185856721
round_1,AL,2022-07-03,21.652970938336654,23.645858565821236,6.995213795757007,84.13119148727189
round_1,AL,2022-07-10,21.543639864264552,23.55899531456127,6.9968869576075505,83.94805499146297
round_1,AL,2022-07-17,21.319882133338517,23.50227390273827,6.97136294823317,82.24941702506123
round_1,AL,2022-07-24,21.35084772026534,23.40824794420532,6.990770485401248,81.85156898732497
round_1,AL,2022-07-31,21.07074577104184,23.232600116916583,6.973858860659169,81.51133120705232
round_1,AL,2022-08-07,20.417976214845215,22.743537558428574,6.949777808373899,80.53450613995749
round_1,AL,2022-08-14,20.37136125880633,22.63897745334195,6.964060354178888,80.56202116264858
round_1,AL,2022-08-21,20.655630925471034,22.90999465529416,6.987945848140275,80.72087633388249
round_1,AL,2022-08-28,20.742603161315746,23.15443700696596,6.977462146614805,79.5307544205567
round_1,AL,2022-09-04,19.932102488113184,22.39639828549769,6.906331387374889,79.04087557031693
round_1,AL,2022-09-11,20.08791287595849,22.416449234772177,6.960749156743814,79.524504809351
round_1,AL,2022-09-18,20.20388628286207,22.786858067223076,6.849001778978138,78.12041172785808
round_1,AL,2022-09-25,20.600261029009022,23.292065539437697,6.797303719675405,76.87573861240394
round_1,AL,2022-10-02,20.665722781876553,23.358698489547933,6.800341217310134,75.21342425248716
round_1,AL,2022-10-09,20.763342084982483,23.33792662556363,6.845923354798036,75.97308082308334
round_1,AL,2022-10-16,20.96833041130617,23.666955293226835,6.873682574504377,75.58200540687267
round_1,AL,2022-10-23,21.139205090087824,23.943871294306504,6.753169041196604,74.66858917782872
round_1,AL,2022-10-30,21.369008662206703,24.375130650991775,6.609893955651657,72.9559694682595
round_1,AL,2022-11-06,21.977262362861627,24.871006469373167,6.591731276980473,72.62171170294704
round_1,AL,2022-11-13,21.97669545396304,25.017308839195543,6.463008640750962,71.25261748623018
round_1,AL,2022-11-20,22.15171779191404,25.188712045547437,6.648657067387786,71.57172073428077
round_1,AL,2022-11-27,22.29091601410079,25.317354051284077,6.656907223868315,71.10540361204461
round_1,AL,2022-12-04,23.096184916643715,26.256949833270536,6.404565562180576,68.45643470675688
round_1,AL,2022-12-11,23.128477337306578,26.04510766205154,6.7119966684098555,68.91956859348525
round_1,AL,2022-12-18,23.115885504007174,25.939501869222624,6.854793421427581,69.81077919553505
round_1,AL,2022-12-25,23.073950444564847,25.994830716055905,6.530570156085279,69.69229971383159
round_1,AL,2023-01-01,23.299219731483543,26.19435955709519,6.667753741979698,72.40615680418644
round_1,AL,2023-01-08,23.303142105942207,26.14890053562473,6.848389468158426,73.37256984140097
round_1,AL,2023-01-15,23.273371267369136,26.072750022273365,6.846198673252456,74.1394530464752
round_1,AL,2023-01-22,23.313422707006403,26.201244897544708,6.810504049811132,73.84108273924478
round_1,AL,2023-01-29,23.40685398840394,26.366593160229776,6.829822146217394,73.38241474685186
round_1,AL,2023-02-05,23.465024171345117,26.39340427280688,6.888285712604124,73.7780217154954
round_1,AL,2023-02-12,23.447953380264263,26.266846987556,6.96295018389972,74.33527406798049
round_1,AL,2023-02-19,23.336758315638832,26.14974994111635,6.934404744394617,76.18572603783363
round_1,AL,2023-02-26,23.501140836461904,26.394839042363383,6.873593875574544,74.83960822656657
round_1,AL,2023-03-05,23.54708535838913,26.45766402946739,6.808374864388941,74.91028802628611
round_1,AL,2023-03-12,23.45634539999099,26.373090723239915,6.863923940419471,75.25726700353506
round_1,AL,2023-03-19,23.38636774104597,26.097209553865845,6.9454578691563595,77.96361200802741
round_1,AL,2023-03-26,23.426813709257367,26.12132244291928,6.917127954852397,78.17381019487658
round_1,AL,2023-04-02,23.323740498524977,26.029986384409764,6.941369842325078,77.46931779816721
round_1,AL,2023-04-09,23.308240655092863,25.988798129000124,6.930435103885145,78.42734828627208
round_1,AL,2023-04-16,23.128410771559125,25.726848628817375,6.899580523649294,79.1800803733706
round_1,AL,2023-04-23,22.92562995464209,25.375024443921184,6.922965277953265,80.1238823983207
round_1,AL,2023-04-30,22.777376968437665,25.03985627705279,6.914871824735759,81.72175000058837
round_1,AL,2023-05-07,22.620121868010308,24.9396655842732,6.928510252984415,81.26857642304813
round_1,AL,2023-05-14,22.49234099390684,24.783844927832053,6.887407048513716,81.80411229061646
round_1,AL,2023-05-21,22.26460952979537,24.44015531510964,6.970927910100478,82.97096625657636
round_1,AL,2023-05-28,22.169683603452967,24.273496554265726,6.930828046580873,83.5346812293627
round_1,AL,2023-06-04,21.79481866481372,23.91440817565949,6.982673102130922,83.64525131566737
round_1,AL,2023-06-11,21.64118597205395,23.57184256194592,6.996167482438867,83.36417747764136
round_1,AL,2023-06-18,21.46172000415372,23.407719177096546,7.0,83.39956300448598
round_1,AL,2023-06-25,21.09940432075551,23.063398505770017,7.0,83.42204185856721
round_1,AL,2023-07-02,20.928255182374816,22.921142809859393,6.995213795757007,83.72985979470032
round_1,AL,2023-07-09,20.81892410830271,22.834279558599427,6.9968869576075505,83.54672329889138
round_1,AL,2023-07-16,20.595166377376675,22.77755814677643,6.97136294823317,81.84808533248965
round_1,AL,2023-07-23,20.626131964303497,22.68353218824347,6.990770485401248,81.45023729475336
round_1,AL,2023-07-30,20.346030015080004,22.507884360954733,6.973858860659169,81.10999951448073
round_1,AL,2023-08-06,20.340763079145496,22.666324422728863,6.949777808373899,79.83059126698225
round_1,AL,2023-08-13,20.294148123106613,22.561764317642233,6.964060354178888,79.85810628967334
round_1,AL,2023-08-20,20.57841778977131,22.832781519594445,6.987945848140275,80.01696146090727
round_1,AL,2023-08-27,20.665390025616023,23.07722387126624,6.977462146614805,78.82683954758147
round_1,AL,2023-09-03,20.765461286113624,23.22975708349813,6.906331387374889,78.08212037646064
round_1,AL,2023-09-10,20.92127167395893,23.249808032772616,6.960749156743814,78.5657496154947
round_1,AL,2023-09-17,21.037245080862508,23.620216865223515,6.849001778978138,77.1616565340018
round_1,AL,2023-09-24,21.433619827009466,24.12542433743814,6.797303719675405,75.91698341854763
round_1,AL,2023-10-01,21.808892879813747,24.50186858748512,6.800341217310134,74.72717963988559
round_1,AM,2022-06-26,23.03177211214854,25.43884236052112,6.890156661935552,86.84914574129215
round_1,AM,2022-07-03,22.205693959376553,24.58146454774972,6.928922989582011,90.77644905752814
round_1,AM,2022-07-10,22.21154219661094,24.612599150472068,6.919381893254745,90.23802854962348
round_1,AM,2022-07-17,22.164713613555826,24.764881247897225,6.878291277236024,88.82808356101663
round_1,AM,2022-07-24,22.338247763961657,25.041242684203915,6.850886555988652,87.72001675209412
round_1,AM,2022-07-31,22.37355915070521,25.268514339941145,6.608718096109502,86.51106740183515
round_1,AM,2022-08-07,22.484751839120065,25.470423696810222,6.6732275401356596,84.0095281211707
round_1,AM,2022-08-14,22.567297811887972,25.424559189134715,6.881930540881846,85.34081695036836
round_1,AM,2022-08-21,22.702587082723262,25.66918150929091,6.774221368706857,84.34188427633275
round_1,AM,2022-08-28,22.76136367556537,25.685876225121905,6.942752759405487,84.80047957122609
round_1,AM,2022-09-04,23.0582741506704,25.89105231274708,6.927015643306493,84.65867434633627
round_1,AM,2022-09-11,23.3645852879555,26.31001817912474,6.726435866499098,82.68952984246273
round_1,AM,2022-09-18,23.382782940054927,26.296432373930724,6.988536748122167,83.69068845528662
round_1,AM,2022-09-25,23.51822269356215,26.389942817707208,6.8028141766665735,83.38075328905181
round_1,AM,2022-10-02,24.112579510002156,27.067120791599372,6.9653547948898575,82.22449100708137
round_1,AM,2022-10-09,24.140960399524175,26.936064412610676,6.92714499306825,83.45498073294937
round_1,AM,2022-10-16,23.921199944562147,26.57686697449235,6.964489798597224,85.15004912305724
round_1,AM,2022-10-23,24.025190937226142,26.76060788983738,6.984042638006456,84.57436562066432
round_1,AM,2022-10-30,24.075975193032512,26.638820330837536,6.990335538625113,85.48719258419733
round_1,AM,2022-11-06,24.6264374694547,27.05699932585151,6.9947396045620645,84.35741783090744
round_1,AM,2022-11-13,24.66119917076342,27.05275335824822,6.99881686724259,84.54911436026623
round_1,AM,2022-11-20,24.662009784039995,27.1016723032614,6.996154626585812,84.18828988389099
round_1,AM,2022-11-27,24.710617093973287,27.081671442430213,6.993038978096073,84.47258962640014
round_1,AM,2022-12-04,24.85370603274908,27.23573489051715,6.986010483536293,84.73343289056594
round_1,AM,2022-12-11,24.572431897305577,26.710116443446765,6.999776483022681,86.77119146269872
round_1,AM,2022-12-18,24.399805860868938,26.453460464244785,7.0,87.55084140895922
round_1,AM,2022-12-25,24.325405061461858,26.366214944041783,6.739130434782608,87.91610939359849
round_1,AM,2023-01-01,23.665998783750343,25.6995791212791,6.999650171119564,88.10472691320484
round_1,AM,2023-01-08,23.66839264234341,25.76296218637997,6.997948553222361,87.5588792765106
round_1,AM,2023-01-15,23.571400094693697,25.57759134236127,7.0,88.48937745087954
round_1,AM,2023-01-22,23.695276230064795,25.837743051157585,6.998091504981309,87.16380324153127
round_1,AM,2023-01-29,23.735836250934952,25.71082639211986,6.9994811522195475,88.01695327698629
round_1,AM,2023-02-05,23.697804012327737,25.74869214128012,6.997201650654675,87.32863575569922
round_1,AM,2023-02-12,23.637478404088363,25.693301491666674,6.999665070940452,87.62605676725245
round_1,AM,2023-02-19,23.654116782480735,25.61858685144861,6.999481866525614,88.28869942162021
round_1,AM,2023-02-26,23.52122363855405,25.500887810014007,7.0,89.11776569003527
round_1,AM,2023-03-05,23.54141073775706,25.50989816978876,7.0,89.3132234394163
round_1,AM,2023-03-12,23.71350901767529,25.79266744215374,7.0,87.92258627461109
round_1,AM,2023-03-19,23.573573388098655,25.570538111614,7.0,89.15111480130888
round_1,AM,2023-03-26,23.542153153318207,25.51470722919605,7.0,89.47756674546373
round_1,AM,2023-04-02,23.60898450797411,25.623026269683773,6.999112037075342,89.35513989653708
round_1,AM,2023-04-09,23.641446553143677,25.681015612942097,6.998463014559933,89.12416790604897
round_1,AM,2023-04-16,23.465842292915944,25.41301847743101,7.0,90.1990418570208
round_1,AM,2023-04-23,23.432902716818425,25.34618019915057,6.99953043933807,90.42256129761408
round_1,AM,2023-04-30,23.377958236749045,25.347085457905457,6.998576548981758,90.2437313431172
round_1,AM,2023-05-07,23.41195819059582,25.37658695949926,6.975723936118582,89.76864855884827
round_1,AM,2023-05-14,23.4506586853104,25.509846997179608,6.985805450714652,89.44476091111959
round_1,AM,2023-05-21,23.416133251133473,25.51187500077697,6.998801565453052,89.04734485785163
round_1,AM,2023-05-28,23.264546039217567,25.387778566667443,6.9912554349637,89.22303221586066
round_1,AM,2023-06-04,23.17176026149472,25.368386692275493,6.994925187405742,88.6665147063654
round_1,AM,2023-06-11,23.084174867486308,25.33241467239087,6.992087199104104,88.66560718436061
round_1,AM,2023-06-18,23.01866776343884,25.34322931168709,6.965738007746861,87.6383711877195
round_1,AM,2023-06-25,23.03177211214854,25.43884236052112,6.890156661935552,86.84914574129215
round_1,AM,2023-07-02,23.04279017476438,25.41856076313754,6.928922989582011,87.50130746209815
round_1,AM,2023-07-09,23.04863841199876,25.449695365859892,6.919381893254745,86.96288695419346
round_1,AM,2023-07-16,23.00180982894365,25.60197746328505,6.878291277236024,85.55294196558664
round_1,AM,2023-07-23,23.17534397934948,25.87833889959174,6.850886555988652,84.44487515666414
round_1,AM,2023-07-30,23.210655366093032,26.105610555328976,6.608718096109502,83.23592580640513
round_1,AM,2023-08-06,23.559622263577733,26.545294121267897,6.6732275401356596,81.52326787111039
round_1,AM,2023-08-13,23.642168236345643,26.499429613592387,6.881930540881846,82.85455670030804
round_1,AM,2023-08-20,23.777457507180937,26.74405193374859,6.774221368706857,81.85562402627242
round_1,AM,2023-08-27,23.83623410002305,26.760746649579573,6.942752759405487,82.31421932116577
round_1,AM,2023-09-03,23.74624784652661,26.57902600860329,6.927015643306493,83.70030236245562
round_1,AM,2023-09-10,24.05255898381171,26.997991874980947,6.726435866499098,81.73115785858208
round_1,AM,2023-09-17,24.07075663591113,26.98440606978693,6.988536748122167,82.73231647140597
round_1,AM,2023-09-24,24.20619638941836,27.077916513563416,6.8028141766665735,82.42238130517116
round_1,AM,2023-10-01,24.39434152426468,27.348882805861894,6.9653547948898575,81.26799687165244
round_1,AP,2022-06-26,23.153749499955794,25.39193830627945,7.0,87.30914205580147
round_1,AP,2022-07-03,22.390955170057207,24.67926745701973,7.0,89.34247601777382
round_1,AP,2022-07-10,22.494972100324084,24.77581752037296,7.0,88.84236310481666
round_1,AP,2022-07-17,22.579906726662426,25.000064212759973,7.0,87.54730946224241
round_1,AP,2022-07-24,22.61390645151102,25.075837575753315,6.998935320869639,87.1733072279484
round_1,AP,2022-07-31,22.792705980231673,25.36137022448179,7.0,85.81953326898046
round_1,AP,2022-08-07,22.75886749989637,25.383320060086685,6.998935320869639,86.26702471269206
round_1,AP,2022-08-14,22.86835038344651,25.60844959452907,6.989047404400087,85.20056688964299
round_1,AP,2022-08-21,23.06937502610788,25.9196134958077,6.998264704334137,83.27554204932392
round_1,AP,2022-08-28,23.119642072263495,26.160803104502502,6.996587063993579,80.88752613160645
round_1,AP,2022-09-04,23.31244757285523,26.44964587213988,6.999221343133499,80.77168325432892
round_1,AP,2022-09-11,23.395853063215423,26.60919694037768,6.909470769200943,79.79873106721631
round_1,AP,2022-09-18,23.530026660754267,26.85042664640283,6.987287028949511,78.19646077597648
round_1,AP,2022-09-25,23.592741752346036,27.10403005966572,6.860816888603035,76.00929993553783
round_1,AP,2022-10-02,24.13873594784387,27.711245582071275,6.98381841018512,69.20932962783195
round_1,AP,2022-10-09,24.250034466946595,27.781927735213547,6.97775304741928,69.00276167352807
round_1,AP,2022-10-16,24.180380488690503,27.755372872836663,6.917347456013721,69.11713506581928
round_1,AP,2022-10-23,24.215421347277243,27.82511768690159,6.915540866128392,68.99448788532088
round_1,AP,2022-10-30,24.285104768083063,27.74574975815655,6.971211112384825,70.23763392475267
round_1,AP,2022-11-06,25.248198809152477,28.613938944762698,6.977957405395388,63.46605084184196
round_1,AP,2022-11-13,25.26172166091111,28.603781615432727,6.946007225006924,63.60170908727648
round_1,AP,2022-11-20,25.169318158695905,28.463292047924316,6.890180356903935,64.32629063949183
round_1,AP,2022-11-27,25.158031479376305,28.24646588445056,6.957926716756351,66.1164210965901
round_1,AP,2022-12-04,26.32012589040722,29.20602987629835,6.977413258605719,63.76375131946502
round_1,AP,2022-12-11,26.10735516960664,28.659330938186105,6.997298766288757,66.99599216161826
round_1,AP,2022-12-18,25.85279014693395,28.130002498463035,6.969219777478623,70.28282975749087
round_1,AP,2022-12-25,25.793064339891135,27.997966078291803,6.7391304347826075,70.72447476990082
round_1,AP,2023-01-01,23.43846051714035,25.406739851866057,7.0,86.56138949240726
round_1,AP,2023-01-08,23.27972464163267,25.241157259527828,7.0,86.86873698879108
round_1,AP,2023-01-15,23.199649129517024,25.083043607750277,7.0,87.85079357508971
round_1,AP,2023-01-22,23.157292162950483,25.01216112441539,7.0,87.94772757206113
round_1,AP,2023-01-29,23.197009570663088,24.95616969288776,6.998585867701324,88.73341611839662
round_1,AP,2023-02-05,23.12957701333586,24.891094026672643,7.0,88.2104000022218
round_1,AP,2023-02-12,22.984833839959336,24.702653369253913,7.0,89.40455274389484
round_1,AP,2023-02-19,23.032029135947095,24.719174333863048,7.0,89.97348679066631
round_1,AP,2023-02-26,23.077277230160384,24.872857411517945,6.99898161126661,88.9458366567568
round_1,AP,2023-03-05,22.951231289633995,24.71372191298359,7.0,90.00807441985661
round_1,AP,2023-03-12,23.115752813517883,25.01913600233554,7.0,87.78569895319679
round_1,AP,2023-03-19,23.08932462499183,25.00480042188388,7.0,88.33647358602731
round_1,AP,2023-03-26,23.095445972154614,24.934474213896227,7.0,89.39367061498405
round_1,AP,2023-04-02,23.171581621177335,24.97219937666172,7.0,89.97571308874306
round_1,AP,2023-04-09,23.16916989154815,25.028426810407822,7.0,89.64515580568253
round_1,AP,2023-04-16,23.139330462562512,24.958390944006084,7.0,90.54340855732792
round_1,AP,2023-04-23,23.188641563232288,24.98620175596411,7.0,90.97286312859582
round_1,AP,2023-04-30,23.133844369227212,24.927734353829894,7.0,91.67138106039312
round_1,AP,2023-05-07,23.223346038705643,24.99294553668575,7.0,91.48606993508557
round_1,AP,2023-05-14,23.368364538879035,25.256257546649277,7.0,90.14999740727472
round_1,AP,2023-05-21,23.40987764643469,25.417995012805505,7.0,89.03540557506088
round_1,AP,2023-05-28,23.276066076754848,25.334301729144546,7.0,89.09798719857244
round_1,AP,2023-06-04,23.19829318245898,25.33652450249746,7.0,88.38164762310309
round_1,AP,2023-06-11,23.099818857124284,25.17485536493526,7.0,89.10983729092685
round_1,AP,2023-06-18,23.13865755469784,25.379177664001215,7.0,87.53494014456628
round_1,AP,2023-06-25,23.153749499955794,25.39193830627945,7.0,87.30914205580147
round_1,AP,2023-07-02,23.026435033541453,25.314747320503983,7.0,87.55890732182294
round_1,AP,2023-07-09,23.13045196380833,25.41129738385721,7.0,87.05879440886577
round_1,AP,2023-07-16,23.21538659014667,25.63554407624422,7.0,85.76374076629153
round_1,AP,2023-07-23,23.249386314995267,25.71131743923756,6.998935320869639,85.38973853199751
round_1,AP,2023-07-30,23.428185843715926,25.996850087966035,7.0,84.03596457302959
round_1,AP,2023-08-06,23.55507756636686,26.179530126557182,6.998935320869639,82.71764644047809
round_1,AP,2023-08-13,23.664560449917012,26.404659660999567,6.989047404400087,81.65118861742901
round_1,AP,2023-08-20,23.86558509257838,26.715823562278192,6.998264704334137,79.72616377710993
round_1,AP,2023-08-27,23.915852138733996,26.957013170973006,6.996587063993579,77.33814785939246
round_1,AP,2023-09-03,24.030989313642216,27.16818761292686,6.999221343133499,75.801090359685
round_1,AP,2023-09-10,24.11439480400241,27.327738681164668,6.909470769200943,74.8281381725724
round_1,AP,2023-09-17,24.248568401541252,27.568968387189816,6.987287028949511,73.22586788133258
round_1,AP,2023-09-24,24.311283493133026,27.822571800452707,6.860816888603035,71.03870704089393
round_1,AP,2023-10-01,24.41124707686857,27.98375671109597,6.98381841018512,70.31952923667328
round_1,BA,2022-06-26,19.512063372799982,22.079299386618125,6.438817676933651,77.15698853078337
round_1,BA,2022-07-03,19.500622857653145,22.262651306842905,6.261022481376189,75.83024491724328
round_1,BA,2022-07-10,19.415372038406044,22.225203332967585,6.292518496930709,75.68730192048824
round_1,BA,2022-07-17,19.36351043311705,22.24814122482884,6.2096992836721085,74.86012768625784
round_1,BA,2022-07-24,19.228039301177887,22.135494927817152,6.26546797961709,74.31757018627866
round_1,BA,2022-07-31,19.07009469413744,21.994177840031146,6.220516130161823,73.60517884578938
round_1,BA,2022-08-07,18.071784244148738,21.25687010272298,6.12697282932128,74.22101303127717
round_1,BA,2022-08-14,18.074438040469463,21.135678460321355,6.196973994561693,73.96154828086908
round_1,BA,2022-08-21,18.36760810300259,21.43795340658873,6.328830862960691,75.04572554461018
round_1,BA,2022-08-28,18.52578179193676,21.89137688659168,6.097282037764316,72.69733234333479
round_1,BA,2022-09-04,17.675511353183047,21.108528297283293,6.082981448884786,72.25576592813032
round_1,BA,2022-09-11,17.835242763862624,21.25114053418548,6.1496559355794504,71.74524045803146
round_1,BA,2022-09-18,18.179763627446896,21.786529952145717,6.049602950488249,70.52453829059363
round_1,BA,2022-09-25,18.73737116346751,22.27557902903793,6.209435339387534,70.94766280982036
round_1,BA,2022-10-02,19.18482060367037,22.88053594440777,6.034418521772992,67.1932131169059
round_1,BA,2022-10-09,19.24057638069479,22.724516566704185,6.275237528001364,67.58515167210838
round_1,BA,2022-10-16,19.462748579639623,22.917646623121435,6.321841266672877,68.25820240217395
round_1,BA,2022-10-23,19.836762286945927,23.35660413176134,6.366732188744591,67.96168791438353
round_1,BA,2022-10-30,20.229769591037485,23.59420860042396,6.547495412595638,69.16240172047979
round_1,BA,2022-11-06,21.093942612030627,24.244924335511765,6.5586765732336545,67.23330160183205
round_1,BA,2022-11-13,21.25520020035388,24.540385013310193,6.564621160816032,66.78390413416228
round_1,BA,2022-11-20,21.357162522728196,24.66789240932974,6.601232460131719,66.1756858816009
round_1,BA,2022-11-27,21.382744710850503,24.447874443177753,6.6641973516110715,68.57968196684409
round_1,BA,2022-12-04,21.9758853118218,25.228185771556507,6.629065447906255,69.4055007508929
round_1,BA,2022-12-11,21.851212073608178,24.972287974214975,6.733730467513148,69.84509141148801
round_1,BA,2022-12-18,21.72699132731009,24.974086474671687,6.600107359105449,69.14578736216389
round_1,BA,2022-12-25,21.895621077186256,25.160690816000717,6.4177557194439565,68.50188639823554
round_1,BA,2023-01-01,22.285258070680012,25.572907447216274,6.696441852389135,72.03747256463762
round_1,BA,2023-01-08,22.309826565014255,25.510671904352165,6.835642399558474,73.0814537126244
round_1,BA,2023-01-15,22.262669738080906,25.492153751848797,6.713052926557674,73.02500293854077
round_1,BA,2023-01-22,22.37765181588749,25.614282077501255,6.799460784356213,73.23870468571037
round_1,BA,2023-01-29,22.39449742240569,25.792804128525056,6.75115055307565,71.99423769661959
round_1,BA,2023-02-05,22.5059047963004,25.689163000735466,6.856543724015276,73.54438532846639
round_1,BA,2023-02-12,22.3770106639162,25.595159771773037,6.845524022491908,73.6590318311754
round_1,BA,2023-02-19,22.456555421005035,25.65608947409789,6.904480410056013,74.3622185155792
round_1,BA,2023-02-26,22.49785279014022,25.783767814613523,6.805761566670707,73.67533285954241
round_1,BA,2023-03-05,22.61286104375484,25.917272690859388,6.745166692455541,73.61902525439108
round_1,BA,2023-03-12,22.503430842957467,25.708580630356195,6.82390480082758,74.51551103283111
round_1,BA,2023-03-19,22.46685281574196,25.57724335971717,6.832514015187335,75.23063293486858
round_1,BA,2023-03-26,22.406038175604607,25.38922329457039,6.833012207074177,76.35520740683926
round_1,BA,2023-04-02,22.23434240888121,25.34947736467247,6.668139888725102,75.33635318536203
round_1,BA,2023-04-09,22.269202610842388,25.244145730476543,6.743190288928608,76.27663931335867
round_1,BA,2023-04-16,22.059016832962453,24.772828378975287,6.863166573758649,78.16358556612954
round_1,BA,2023-04-23,21.774462232543097,24.591632003490453,6.663451975490279,76.79601920119144
round_1,BA,2023-04-30,21.43829952484312,24.201236226519153,6.622474702389767,77.01255449582975
round_1,BA,2023-05-07,21.278486810859604,24.089624333069995,6.540279768523844,76.65609275953518
round_1,BA,2023-05-14,21.006330451004448,23.80655482430795,6.423217901992449,76.364251906676
round_1,BA,2023-05-21,20.815063515095325,23.483289819261184,6.4127781890684155,77.24585482519727
round_1,BA,2023-05-28,20.64486483085475,23.4605908932243,6.3503347886759585,76.9373161029716
round_1,BA,2023-06-04,20.361729406940555,23.1189641981181,6.287499151747862,76.79617444074681
round_1,BA,2023-06-11,19.998569506416217,22.58072876285965,6.396336105498652,77.17011004832932
round_1,BA,2023-06-18,19.8336635201295,22.533355945141313,6.351685736946091,76.58703341543122
round_1,BA,2023-06-25,19.512063372799982,22.079299386618125,6.438817676933651,77.15698853078337
round_1,BA,2023-07-02,19.23981137984021,22.001839829029976,6.261022481376189,76.05314496850927
round_1,BA,2023-07-09,19.15456056059311,21.964391855154656,6.292518496930709,75.91020197175425
round_1,BA,2023-07-16,19.102698955304113,21.98732974701591,6.2096992836721085,75.08302773752385
round_1,BA,2023-07-23,18.96722782336496,21.874683450004223,6.26546797961709,74.54047023754468
round_1,BA,2023-07-30,18.809283216324513,21.73336636221821,6.220516130161823,73.8280788970554
round_1,BA,2023-08-06,18.812936171563912,21.998022030138156,6.12697282932128,72.84725217847227
round_1,BA,2023-08-13,18.81558996788464,21.876830387736533,6.196973994561693,72.58778742806417
round_1,BA,2023-08-20,19.108760030417766,22.179105334003903,6.328830862960691,73.67196469180529
round_1,BA,2023-08-27,19.266933719351936,22.632528814006857,6.097282037764316,71.32357149052989
round_1,BA,2023-09-03,19.44443046106584,22.87744740516609,6.082981448884786,70.732231285499
round_1,BA,2023-09-10,19.60416187174542,23.020059642068276,6.1496559355794504,70.22170581540014
round_1,BA,2023-09-17,19.948682735329697,23.555449060028515,6.049602950488249,69.00100364796232
round_1,BA,2023-09-24,20.50629027135031,24.04449813692073,6.209435339387534,69.42412816718905
round_1,BA,2023-10-01,20.85609711248169,24.551812453219092,6.034418521772992,68.33444889615761
round_1,CE,2022-06-26,22.463337442893124,25.564909521712284,6.389320946017386,70.62749814593728
round_1,CE,2022-07-03,22.034800732708323,25.16820692747635,6.505500783877972,77.25440503984869
round_1,CE,2022-07-10,21.984616568933426,25.169856755133793,6.2306204850906255,76.63788624229895
round_1,CE,2022-07-17,21.87433532290558,25.38574398532232,5.834590753162729,73.89425378851482
round_1,CE,2022-07-24,21.910802424941572,25.483017116813414,5.626092056317438,72.08021223850187
round_1,CE,2022-07-31,21.85858890419095,25.626347216439875,5.3333407138815385,69.69307697324017
round_1,CE,2022-08-07,22.570213737827835,26.482692579235948,4.751493396307211,59.67416267093536
round_1,CE,2022-08-14,22.667187466451377,26.63730558187517,4.719382445550974,58.50853825530496
round_1,CE,2022-08-21,22.86885134303788,26.819557717193938,4.680458930039622,58.491630702782
round_1,CE,2022-08-28,22.939470944882505,26.952360430414608,4.744664967051468,59.00908994969619
round_1,CE,2022-09-04,22.908157418343997,26.86810366447612,4.809463718480449,56.020656718857715
round_1,CE,2022-09-11,23.05077316718201,27.074244489773957,4.351314133825336,54.93527778913705
round_1,CE,2022-09-18,23.19461013903916,27.177770904566476,4.750047745526466,55.95527113398913
round_1,CE,2022-09-25,23.449921989717655,27.326177502090214,5.278405709588169,56.325160998399966
round_1,CE,2022-10-02,23.5452371518083,27.44217488421444,5.020019896388677,55.74988548284493
round_1,CE,2022-10-09,23.706075325207276,27.4915253827682,5.498473496662267,55.982578914907414
round_1,CE,2022-10-16,23.827930112098645,27.4773377051721,5.62360077066066,57.37988319491184
round_1,CE,2022-10-23,23.90970558055812,27.582514452435376,5.771814051261277,57.111897995063366
round_1,CE,2022-10-30,23.985636690071537,27.56454939975547,6.037279006770644,57.88985646827507
round_1,CE,2022-11-06,24.29755742071227,27.82735722046465,6.059417267614931,57.63936054438632
round_1,CE,2022-11-13,24.323674921392097,27.91132483060063,6.152267638862881,57.185670441865895
round_1,CE,2022-11-20,24.45604613815762,27.991325159008472,6.1608706755725215,57.93974759517365
round_1,CE,2022-11-27,24.53477876857574,27.954165481862685,6.5019817237814195,58.72997370673353
round_1,CE,2022-12-04,25.09110971537625,28.489205914227956,6.556439670035649,56.88159598747102
round_1,CE,2022-12-11,24.966984944028017,28.208896553258334,6.784849972727771,58.36396215883678
round_1,CE,2022-12-18,24.994860389907565,28.19974037955776,6.781635001025332,59.263160806625415
round_1,CE,2022-12-25,24.890015922448264,28.073804813211552,6.521620462562844,60.10556003475008
round_1,CE,2023-01-01,24.01943585122338,27.098951016853913,6.854541568345142,70.90716187979861
round_1,CE,2023-01-08,23.832123905708475,26.814956905141376,6.9531469755209825,72.66283208224182
round_1,CE,2023-01-15,23.752246704535175,26.60546928017433,6.89078061056473,74.36652870462231
round_1,CE,2023-01-22,23.547854021756415,26.30240659555035,6.939677726429774,76.82432766054258
round_1,CE,2023-01-29,23.59694333305553,26.49298407492504,6.890123147961716,75.43083641518413
round_1,CE,2023-02-05,23.61521169599622,26.41520971373515,6.945300922078166,76.69333708103326
round_1,CE,2023-02-12,23.410727880385263,26.044974622254188,6.962232174287181,79.066937202368
round_1,CE,2023-02-19,23.27398579379894,25.849695672273125,6.966942314992997,80.77775725318725
round_1,CE,2023-02-26,23.363147609082215,26.02463774947905,6.945528346160516,79.78051202527013
round_1,CE,2023-03-05,23.375614478684906,26.000743940349015,6.95761357455381,80.27001494683014
round_1,CE,2023-03-12,23.2967544515098,25.860665624963772,6.993530147690605,81.16649509322784
round_1,CE,2023-03-19,23.191717070352535,25.662836346146864,6.998316851642757,82.57844746588535
round_1,CE,2023-03-26,23.197222035346385,25.571479103318985,6.98677403927855,83.41793003697116
round_1,CE,2023-04-02,23.25606474206699,25.73815992628477,6.953861323462087,82.3645438404542
round_1,CE,2023-04-09,23.20085068472533,25.680571798537816,6.9775455131019966,82.69931803584507
round_1,CE,2023-04-16,23.15044752092043,25.625860911751396,6.9876144243392355,82.6634531858908
round_1,CE,2023-04-23,23.16428161346619,25.708312628574344,6.944163309132367,81.55669362200402
round_1,CE,2023-04-30,23.09234258954736,25.66883893377612,6.858428609590244,81.05142115949612
round_1,CE,2023-05-07,23.191248449168945,25.851714842307658,6.821291419792179,79.41368200248668
round_1,CE,2023-05-14,23.184686610896584,25.98170705349498,6.806929347181102,77.82211268553212
round_1,CE,2023-05-21,23.143517959270365,25.96199099516396,6.768779831028733,77.4100886562246
round_1,CE,2023-05-28,23.05543937065088,25.867542870368233,6.798858036805784,76.77004700592173
round_1,CE,2023-06-04,22.80839473935981,25.76140452736005,6.734571426979237,75.03321028397085
round_1,CE,2023-06-11,22.719640826199385,25.672448724006095,6.621616701478974,73.30735580828518
round_1,CE,2023-06-18,22.595197848949784,25.62037072388111,6.661339948375301,72.77515022028153
round_1,CE,2023-06-25,22.463337442893124,25.564909521712284,6.389320946017386,70.62749814593728
round_1,CE,2023-07-02,22.53129602562334,25.664702220391376,6.505500783877972,70.11068743118267
round_1,CE,2023-07-09,22.481111861848447,25.666352048048815,6.2306204850906255,69.49416863363292
round_1,CE,2023-07-16,22.3708306158206,25.88223927823734,5.834590753162729,66.7505361798488
round_1,CE,2023-07-23,22.40729771785659,25.979512409728432,5.626092056317438,64.93649462983585
round_1,CE,2023-07-30,22.355084197105967,26.122842509354893,5.3333407138815385,62.54935936457414
round_1,CE,2023-08-06,22.38736003164427,26.29983887305239,4.751493396307211,62.020300675201625
round_1,CE,2023-08-13,22.484333760267813,26.45445187569161,4.719382445550974,60.85467625957122
round_1,CE,2023-08-20,22.68599763685432,26.63670401101038,4.680458930039622,60.83776870704826
round_1,CE,2023-08-27,22.756617238698944,26.769506724231046,4.744664967051468,61.35522795396244
round_1,CE,2023-09-03,22.876149119725063,26.836095365857187,4.809463718480449,61.018236977001386
round_1,CE,2023-09-10,23.01876486856308,27.04223619115502,4.351314133825336,59.93285804728074
round_1,CE,2023-09-17,23.162601840420223,27.145762605947542,4.750047745526466,60.95285139213281
round_1,CE,2023-09-24,23.41791369109872,27.294169203471284,5.278405709588169,61.32274125654365
round_1,CE,2023-10-01,23.580169717812264,27.477107450218412,5.020019896388677,60.91778191016517
round_1,DF,2022-06-26,15.001387012987012,19.825275324675324,1.5,55.96505454545455
round_1,DF,2022-07-03,15.284130585284908,20.279814351518674,1.4545454545454546,54.270340169882594
round_1,DF,2022-07-10,15.68165071515504,20.764576689181013,1.5909090909090908,53.4485979620904
round_1,DF,2022-07-17,15.974083182687506,21.088993572297895,1.5909090909090908,52.2889388711813
round_1,DF,2022-07-24,15.930137078791402,21.06169162424595,1.8181818181818177,50.54591614390858
round_1,DF,2022-07-31,15.987552663206984,21.203274741129064,1.2727272727272727,48.683737572480005
round_1,DF,2022-08-07,14.590107379459084,20.120746340498044,0.4545454545454544,44.971609899688765
round_1,DF,2022-08-14,14.588232704134406,20.005244392446095,1.318181818181818,44.45656639319527
round_1,DF,2022-08-21,15.093954132705836,20.52488400283571,1.8181818181818177,44.892941717870585
round_1,DF,2022-08-28,16.213995691147396,21.64051062621233,2.409090909090909,44.238719639948506
round_1,DF,2022-09-04,16.309772661372705,21.755579804229846,2.5454545454545454,36.63019076807957
round_1,DF,2022-09-11,16.717271362671404,22.444362271762312,1.5454545454545454,32.97499076807957
round_1,DF,2022-09-18,17.520421362671406,22.974639544489587,2.9545454545454546,36.023403105741906
round_1,DF,2022-09-25,17.59807720682725,22.61586551851556,4.5,45.25835050833931
round_1,DF,2022-10-02,20.616801547504192,25.643090508543153,5.2272727272727275,32.42011166230184
round_1,DF,2022-10-09,20.623615833218476,25.57787297607562,4.409090909090909,32.10399607788625
round_1,DF,2022-10-16,20.807197651400298,25.662616482569124,4.090909090909091,33.45961945450963
round_1,DF,2022-10-23,20.930828820231465,25.357180768283413,5.909090909090909,39.708616207756386
round_1,DF,2022-10-30,20.505207391660036,24.36326063841328,6.5,49.586256467496646
round_1,DF,2022-11-06,21.118303006279984,24.477151058228035,6.954545454545454,55.711880534394865
round_1,DF,2022-11-13,21.12044586342284,24.76307833095531,6.590909090909091,54.43127988504422
round_1,DF,2022-11-20,21.17872313615011,24.593788071215045,6.7272727272727275,56.69080131361564
round_1,DF,2022-11-27,20.959130279007255,24.177149759526735,7.0,59.275503911018255
round_1,DF,2022-12-04,20.18915552267977,23.49722370449795,6.7272727272727275,72.19301665789143
round_1,DF,2022-12-11,19.976104223978467,22.92388019800444,6.863636363636363,74.99398808646286
round_1,DF,2022-12-18,19.991965912290155,23.65458669151094,6.681818181818182,69.01610237217714
round_1,DF,2022-12-25,20.04809595181585,23.36274750461088,6.565217391304348,72.03352803564411
round_1,DF,2023-01-01,18.89293354037267,22.343210559006213,6.7391304347826075,77.75736583850932
round_1,DF,2023-01-08,18.84657453416149,22.206847204968945,6.913043478260869,78.22845900621118
round_1,DF,2023-01-15,18.919519254658383,22.6056701863354,6.565217391304348,74.5581403726708
round_1,DF,2023-01-22,18.954850310559003,22.514945341614908,6.434782608695652,76.86024720496894
round_1,DF,2023-01-29,18.990419254658384,22.482725465838502,6.782608695652174,77.47975403726709
round_1,DF,2023-02-05,18.827223602484473,22.216294409937888,6.8695652173913055,78.53535776397516
round_1,DF,2023-02-12,18.788557142857144,22.386106832298136,6.913043478260869,76.78973043478261
round_1,DF,2023-02-19,18.73494285714286,22.283178260869565,7.0,78.76651366459627
round_1,DF,2023-02-26,18.76290248447205,22.27301614906832,6.8695652173913055,79.01467950310558
round_1,DF,2023-03-05,18.78353975155279,22.372793788819877,6.652173913043478,77.89236149068323
round_1,DF,2023-03-12,18.801761490683223,22.19533602484472,6.9565217391304355,79.72717763975156
round_1,DF,2023-03-19,18.57053850931677,22.135019254658385,6.7391304347826075,78.63246708074534
round_1,DF,2023-03-26,18.498611180124225,22.000521118012426,6.2608695652173925,78.3304801242236
round_1,DF,2023-04-02,18.418986335403726,22.254044720496896,6.1304347826086945,74.97987826086957
round_1,DF,2023-04-09,18.22123043478261,21.974188819875778,6.2608695652173925,75.96025776397516
round_1,DF,2023-04-16,18.04906645962733,21.883996273291924,6.086956521739131,73.80759440993789
round_1,DF,2023-04-23,17.791622981366462,21.8087099378882,5.652173913043478,71.18658385093168
round_1,DF,2023-04-30,17.029565838509317,21.482932919254655,4.391304347826087,66.40498633540373
round_1,DF,2023-05-07,16.90625962732919,21.46417701863354,4.0,64.1914608695652
round_1,DF,2023-05-14,16.648168322981366,21.054760869565214,4.217391304347826,65.39017267080744
round_1,DF,2023-05-21,16.577263354037267,20.935565838509316,4.217391304347826,64.57383105590063
round_1,DF,2023-05-28,16.241790683229816,20.949465838509315,3.5652173913043472,62.8200198757764
round_1,DF,2023-06-04,16.06059751552795,20.688593788819876,3.217391304347826,62.69812298136645
round_1,DF,2023-06-11,15.445750310559005,20.30409751552795,2.130434782608696,58.50071366459627
round_1,DF,2023-06-18,15.376063354037267,20.2262701863354,1.8695652173913044,57.113442236024845
round_1,DF,2023-06-25,15.001387012987012,19.825275324675324,1.5,55.96505454545455
round_1,DF,2023-07-02,14.723433116883117,19.71911688311688,1.4545454545454546,53.41006818181818
round_1,DF,2023-07-09,15.120953246753247,20.20387922077922,1.5909090909090908,52.588325974025985
round_1,DF,2023-07-16,15.413385714285718,20.528296103896103,1.5909090909090908,51.42866688311688
round_1,DF,2023-07-23,15.36943961038961,20.50099415584416,1.8181818181818177,49.68564415584415
round_1,DF,2023-07-30,15.426855194805194,20.642577272727273,1.2727272727272727,47.82346558441559
round_1,DF,2023-08-06,16.109702597402595,21.64034155844156,0.4545454545454544,44.17428376623376
round_1,DF,2023-08-13,16.10782792207792,21.52483961038961,1.318181818181818,43.659240259740265
round_1,DF,2023-08-20,16.61354935064935,22.044479220779223,1.8181818181818177,44.09561558441558
round_1,DF,2023-08-27,17.73359090909091,23.160105844155847,2.409090909090909,43.441393506493505
round_1,DF,2023-09-03,17.968835064935067,23.414642207792205,2.5454545454545454,43.49742272727273
round_1,DF,2023-09-10,18.376333766233767,24.103424675324675,1.5454545454545454,39.84222272727273
round_1,DF,2023-09-17,19.17948376623377,24.633701948051947,2.9545454545454546,42.89063506493506
round_1,DF,2023-09-24,19.25713961038961,24.274927922077925,4.5,52.12558246753246
round_1,DF,2023-10-01,19.517522077922077,24.54381103896104,5.2272727272727275,53.814775974025984
round_1,GO,2022-06-26,16.448741449976126,21.503378340381232,0.8899130245279817,52.62364124287391
round_1,GO,2022-07-03,15.753028625709293,21.04348504802148,0.6180412510573272,54.576214938891866
round_1,GO,2022-07-10,16.039287241613714,21.348343092335377,1.0717235036689174,54.23508420161198
round_1,GO,2022-07-17,16.172803533172505,21.606431867060515,1.0357632426747816,52.94804373872687
round_1,GO,2022-07-24,16.353664293355497,21.68816038947947,1.2201330924660847,51.30120936501218
round_1,GO,2022-07-31,16.511731238846572,22.008822247752057,0.7094808837613468,49.12524820832437
round_1,GO,2022-08-07,14.993578118669578,20.799407122061595,0.4377963257592748,43.70002427949499
round_1,GO,2022-08-14,15.239810084780936,20.93450629635751,1.0153014357018897,42.33813007483295
round_1,GO,2022-08-21,15.884648109205836,21.52910771230334,1.0465932864812173,41.74277474461449
round_1,GO,2022-08-28,16.729008634115157,22.32972832703163,2.271866911844475,43.54705562852201
round_1,GO,2022-09-04,17.227994153214496,22.92932177895601,2.424176014673735,33.27118975995993
round_1,GO,2022-09-11,17.992580059912232,23.88422812208798,1.600940358512969,29.89389218012232
round_1,GO,2022-09-18,18.555097527633276,24.21035409625067,2.972308771210023,33.47225079919755
round_1,GO,2022-09-25,18.422928114918964,23.54254633204761,4.563900626695454,43.02017871723914
round_1,GO,2022-10-02,21.6066542147211,26.73619214417591,5.347513527413614,31.793996005195908
round_1,GO,2022-10-09,21.73022796194752,26.745016909796412,4.7364957893235236,30.947857719327047
round_1,GO,2022-10-16,21.97021346356062,26.88186137057763,4.581398366314813,32.36686113884384
round_1,GO,2022-10-23,21.81473980487519,26.277081831766704,6.237203933547865,39.83221976736417
round_1,GO,2022-10-30,21.387072831343342,25.31056458681932,6.608498282982622,48.257873760440454
round_1,GO,2022-11-06,21.60012345066701,25.085645276260195,6.910302733707096,57.38789047361426
round_1,GO,2022-11-13,21.625326610872815,25.304899368747105,6.7516266456252545,56.77518564265325
round_1,GO,2022-11-20,21.717261574532543,25.25674296336953,6.857431416261875,58.15847848065872
round_1,GO,2022-11-27,21.560503087388355,24.89873473092504,6.907272826219678,60.392431001338245
round_1,GO,2022-12-04,20.955313143796268,24.250400472147035,6.758424429737677,72.21555230408619
round_1,GO,2022-12-11,20.67746798020182,23.56717701185637,6.953808630400429,75.47063848387462
round_1,GO,2022-12-18,20.579657692015292,24.31084823209434,6.722062662099873,70.10066749985229
round_1,GO,2022-12-25,20.69283538618745,24.076437052942794,6.635834119498113,72.5469807735116
round_1,GO,2023-01-01,20.13938455313767,23.468234948666503,6.814083861844037,79.80350652815925
round_1,GO,2023-01-08,20.072168448879932,23.321186795623472,6.8891185043115,80.1779964559074
round_1,GO,2023-01-15,20.09088967897127,23.73689033807844,6.523240400172969,77.15377285924922
round_1,GO,2023-01-22,20.200554528264657,23.702872852162145,6.698184856466573,78.72278952479135
round_1,GO,2023-01-29,20.135562708531378,23.590513162325312,6.756672113258658,79.48648217476949
round_1,GO,2023-02-05,20.08898820752773,23.4038423270743,6.7483629402933465,80.00591279220775
round_1,GO,2023-02-12,19.943562681682657,23.52014764600477,6.806494687143725,79.12732544800565
round_1,GO,2023-02-19,19.96698577018829,23.502846082311475,6.986270912491193,80.11317453249727
round_1,GO,2023-02-26,19.9467684133655,23.34920088411632,6.889209711315045,80.93543345746198
round_1,GO,2023-03-05,19.918678693425413,23.592206346259378,6.702849538600502,78.87880556243805
round_1,GO,2023-03-12,20.07076784036897,23.43543745787399,6.936230034499651,80.4921685132352
round_1,GO,2023-03-19,19.778626336639196,23.330204952814388,6.762431244294693,79.91863914992317
round_1,GO,2023-03-26,19.69406708932563,23.301525498446995,6.373016573454023,78.93861818254149
round_1,GO,2023-04-02,19.60137613584302,23.519393817529615,6.108011347807526,75.77592738452117
round_1,GO,2023-04-09,19.411102200402283,23.357986679410025,5.863740965269259,75.3525942590241
round_1,GO,2023-04-16,19.17583143181561,23.18816867896704,5.928364058579178,73.1955377624635
round_1,GO,2023-04-23,18.931140393349366,23.161978646893036,5.125294884635323,69.88120162084026
round_1,GO,2023-04-30,18.10527022525001,22.823368081535527,3.721960952098976,64.60343302425495
round_1,GO,2023-05-07,17.77245839630414,22.60426681484728,3.4802010492149607,62.43213567003801
round_1,GO,2023-05-14,17.685204086153576,22.326787496890876,3.7375924608582536,63.519882452360534
round_1,GO,2023-05-21,17.56954159181781,22.213915510170672,3.643378267585488,62.646888734972805
round_1,GO,2023-05-28,17.176463682540277,22.149809420960075,3.140721741347796,61.41583993299433
round_1,GO,2023-06-04,17.21246586548178,22.014959601431276,2.910646414366179,60.8141539978954
round_1,GO,2023-06-11,16.83288503901838,21.911468365458205,1.32830730208846,55.31704474094001
round_1,GO,2023-06-18,16.550296323188753,21.69115105504589,1.5536805340845046,55.35464664004283
round_1,GO,2023-06-25,16.448741449976126,21.503378340381232,0.8899130245279817,52.62364124287391
round_1,GO,2023-07-02,16.096713508361425,21.387169930673615,0.6180412510573272,50.72650718960398
round_1,GO,2023-07-09,16.382972124265848,21.69202797498751,1.0717235036689174,50.385376452324095
round_1,GO,2023-07-16,16.516488415824643,21.950116749712656,1.0357632426747816,49.09833598943897
round_1,GO,2023-07-23,16.69734917600763,22.03184527213161,1.2201330924660847,47.45150161572428
round_1,GO,2023-07-30,16.855416121498706,22.352507130404188,0.7094808837613468,45.27554045903649
round_1,GO,2023-08-06,17.56474709366599,23.37057609705801,0.4377963257592748,41.78471846231914
round_1,GO,2023-08-13,17.810979059777345,23.505675271353923,1.0153014357018897,40.422824257657105
round_1,GO,2023-08-20,18.45581708420224,24.100276687299747,1.0465932864812173,39.82746892743865
round_1,GO,2023-08-27,19.300177609111568,24.90089730202804,2.271866911844475,41.63174981134616
round_1,GO,2023-09-03,19.55996136072993,25.26128898647144,2.424176014673735,41.21617868460054
round_1,GO,2023-09-10,20.324547267427665,26.216195329603412,1.600940358512969,37.83888110476293
round_1,GO,2023-09-17,20.88706473514871,26.542321303766105,2.972308771210023,41.417239723838165
round_1,GO,2023-09-24,20.754895322434393,25.874513539563043,4.563900626695454,50.96516764187975
round_1,GO,2023-10-01,20.828822333973115,25.958360263427924,5.347513527413614,55.19738906987588
round_1,MA,2022-06-26,23.279827656141663,26.524869205774507,5.6782130284147385,72.0074651763402
round_1,MA,2022-07-03,22.460829790376767,25.65649039445055,5.804754192667152,77.6105228544425
round_1,MA,2022-07-10,22.507376292374385,25.823292540743164,5.683379425326483,76.078595414158
round_1,MA,2022-07-17,22.37394026378039,25.861094531437328,5.767411562964874,75.06769867342979
round_1,MA,2022-07-24,22.527134380256182,26.109610794862952,5.280057028519351,72.57660261603775
round_1,MA,2022-07-31,22.49092875054227,26.318127254139068,4.900117086300717,69.70105320722939
round_1,MA,2022-08-07,23.291860480189875,27.21775374596723,5.140047066643673,58.96982546886753
round_1,MA,2022-08-14,23.432100820427024,27.439760545978643,5.107886138193648,57.760702103532886
round_1,MA,2022-08-21,23.767414983722222,27.72585482350438,5.188565271639221,56.997041861485535
round_1,MA,2022-08-28,23.892261453831733,27.85251402094329,5.9013458700514985,58.37102061274237
round_1,MA,2022-09-04,24.51337888311045,28.50638976876476,5.804419712192647,52.12807023842388
round_1,MA,2022-09-11,24.674508793221097,28.803821277632913,5.5024510519846155,49.996021864363094
round_1,MA,2022-09-18,24.76656891648257,28.806246991149607,5.887725453887685,51.54996745202299
round_1,MA,2022-09-25,24.883742724007096,28.791656795361988,6.421949586194078,53.06863822152499
round_1,MA,2022-10-02,25.632654423000208,29.624289955854497,6.345343337367729,49.7446699675172
round_1,MA,2022-10-09,25.827188592515327,29.72908688256389,6.355190653935234,49.56012833762258
round_1,MA,2022-10-16,25.816585490711237,29.49426305028863,6.497484796727724,51.894130349553606
round_1,MA,2022-10-23,25.806063262894614,29.515754042420554,6.583371162407472,52.21118001656462
round_1,MA,2022-10-30,25.81271934709211,29.357521292291185,6.734340243222564,53.72212358391039
round_1,MA,2022-11-06,26.423808278202163,29.849105452868606,6.720849515638672,51.882374257213485
round_1,MA,2022-11-13,26.373885598398147,29.752933661531294,6.847629506618243,52.68697760612138
round_1,MA,2022-11-20,26.43465833091604,29.77329360776325,6.804409032185242,52.94691571985835
round_1,MA,2022-11-27,26.365979365832,29.55008802458708,6.846274758365318,54.72217918566311
round_1,MA,2022-12-04,26.924794166570976,30.095440743241294,6.807193586669153,53.010777652149365
round_1,MA,2022-12-11,26.68106025126927,29.596982496144943,6.989541811620187,55.99452901292118
round_1,MA,2022-12-18,26.615214030445173,29.468645988742896,6.975505004700692,57.423089413829175
round_1,MA,2022-12-25,26.4365091487778,29.19306644262828,6.714359747061268,59.121523017695274
round_1,MA,2023-01-01,23.829064011376484,26.44720276584244,6.993097937574864,80.57837208019154
round_1,MA,2023-01-08,23.637901361448336,26.186890931930805,6.99974408813325,82.00570099102099
round_1,MA,2023-01-15,23.53075231472922,25.986506229386,6.999394060865988,83.22963825128734
round_1,MA,2023-01-22,23.372920426676465,25.752287121078194,6.9999489774592805,84.84254355186717
round_1,MA,2023-01-29,23.509585388323877,26.00389108739786,6.9966134562980695,83.69256007394316
round_1,MA,2023-02-05,23.407808759338312,25.756460865404705,6.993710282404249,85.2223893968051
round_1,MA,2023-02-12,23.173715427383108,25.448129375171824,6.999929425839744,86.58774817272632
round_1,MA,2023-02-19,23.191117114995677,25.52615374847695,6.99991368418409,86.6822030125179
round_1,MA,2023-02-26,23.27721175456447,25.609471020313663,6.999858851679487,86.34414321525689
round_1,MA,2023-03-05,23.246737819138584,25.5359494606628,6.999546992196754,86.76382880000064
round_1,MA,2023-03-12,23.211688606059894,25.51508661248616,7.0,86.8654023521555
round_1,MA,2023-03-19,23.136652802148827,25.384715246027675,7.0,87.48733075629524
round_1,MA,2023-03-26,23.12364787921856,25.32940348595995,6.996959388628539,87.95872439718126
round_1,MA,2023-04-02,23.267495132909463,25.63534836873706,6.991099843832988,86.88506586495896
round_1,MA,2023-04-09,23.212275865772455,25.477408044734048,6.996502775298497,87.5252846367012
round_1,MA,2023-04-16,23.211998227356467,25.513276848457103,6.990879609335349,87.48241410562734
round_1,MA,2023-04-23,23.31400166292268,25.73253872326947,6.981328866213663,86.2081094245849
round_1,MA,2023-04-30,23.26426139812509,25.703183619176663,6.973870010091076,86.00906442596958
round_1,MA,2023-05-07,23.423271230033368,25.978482497755788,6.869327463254865,84.38924406218815
round_1,MA,2023-05-14,23.509836294575027,26.206625116758374,6.862841647127799,82.55471449695399
round_1,MA,2023-05-21,23.50106551483178,26.2218083313421,6.767438720432489,81.83148289615755
round_1,MA,2023-05-28,23.414867027841535,26.19976310548018,6.649026232394304,81.03557232725252
round_1,MA,2023-06-04,23.305791709868963,26.22622193679614,6.5292075331497985,79.00934360814028
round_1,MA,2023-06-11,23.350777159457685,26.35874793388548,6.2553146316806005,76.14940148304096
round_1,MA,2023-06-18,23.36251205036927,26.504906054562287,6.155912680162583,74.25161103750114
round_1,MA,2023-06-25,23.279827656141663,26.524869205774507,5.6782130284147385,72.0074651763402
round_1,MA,2023-07-02,23.367347470468975,26.56300807454276,5.804754192667152,71.99381358149377
round_1,MA,2023-07-09,23.41389397246659,26.729810220835372,5.683379425326483,70.46188614120928
round_1,MA,2023-07-16,23.2804579438726,26.767612211529535,5.767411562964874,69.45098940048106
round_1,MA,2023-07-23,23.43365206034839,27.01612847495516,5.280057028519351,66.95989334308902
round_1,MA,2023-07-30,23.39744643063448,27.224644934231275,4.900117086300717,64.08434393428068
round_1,MA,2023-08-06,23.553588474653772,27.47948174043112,5.140047066643673,63.613852082651405
round_1,MA,2023-08-13,23.693828814890917,27.70148854044254,5.107886138193648,62.40472871731675
round_1,MA,2023-08-20,24.02914297818612,27.98758281796828,5.188565271639221,61.6410684752694
round_1,MA,2023-08-27,24.153989448295633,28.114242015407186,5.9013458700514985,63.015047226526235
round_1,MA,2023-09-03,24.205902709725137,28.198913595379445,5.804419712192647,62.50997776539251
round_1,MA,2023-09-10,24.36703261983578,28.49634510424759,5.5024510519846155,60.37792939133171
round_1,MA,2023-09-17,24.459092743097255,28.498770817764292,5.887725453887685,61.931874978991615
round_1,MA,2023-09-24,24.57626655062178,28.484180621976673,6.421949586194078,63.45054574849362
round_1,MA,2023-10-01,24.626042784710236,28.61767831756453,6.345343337367729,62.96831634976816
round_1,MG,2022-06-26,13.61759128315813,18.228215774007193,3.80310109575598,68.73230165170293
round_1,MG,2022-07-03,13.232345403156868,17.991310053258445,3.3580473481653472,68.86774608578673
round_1,MG,2022-07-10,13.266688685903224,18.092500934441844,3.4829052193231473,68.33696942782035
round_1,MG,2022-07-17,13.183938326952422,18.08484186031211,3.535061304749687,67.74827456952015
round_1,MG,2022-07-24,13.627564438232955,18.368536862530345,3.6132299869597673,66.68779964897477
round_1,MG,2022-07-31,13.303161695097565,18.255768528602367,3.456022838112774,65.99455056181166
round_1,MG,2022-08-07,12.125025713757424,17.46423442809464,2.9136588235788548,63.19903308103201
round_1,MG,2022-08-14,12.131401075946128,17.281415750598107,3.497531711620483,62.815722086715105
round_1,MG,2022-08-21,12.542014377653576,17.784475660243842,3.631684810651673,61.845146782062855
round_1,MG,2022-08-28,13.301378205712483,18.48653723511176,4.217612861301317,62.23115997871868
round_1,MG,2022-09-04,13.067492894752526,18.388543322189093,4.026192284397311,55.57946206095792
round_1,MG,2022-09-11,13.865692970652445,19.35958245533715,3.6212003716466183,53.80357096804829
round_1,MG,2022-09-18,14.332096567818192,19.5678805279061,4.289867309415918,55.72521484573961
round_1,MG,2022-09-25,14.423600614375047,19.19067724873137,5.188141124443447,60.04505432662727
round_1,MG,2022-10-02,16.44991931901549,21.15881469681464,5.669395891011642,55.18883977869
round_1,MG,2022-10-09,16.372972376822275,20.979927309771483,5.236492791922024,53.81656633701121
round_1,MG,2022-10-16,17.03810239462801,21.714825343324954,5.297302315483262,52.84331876357603
round_1,MG,2022-10-23,17.410653857434557,21.67106323657284,6.243689007723952,57.025673398548854
round_1,MG,2022-10-30,17.362111445983192,21.10967756242159,6.6288994837249415,62.6712484748125
round_1,MG,2022-11-06,17.9528204648096,21.40467848436153,6.686703604411021,64.75006035732082
round_1,MG,2022-11-13,18.36464532036806,21.855154429089016,6.7974355742533845,65.94825691730948
round_1,MG,2022-11-20,18.338894963821986,21.677348607403008,6.734879304617454,67.64515646993863
round_1,MG,2022-11-27,18.488938413948595,21.66263671558505,6.823343274825555,68.34980892065371
round_1,MG,2022-12-04,18.413215270448234,21.601768407132663,6.851873710009785,74.3196165395785
round_1,MG,2022-12-11,18.39336573141747,21.390856041872325,6.886887438580315,75.94948913149541
round_1,MG,2022-12-18,18.296499367537137,21.93234452800909,6.639257756193082,71.92319465346209
round_1,MG,2022-12-25,18.515751165191716,21.731477173915227,6.597035369696803,74.58333096657896
round_1,MG,2023-01-01,19.43533326587355,22.852660671361207,6.568508690604507,78.28059061347467
round_1,MG,2023-01-08,19.354203437845054,22.84933323387907,6.7295311944075475,77.19254955764382
round_1,MG,2023-01-15,19.39510456633928,23.178456528799167,6.409022210206349,75.1474162450023
round_1,MG,2023-01-22,19.415324911411194,23.170042418668565,6.380401717313834,74.79424021890875
round_1,MG,2023-01-29,19.55159021179897,23.23013313421875,6.6307828281290195,76.10437257724134
round_1,MG,2023-02-05,19.347800552039896,23.02469877996202,6.586647929595114,75.91581179717475
round_1,MG,2023-02-12,19.229104071043395,23.08748548453613,6.659482424908928,74.68790725318351
round_1,MG,2023-02-19,19.379559539050497,23.18252069593089,6.870159804342957,75.36250664401189
round_1,MG,2023-02-26,19.263742699273756,22.89664221958668,6.6399819722884885,77.03750687141547
round_1,MG,2023-03-05,19.24253154427092,23.02424708320947,6.736669544407681,76.72230960884023
round_1,MG,2023-03-12,19.314290025106235,22.883982618770343,6.812145749433812,77.38770660679015
round_1,MG,2023-03-19,18.92325278435802,22.5962991596835,6.776179711789479,77.08364420740665
round_1,MG,2023-03-26,18.52628738196066,22.174241149337888,6.67139906999086,76.9006952166034
round_1,MG,2023-04-02,18.32432712904024,22.15645867117101,6.4102886711053575,75.48352371849776
round_1,MG,2023-04-09,18.183590959110532,21.939155999880303,6.436150709848914,76.35008484864717
round_1,MG,2023-04-16,17.529308544392194,21.40749699141732,6.029892174814742,74.3055324844248
round_1,MG,2023-04-23,17.24272028789891,21.271282297801037,5.810860481470242,73.34524216889433
round_1,MG,2023-04-30,15.964289917921414,20.416904533722647,4.6756935272215285,70.53250744115222
round_1,MG,2023-05-07,15.540559558374468,19.858790468593966,5.23039794218278,71.14318888526489
round_1,MG,2023-05-14,15.248590430066338,19.43469030883036,5.069965666010722,72.22865430095283
round_1,MG,2023-05-21,15.057369307916783,19.11961056114517,5.143241182314182,72.95128758736222
round_1,MG,2023-05-28,14.731876067259638,19.13256586681395,4.717044587963036,72.51645953223439
round_1,MG,2023-06-04,14.514047133520622,18.88070830387702,4.656319090469385,72.35845699422178
round_1,MG,2023-06-11,13.83370105348946,18.58611495437825,3.548672092697863,69.80148269857355
round_1,MG,2023-06-18,13.982915136275642,18.570755384930496,3.9860232415850385,69.55347716899108
round_1,MG,2023-06-25,13.61759128315813,18.228215774007193,3.80310109575598,68.73230165170293
round_1,MG,2023-07-02,13.46549176365405,18.22445641375563,3.3580473481653472,66.81442041427839
round_1,MG,2023-07-09,13.499835046400408,18.325647294939028,3.4829052193231473,66.283643756312
round_1,MG,2023-07-16,13.417084687449602,18.317988220809298,3.535061304749687,65.6949488980118
round_1,MG,2023-07-23,13.86071079873014,18.60168322302753,3.6132299869597673,64.63447397746644
round_1,MG,2023-07-30,13.536308055594748,18.48891488909955,3.456022838112774,63.94122489030333
round_1,MG,2023-08-06,14.186583111919768,19.52579182625698,2.9136588235788548,60.824017137908655
round_1,MG,2023-08-13,14.192958474108472,19.34297314876045,3.497531711620483,60.44070614359175
round_1,MG,2023-08-20,14.60357177581592,19.84603305840619,3.631684810651673,59.4701308389395
round_1,MG,2023-08-27,15.362935603874824,20.548094633274104,4.217612861301317,59.85614403559532
round_1,MG,2023-09-03,15.625774265487507,20.946824692924075,4.026192284397311,58.7541841625386
round_1,MG,2023-09-10,16.423974341387424,21.917863826072132,3.6212003716466183,56.97829306962897
round_1,MG,2023-09-17,16.890377938553176,22.126161898641083,4.289867309415918,58.899936947320306
round_1,MG,2023-09-24,16.98188198511003,21.74895861946635,5.188141124443447,63.219776428207965
round_1,MG,2023-10-01,17.84557485201295,22.554470229812097,5.669395891011642,64.76176848784716
round_1,MS,2022-06-26,16.316857407110703,20.44005574481442,2.8146852465397267,66.33453449952886
round_1,MS,2022-07-03,15.95486584958486,20.31066371506361,2.195447811116249,72.00199209923673
round_1,MS,2022-07-10,15.297441515772462,19.515341003553555,3.358280567546967,72.27776007166275
round_1,MS,2022-07-17,14.813597914014636,19.362898723550217,3.336912976838321,71.790311164398
round_1,MS,2022-07-24,15.304849349113208,19.810867039583353,2.909792831362937,68.9661374244494
round_1,MS,2022-07-31,15.562780182679749,20.27046811371131,2.4978267810071206,68.55137962946137
round_1,MS,2022-08-07,14.593202422084264,19.63379159555784,2.0793403898257123,57.93275363953105
round_1,MS,2022-08-14,14.78667968398344,19.931653220384995,2.361349424003482,54.98968091214731
round_1,MS,2022-08-21,15.11929113610527,20.311158244418507,2.7000356004507298,53.669772210251224
round_1,MS,2022-08-28,15.000471314208058,19.99603988268219,3.5497349300413688,57.69535435324014
round_1,MS,2022-09-04,16.439777573614403,21.796516466440963,3.5466321299087897,43.91148494229368
round_1,MS,2022-09-11,17.792880603422752,23.03604608250259,3.6829564295306128,44.43649953722557
round_1,MS,2022-09-18,17.62867684110308,22.892405911457285,4.804712022567198,46.91473816079362
round_1,MS,2022-09-25,17.41532340760433,22.176558788198484,5.136931509090767,51.8180653748799
round_1,MS,2022-10-02,19.903139167700505,24.379643264226843,5.943335757570784,48.24401393270763
round_1,MS,2022-10-09,20.39932784372449,24.7573531440502,5.973557425628302,48.60387519767787
round_1,MS,2022-10-16,20.43526014553064,24.859143181893003,6.038442099035897,49.65301759551249
round_1,MS,2022-10-23,20.62040983063156,24.732398526853448,6.359045838914068,52.69906544489108
round_1,MS,2022-10-30,20.527979574413905,24.532536217296556,6.47899088497287,53.93126415314037
round_1,MS,2022-11-06,20.31358103646476,24.054296346459655,6.625891685916181,66.91550844634226
round_1,MS,2022-11-13,20.26155031426869,24.279185433774956,6.305397097337003,64.93200813989245
round_1,MS,2022-11-20,20.725537158278005,24.76177996678758,6.330364318532056,64.52652071051813
round_1,MS,2022-11-27,21.304954620484704,25.037530131494556,6.537196160970238,67.0779587227825
round_1,MS,2022-12-04,21.272219741224525,24.952434264598494,6.457004847946475,68.2196672734861
round_1,MS,2022-12-11,21.23256170502658,24.710713383167025,6.722606450958335,70.23052489453897
round_1,MS,2022-12-18,21.459985100440427,25.25532468665716,6.740865584255057,68.15522144935177
round_1,MS,2022-12-25,21.77457444087484,25.269955836269475,6.632772624916651,70.39305734125051
round_1,MS,2023-01-01,22.756371126329334,26.187103766276262,6.948115193662558,77.15547792174178
round_1,MS,2023-01-08,22.604176145781903,25.835033177227636,6.891991591715183,78.14800170779733
round_1,MS,2023-01-15,22.611024073080973,26.089250971900174,6.6913869609979635,76.72392930110368
round_1,MS,2023-01-22,22.754245413173543,26.09392421020397,6.914098550046737,77.27147449444337
round_1,MS,2023-01-29,22.64476807662317,26.062293036802306,6.892842208128137,77.08488797222518
round_1,MS,2023-02-05,22.491944870683067,26.06357804328518,6.515280746008047,75.44322164770732
round_1,MS,2023-02-12,22.32548286234171,25.658232243583072,6.648410941117165,77.64865459286193
round_1,MS,2023-02-19,22.51026838954601,25.788313392782825,6.758021201426034,78.04996565813916
round_1,MS,2023-02-26,22.236002719636826,25.492357006208383,6.91105934092347,78.70167398924505
round_1,MS,2023-03-05,22.355056300966787,26.21211458147937,6.333760068698671,73.66832451471316
round_1,MS,2023-03-12,22.31789879213302,25.7632350065399,6.666504832798453,77.04244736863009
round_1,MS,2023-03-19,21.931628109677263,25.26435442783013,6.839458989051506,77.84200165993909
round_1,MS,2023-03-26,21.22898037785904,24.94191146954843,5.974301165276696,73.61068589197295
round_1,MS,2023-04-02,21.608386362166353,25.374845166348965,6.047231406212479,72.35162436459326
round_1,MS,2023-04-09,21.225136872161254,25.16966095339466,5.66547943402388,70.95500367322784
round_1,MS,2023-04-16,20.35401939746899,24.40072010933774,5.064720435263234,69.48580741971843
round_1,MS,2023-04-23,19.75780816041196,23.776296043033224,4.923550742105511,70.16416329785118
round_1,MS,2023-04-30,18.753363166778733,22.939731058241417,3.889235822287979,67.06380663172307
round_1,MS,2023-05-07,17.61423706593672,21.71201986563847,4.187218534726187,68.64470170808086
round_1,MS,2023-05-14,17.579299523080888,21.357984162144056,4.789958474583037,70.3390581575346
round_1,MS,2023-05-21,17.17733033462791,20.92774068787371,4.098859398286336,71.41668534507441
round_1,MS,2023-05-28,16.783743889307043,20.535104001978347,4.6094169174489545,72.53165595949758
round_1,MS,2023-06-04,16.58102447766097,20.209921217267286,4.528749111760855,72.6517721595486
round_1,MS,2023-06-11,16.91098961514731,21.08044746916281,2.984162342412487,68.26636713246987
round_1,MS,2023-06-18,16.390818423874173,20.423445895012108,3.1926207175329573,68.79556628644309
round_1,MS,2023-06-25,16.316857407110703,20.44005574481442,2.8146852465397267,66.33453449952886
round_1,MS,2023-07-02,16.513720639656274,20.869518505135023,2.195447811116249,62.71497602518661
round_1,MS,2023-07-09,15.85629630584388,20.07419579362497,3.358280567546967,62.99074399761263
round_1,MS,2023-07-16,15.372452704086053,19.921753513621635,3.336912976838321,62.50329509034788
round_1,MS,2023-07-23,15.863704139184623,20.36972182965477,2.909792831362937,59.67912135039928
round_1,MS,2023-07-30,16.121634972751163,20.82932290378273,2.4978267810071206,59.26436355541125
round_1,MS,2023-08-06,17.47469522268004,22.515284396153618,2.0793403898257123,55.09735294668408
round_1,MS,2023-08-13,17.668172484579216,22.81314602098077,2.361349424003482,52.15428021930035
round_1,MS,2023-08-20,18.00078393670105,23.192651045014287,2.7000356004507298,50.834371517404264
round_1,MS,2023-08-27,17.881964114803836,22.87753268327797,3.5497349300413688,54.85995366039317
round_1,MS,2023-09-03,18.838872520467195,24.19561141329375,3.5466321299087897,52.401756675692646
round_1,MS,2023-09-10,20.191975550275547,25.43514102935539,3.6829564295306128,52.92677127062454
round_1,MS,2023-09-17,20.02777178795587,25.291500858310076,4.804712022567198,55.405009894192574
round_1,MS,2023-09-24,19.814418354457125,24.575653735051276,5.136931509090767,60.30833710827887
round_1,MS,2023-10-01,21.042607959540476,25.519112056066817,5.943335757570784,64.56282583950639
round_1,MT,2022-06-26,19.362045391515995,24.20157851082162,1.6084997821379905,58.287225938375826
round_1,MT,2022-07-03,19.00489562298871,24.088423729560706,1.074875363615833,59.177570881667144
round_1,MT,2022-07-10,18.7416762368844,23.720433078079704,1.493350496971842,59.44673677606585
round_1,MT,2022-07-17,18.867915427657056,23.96029816685763,1.6551630677384128,59.016984122551065
round_1,MT,2022-07-24,18.820299103483887,23.94433562349125,1.6620912293015306,57.21937167010255
round_1,MT,2022-07-31,19.03539764169574,24.51273262636954,1.0130355349610185,54.23654789539304
round_1,MT,2022-08-07,18.277098487978435,23.929108619973235,0.8300369418393783,40.71834732268594
round_1,MT,2022-08-14,18.778015975403925,24.398926057557937,1.268551369860291,40.020001673827615
round_1,MT,2022-08-21,19.246159347239477,24.82587470005721,1.486019570120865,38.94020072526336
round_1,MT,2022-08-28,19.754264111855807,24.91361133131754,3.2284711553925978,45.33817427979273
round_1,MT,2022-09-04,21.40591993231212,26.759769407394757,3.484946932349976,29.059219135182843
round_1,MT,2022-09-11,22.086565414315892,27.407319431845316,3.4477435743801763,29.41660694949679
round_1,MT,2022-09-18,22.432262949006276,27.57959730804892,4.496269384913605,32.69002789021569
round_1,MT,2022-09-25,22.30169003817247,26.76279429860639,6.078837005498016,41.31141399341861
round_1,MT,2022-10-02,24.761282609977265,29.00515095648071,6.587873309955978,38.27107739710564
round_1,MT,2022-10-09,24.824856129194384,28.99766462275072,6.297390739407807,39.19621512064035
round_1,MT,2022-10-16,24.69572272310754,28.729272302283174,6.578983490048848,41.57688088939083
round_1,MT,2022-10-23,24.71039860694755,28.436462954005695,6.892626508566394,45.622641724283326
round_1,MT,2022-10-30,24.54696163582763,27.859617425331404,6.980827523484879,49.50279125303643
round_1,MT,2022-11-06,23.50958665508849,26.684508337588635,6.889170249491635,67.8484995746203
round_1,MT,2022-11-13,23.6592325590457,26.939231275314548,6.918946961158175,67.07313763618971
round_1,MT,2022-11-20,23.71351457682084,26.81066819152468,6.9732711584417775,68.84924492097267
round_1,MT,2022-11-27,23.808565380239575,26.83399811578417,6.940584245721596,69.18556790730891
round_1,MT,2022-12-04,23.346307619979513,26.27546177069374,6.950356117984729,76.79949860836545
round_1,MT,2022-12-11,23.017873904009104,25.695665718980603,6.980370076399252,79.08868938861316
round_1,MT,2022-12-18,23.00773841250925,26.069534421941253,6.957946377090634,77.33663269128164
round_1,MT,2022-12-25,23.163253046144703,26.118989505533765,6.7382749676897475,78.12203012083239
round_1,MT,2023-01-01,22.59885889198009,25.44224476725782,7.0,83.84978962179336
round_1,MT,2023-01-08,22.48614884614038,25.199073255248855,6.974260555806348,84.67666166742725
round_1,MT,2023-01-15,22.519451407787,25.53252418699776,6.975362760208442,82.9136801461536
round_1,MT,2023-01-22,22.562643966428208,25.346129583264343,6.966437284359274,84.46994967654041
round_1,MT,2023-01-29,22.497146568304377,25.28231541209764,6.999412115901203,84.48214534329864
round_1,MT,2023-02-05,22.518865892014254,25.299267269723103,6.97047643774444,84.76866184272656
round_1,MT,2023-02-12,22.33854527415528,25.052537131410613,6.981284802312564,85.47774129470989
round_1,MT,2023-02-19,22.418770002779148,25.135588879105928,7.0,85.31507813047621
round_1,MT,2023-02-26,22.34606797785204,25.099818999924217,6.996641339681486,85.47626058385934
round_1,MT,2023-03-05,22.483411075871835,25.558004444896554,6.933489874286877,83.59907363236243
round_1,MT,2023-03-12,22.49110690938723,25.32046719993895,6.989676957419312,84.86989976833587
round_1,MT,2023-03-19,22.278304282771508,25.11317438253374,6.968438682585821,85.386216333386
round_1,MT,2023-03-26,22.134375136844294,25.010720456293573,6.886358317684345,84.77354114267843
round_1,MT,2023-04-02,22.24051453426281,25.401132749250976,6.783106733060024,82.98024617935279
round_1,MT,2023-04-09,22.159963819007395,25.421645406138275,6.687398848383273,81.70541456354711
round_1,MT,2023-04-16,21.821045759813565,25.19679227621637,6.382214130676902,80.4624110118014
round_1,MT,2023-04-23,21.536290397979432,25.118543278887746,6.231229394616486,77.9560346506174
round_1,MT,2023-04-30,21.07604833756894,24.997404983238443,5.358009215179425,74.07252452536245
round_1,MT,2023-05-07,20.4767094905476,24.579381709504226,4.624592555768862,71.10231255102995
round_1,MT,2023-05-14,20.70263775232429,24.577993883651764,5.144235542997547,72.14089698483464
round_1,MT,2023-05-21,20.45244229828216,24.50116881183121,4.887236386241285,71.45280770250307
round_1,MT,2023-05-28,20.15721188014622,24.42766529227265,4.469695798160807,69.53579661187327
round_1,MT,2023-06-04,19.94737535931447,24.25841305136872,3.8452746824930446,67.6762416216542
round_1,MT,2023-06-11,19.928036035203657,24.69025608467567,2.0705199788331305,61.571762513864144
round_1,MT,2023-06-18,19.32972988357992,24.114831147630102,1.99802503911194,61.42117247192623
round_1,MT,2023-06-25,19.362045391515995,24.20157851082162,1.6084997821379905,58.287225938375826
round_1,MT,2023-07-02,19.411297570023685,24.49482567659567,1.074875363615833,55.23154200504431
round_1,MT,2023-07-09,19.14807818391937,24.12683502511468,1.493350496971842,55.50070789944301
round_1,MT,2023-07-16,19.274317374692032,24.366700113892605,1.6551630677384128,55.07095524592822
round_1,MT,2023-07-23,19.22670105051886,24.350737570526228,1.6620912293015306,53.27334279347971
round_1,MT,2023-07-30,19.441799588730714,24.919134573404513,1.0130355349610185,50.290519018770205
round_1,MT,2023-08-06,20.294732209453056,25.94674234144786,0.8300369418393783,46.50324296498554
round_1,MT,2023-08-13,20.795649696878545,26.416559779032557,1.268551369860291,45.8048973161272
round_1,MT,2023-08-20,21.263793068714097,26.84350842153183,1.486019570120865,44.725096367562955
round_1,MT,2023-08-27,21.771897833330428,26.93124505279216,3.2284711553925978,51.12306992209233
round_1,MT,2023-09-03,22.005576923021653,27.359426398104286,3.484946932349976,50.33018892915486
round_1,MT,2023-09-10,22.686222405025426,28.006976422554843,3.4477435743801763,50.6875767434688
round_1,MT,2023-09-17,23.0319199397158,28.179254298758448,4.496269384913605,53.960997684187696
round_1,MT,2023-09-24,22.901347028881997,27.362451289315917,6.078837005498016,62.582383787390626
round_1,MT,2023-10-01,23.17475687108599,27.418625217589423,6.587873309955978,67.40748779090345
round_1,PA,2022-06-26,23.07959013649865,25.975463044818653,6.335037816955226,79.6303426417056
round_1,PA,2022-07-03,22.11937204136616,25.03443044463688,6.422599773274009,84.93440178158018
round_1,PA,2022-07-10,22.211538316201576,25.201955623475857,6.4157772052508895,83.94952550332165
round_1,PA,2022-07-17,22.151623315260228,25.353081594914993,6.329131467972105,82.31301911460619
round_1,PA,2022-07-24,22.254673711467472,25.50769346195182,6.1524635548426305,80.76166899084294
round_1,PA,2022-07-31,22.30642656163048,25.83748100873227,5.797202891125815,78.2307104388835
round_1,PA,2022-08-07,22.59826464066601,26.175068059316935,5.852985728209578,72.70551319645499
round_1,PA,2022-08-14,22.712593376186884,26.338244039397516,6.0953958404375665,72.48190324836932
round_1,PA,2022-08-21,22.90279208536431,26.55108002514289,6.153813165995075,71.79746048486898
round_1,PA,2022-08-28,23.010420730018023,26.60321563819323,6.631176466364769,72.89503219227079
round_1,PA,2022-09-04,23.80569623554148,27.431124380175657,6.656473149350247,66.84018475968644
round_1,PA,2022-09-11,23.93914912347115,27.633935672743675,6.543479422656461,65.65662879541209
round_1,PA,2022-09-18,24.08717659169829,27.77645988805279,6.741019988947139,65.57070852324432
round_1,PA,2022-09-25,24.13139394753047,27.767355827262936,6.899734235428439,66.08600137360102
round_1,PA,2022-10-02,25.15895671387635,28.84478019336169,6.944750426504424,59.61524882829925
round_1,PA,2022-10-09,25.287249555025983,28.839280478113093,6.933001434434073,60.2769657072288
round_1,PA,2022-10-16,25.223844499825503,28.64653449086714,6.890397389958644,61.79160352876896
round_1,PA,2022-10-23,25.185678299742225,28.66100874567961,6.918801985607738,61.93839989270212
round_1,PA,2022-10-30,25.24504222499711,28.606147500821272,6.927233501889669,62.63060885500212
round_1,PA,2022-11-06,26.02559416091535,29.22804828586,6.947379185674077,59.18342161946323
round_1,PA,2022-11-13,25.973181637151487,29.191835425156103,6.937423345772498,59.35934547027366
round_1,PA,2022-11-20,25.965369400115737,29.12633662830631,6.968923826720965,59.86167955157577
round_1,PA,2022-11-27,25.98654319416998,29.038476440232127,6.959886778306489,60.587734916670925
round_1,PA,2022-12-04,26.477162365322435,29.43634598085329,6.976403120139353,61.21660710320036
round_1,PA,2022-12-11,26.315885284357115,28.94686428606925,6.9977754176662685,63.8421472545633
round_1,PA,2022-12-18,26.13771737343796,28.713739689853096,6.989884809262596,65.37899681444466
round_1,PA,2022-12-25,26.04928605181723,28.477121141338237,6.739130434782608,66.67131918115288
round_1,PA,2023-01-01,23.55392060254377,25.86476786814547,7.0,84.65736098705506
round_1,PA,2023-01-08,23.429988694208696,25.698552875972872,7.0,85.2679614701555
round_1,PA,2023-01-15,23.336080775427195,25.531393541152735,6.99909899059036,86.20304593484512
round_1,PA,2023-01-22,23.269339645388,25.41707052011041,6.998895090070695,86.83445976573843
round_1,PA,2023-01-29,23.346317535563195,25.49776699359584,6.999954246785701,86.66200147221036
round_1,PA,2023-02-05,23.25647705112296,25.26917617661297,6.999908493571401,87.8260175769013
round_1,PA,2023-02-12,23.08169369999658,25.09929688022807,7.0,88.32736751991352
round_1,PA,2023-02-19,23.1335619982679,25.168522857510357,7.0,88.40458647662093
round_1,PA,2023-02-26,23.150242996488274,25.203949019132267,7.0,88.37232978467755
round_1,PA,2023-03-05,23.10810946748278,25.124096759133963,7.0,88.81619981641566
round_1,PA,2023-03-12,23.11699291245092,25.14972936119875,7.0,88.59896110638084
round_1,PA,2023-03-19,23.099980207019104,25.166842544481465,7.0,88.53148579931536
round_1,PA,2023-03-26,23.068676081883307,25.02786920177342,7.0,89.63717000042679
round_1,PA,2023-04-02,23.20922057075716,25.2752328872627,6.99890396420782,89.055724876849
round_1,PA,2023-04-09,23.15675200586094,25.219545383733617,6.998476258748436,89.05454691147094
round_1,PA,2023-04-16,23.114026707475105,25.153014251858732,6.9971075054497085,89.66479327649303
round_1,PA,2023-04-23,23.20586506652748,25.329541238596644,6.995009825137174,89.08589272410275
round_1,PA,2023-04-30,23.176813551070634,25.336731512307203,6.996296011028446,89.1190302633462
round_1,PA,2023-05-07,23.274863890316357,25.529926052085067,6.968132075190314,88.09804265859235
round_1,PA,2023-05-14,23.3734290681292,25.738721793807912,6.9662666646862075,86.76261918916674
round_1,PA,2023-05-21,23.356402202675984,25.784947148860457,6.934325440901371,86.1345882401487
round_1,PA,2023-05-28,23.221055475505317,25.74515844005649,6.863013394037623,85.5258723943681
round_1,PA,2023-06-04,23.128907140749625,25.728215789340492,6.820535759508448,84.56155708741831
round_1,PA,2023-06-11,23.049604727885217,25.75465056279056,6.723708292478863,83.25181936968598
round_1,PA,2023-06-18,23.08053991578715,25.882987284679857,6.674881961498542,81.75981936417769
round_1,PA,2023-06-25,23.07959013649865,25.975463044818653,6.335037816955226,79.6303426417056
round_1,PA,2023-07-02,23.072873667427004,25.987932070697727,6.422599773274009,79.49104116364369
round_1,PA,2023-07-09,23.16503994226242,26.155457249536695,6.4157772052508895,78.50616488538518
round_1,PA,2023-07-16,23.10512494132107,26.30658322097584,6.329131467972105,76.8696584966697
round_1,PA,2023-07-23,23.208175337528317,26.461195088012666,6.1524635548426305,75.31830837290644
round_1,PA,2023-07-30,23.25992818769132,26.79098263479311,5.797202891125815,72.78734982094701
round_1,PA,2023-08-06,23.463872187755207,27.04067560640614,5.852985728209578,71.69189942708577
round_1,PA,2023-08-13,23.57820092327609,27.203851586486717,6.0953958404375665,71.4682894790001
round_1,PA,2023-08-20,23.768399632453512,27.416687572232092,6.153813165995075,70.78384671549976
round_1,PA,2023-08-27,23.876028277107228,27.468823185282435,6.631176466364769,71.88141842290158
round_1,PA,2023-09-03,23.891407204557037,27.516835349191215,6.656473149350247,71.55150439085844
round_1,PA,2023-09-10,24.02486009248671,27.719646641759233,6.543479422656461,70.36794842658409
round_1,PA,2023-09-17,24.172887560713853,27.86217085706835,6.741019988947139,70.28202815441634
round_1,PA,2023-09-24,24.217104916546027,27.853066796278497,6.899734235428439,70.79732100477302
round_1,PA,2023-10-01,24.249363954277996,27.93518743376333,6.944750426504424,70.5795490002345
round_1,PB,2022-06-26,21.101177477842885,23.758472423181097,6.589086878454932,77.0183115217835
round_1,PB,2022-07-03,21.39831217151327,24.07038955131631,6.603884457750666,79.4247320002709
round_1,PB,2022-07-10,21.31997621360809,24.049725273330207,6.5304761398312845,79.01635420088898
round_1,PB,2022-07-17,21.075144415561052,24.014156749540717,6.271055925336135,77.01818469011214
round_1,PB,2022-07-24,21.036024443156503,23.934012576841223,6.321745178495789,76.8025950725786
round_1,PB,2022-07-31,20.852186084120977,23.821566598143292,6.3187931480410855,76.14456973514709
round_1,PB,2022-08-07,20.597447256262267,23.810019148259535,6.012587147440507,71.39357064478564
round_1,PB,2022-08-14,20.592740336984917,23.81712301968901,5.9978752606357135,70.95165336965239
round_1,PB,2022-08-21,20.84605643880605,24.07586672659632,6.12571327456254,70.73079084309344
round_1,PB,2022-08-28,20.9191808209028,24.364163272336484,5.785601065970491,69.55719409768511
round_1,PB,2022-09-04,20.426558102111475,23.83599977077681,5.89527424740578,68.23627099648924
round_1,PB,2022-09-11,20.4993293724143,23.861019619346607,5.885435044546124,68.49282803175667
round_1,PB,2022-09-18,20.700386634044193,24.27208371824169,5.70911001226218,66.97661374433562
round_1,PB,2022-09-25,21.003969301317955,24.670549548171085,5.591049826990888,66.00874255680759
round_1,PB,2022-10-02,21.100040764161147,24.819128094490576,5.566455088839461,64.3686042879308
round_1,PB,2022-10-09,21.197239852455695,24.7889251890748,5.770345979802986,65.26987598910047
round_1,PB,2022-10-16,21.414491293908423,25.0093766795285,5.937349413265665,65.37135520428566
round_1,PB,2022-10-23,21.51817721357888,25.210610682322628,5.814476390174295,64.52836695869176
round_1,PB,2022-10-30,21.691048419920055,25.421617624828336,5.849992713245834,64.04005827981422
round_1,PB,2022-11-06,22.32464739216612,25.946443834922487,6.014242602809378,62.939915951306325
round_1,PB,2022-11-13,22.28715126420168,25.99676479716192,5.749360357018646,62.47775865608302
round_1,PB,2022-11-20,22.50674839328743,26.16512354875092,5.909423812029859,62.61557787516064
round_1,PB,2022-11-27,22.57977097741236,26.182092260607497,6.151467944786924,63.07037087006092
round_1,PB,2022-12-04,23.24461559132139,26.86890145517409,6.126946248814757,60.76165564831864
round_1,PB,2022-12-11,23.25862801950495,26.667333795991375,6.395682855747502,61.694557237510736
round_1,PB,2022-12-18,23.313797218160424,26.676756493594105,6.523995851221682,62.49462156410394
round_1,PB,2022-12-25,23.28962861350611,26.680549077649474,6.139792029806114,61.95533639286235
round_1,PB,2023-01-01,23.02638727654442,26.386026104974977,6.503919306400471,69.21176984094758
round_1,PB,2023-01-08,23.0747377606084,26.313180241553987,6.763333453187882,70.30472766352514
round_1,PB,2023-01-15,23.02785514207173,26.206426496848493,6.6955037129644746,71.58648644572645
round_1,PB,2023-01-22,23.0294591851888,26.112253360424457,6.752288658113897,72.8195163873201
round_1,PB,2023-01-29,23.09954460169592,26.34918495414418,6.6603434100105945,71.35822855176546
round_1,PB,2023-02-05,23.13506211023445,26.40417573390359,6.781181695696316,71.64089804582959
round_1,PB,2023-02-12,23.09779708059211,26.1598040102051,6.857261563259962,73.38891853815309
round_1,PB,2023-02-19,23.02731214322488,25.998837019800348,6.87775772476142,75.39814847782291
round_1,PB,2023-02-26,23.08282666280051,26.140841960371464,6.756364694173995,74.5574171690717
round_1,PB,2023-03-05,23.154233497402515,26.242061692867683,6.804181554000675,74.33979611702613
round_1,PB,2023-03-12,23.117124204769244,26.14117770715408,6.894986210671473,74.81528458464346
round_1,PB,2023-03-19,23.08765379039102,26.003752468076616,6.910834730139966,76.3051796518171
round_1,PB,2023-03-26,23.118657445135803,25.933356676358805,6.939109566727475,77.45013582554223
round_1,PB,2023-04-02,23.056766090493664,25.94700488349553,6.8122134374823435,76.29157848424914
round_1,PB,2023-04-09,23.00414126028532,25.789429048043548,6.902068747984763,78.0269077230689
round_1,PB,2023-04-16,22.92803772934271,25.708509557987313,6.875399826632691,77.5732644396282
round_1,PB,2023-04-23,22.84029413325047,25.634587028039228,6.797237601119968,77.14462938767339
round_1,PB,2023-04-30,22.675831018232348,25.37731088480894,6.758686082602503,77.82772533179097
round_1,PB,2023-05-07,22.559902232440873,25.301156776112812,6.675779318709157,77.64396930096048
round_1,PB,2023-05-14,22.502636648278987,25.33396915966247,6.637618674274215,76.50562414481139
round_1,PB,2023-05-21,22.34518919681043,25.130706764062328,6.676628490278272,77.01373372018939
round_1,PB,2023-05-28,22.18216962853418,24.824210769051017,6.706710593567753,78.20152042698264
round_1,PB,2023-06-04,21.80531339503659,24.539479600743498,6.65154535527916,77.61908936608395
round_1,PB,2023-06-11,21.611500004572253,24.232225853394965,6.623490474758068,77.24671309345743
round_1,PB,2023-06-18,21.402973410068107,23.99055850625842,6.696611563642076,77.86185063689345
round_1,PB,2023-06-25,21.101177477842885,23.758472423181097,6.589086878454932,77.0183115217835
round_1,PB,2023-07-02,21.034183620532364,23.706261000335413,6.603884457750666,77.15353248562477
round_1,PB,2023-07-09,20.955847662627185,23.685596722349302,6.5304761398312845,76.74515468624287
round_1,PB,2023-07-16,20.711015864580148,23.650028198559816,6.271055925336135,74.74698517546601
round_1,PB,2023-07-23,20.6718958921756,23.569884025860325,6.321745178495789,74.53139555793248
round_1,PB,2023-07-30,20.488057533140072,23.457438047162388,6.3187931480410855,73.87337022050096
round_1,PB,2023-08-06,20.466185004326928,23.678756896324195,6.012587147440507,72.24350253233402
round_1,PB,2023-08-13,20.46147808504958,23.68586076775367,5.9978752606357135,71.80158525720078
round_1,PB,2023-08-20,20.71479418687071,23.944604474660984,6.12571327456254,71.58072273064184
round_1,PB,2023-08-27,20.78791856896746,24.232901020401147,5.785601065970491,70.4071259852335
round_1,PB,2023-09-03,20.971230593425823,24.380672262091156,5.89527424740578,69.69714753749061
round_1,PB,2023-09-10,21.04400186372865,24.40569211066095,5.885435044546124,69.95370457275804
round_1,PB,2023-09-17,21.245059125358544,24.816756209556036,5.70911001226218,68.43749028533699
round_1,PB,2023-09-24,21.548641792632303,25.215222039485433,5.591049826990888,67.46961909780896
round_1,PB,2023-10-01,21.816050776753308,25.535138107082737,5.566455088839461,66.40396599997014
round_1,PE,2022-06-26,20.746193068417178,23.00550528969874,6.920208535148055,80.21441794459002
round_1,PE,2022-07-03,21.36550358677152,23.63342862736056,6.901690494284497,81.19923770414634
round_1,PE,2022-07-10,21.249814085188337,23.57293257577667,6.888513886258397,80.86279203537923
round_1,PE,2022-07-17,21.014738358705145,23.506004439852695,6.788117142809416,79.16649950762589
round_1,PE,2022-07-24,20.973134126995937,23.40861132628389,6.8679482484454075,78.91307639924449
round_1,PE,2022-07-31,20.75437125696771,23.234264036342623,6.832888401699845,78.76786392211773
round_1,PE,2022-08-07,20.250236659536103,22.953305024290668,6.674600892317424,75.7629923236679
round_1,PE,2022-08-14,20.232980922927577,22.906174498599285,6.749428094103903,75.74066073135278
round_1,PE,2022-08-21,20.469253054076468,23.173566967733613,6.776684562903241,75.58706548526708
round_1,PE,2022-08-28,20.54052937585615,23.473576402729844,6.563680526103321,74.14283206105287
round_1,PE,2022-09-04,19.83569771717836,22.790444407130515,6.525182260852294,73.49697264326585
round_1,PE,2022-09-11,19.95030374069257,22.811958969732757,6.631686432660956,73.89397163453417
round_1,PE,2022-09-18,20.11142452295074,23.247809759485175,6.41629858668792,72.10738933469295
round_1,PE,2022-09-25,20.466515942141793,23.744506876184737,6.275532204027498,70.5892105539379
round_1,PE,2022-10-02,20.604259754355677,23.90908969182768,6.188866877956783,68.64562448498434
round_1,PE,2022-10-09,20.644230029064783,23.844827079010983,6.362832723867965,69.80967630763205
round_1,PE,2022-10-16,20.876524302162483,24.126877025992787,6.4127860681055004,69.68054931750717
round_1,PE,2022-10-23,21.023049061544253,24.38293501035913,6.3532954716229835,68.59771808247095
round_1,PE,2022-10-30,21.2689621398416,24.715829891183873,6.319759739104601,67.58684964078095
round_1,PE,2022-11-06,21.93897062805431,25.281333899347125,6.41251457223078,66.57726005726322
round_1,PE,2022-11-13,21.91512705693885,25.37039556962288,6.2878901412072326,65.64504119981397
round_1,PE,2022-11-20,22.132427617938284,25.55646484696665,6.310054231007436,65.63352422235796
round_1,PE,2022-11-27,22.171812468102576,25.516503687897153,6.491936563488854,66.5350651039909
round_1,PE,2022-12-04,23.021195567156997,26.457418863216333,6.4004547419233795,63.05992172516776
round_1,PE,2022-12-11,22.99622231148198,26.17964428165356,6.670077279420903,64.22314863682129
round_1,PE,2022-12-18,23.00452473896169,26.120074992233924,6.704283858171007,65.31727077019687
round_1,PE,2022-12-25,23.00253318136448,26.17578000625972,6.383588421752154,64.80846991292916
round_1,PE,2023-01-01,22.76028019421085,25.89589129617984,6.658765238938536,70.600379135644
round_1,PE,2023-01-08,22.7766202410612,25.829539126095423,6.8085417177813605,71.73259681447102
round_1,PE,2023-01-15,22.71626662300709,25.740445170031816,6.7444350697323365,72.6819439507234
round_1,PE,2023-01-22,22.78111865257922,25.74871364510319,6.833808552680551,73.55168288945292
round_1,PE,2023-01-29,22.868472928517512,25.95701778018346,6.824679038525117,72.37350579955657
round_1,PE,2023-02-05,22.86933992089267,25.951410952142787,6.834032868877295,72.94234477103157
round_1,PE,2023-02-12,22.82064936207767,25.77716197721453,6.884263541525648,73.8749902953311
round_1,PE,2023-02-19,22.76938266601449,25.68353929961827,6.906974286701617,75.59091856108708
round_1,PE,2023-02-26,22.87787403013829,25.845137676860897,6.853450995309284,74.81759018007976
round_1,PE,2023-03-05,22.921295190800155,25.965575083650418,6.8427106223165515,74.29147399106017
round_1,PE,2023-03-12,22.8980868249388,25.925525039599364,6.865037152173997,74.44004726407546
round_1,PE,2023-03-19,22.854315383595488,25.701960134021153,6.9242539226608875,76.68073181849631
round_1,PE,2023-03-26,22.885384078523963,25.671690516851392,6.9212440442681125,77.41595310669818
round_1,PE,2023-04-02,22.805981217200625,25.628035184704384,6.8064435044633,76.23072300040687
round_1,PE,2023-04-09,22.74263849019463,25.488326287978033,6.887576026028118,78.104505213247
round_1,PE,2023-04-16,22.629875359824705,25.347157392197666,6.900355456120566,77.91105195933686
round_1,PE,2023-04-23,22.525628024075957,25.17586579761749,6.819821153518885,77.97778004998315
round_1,PE,2023-04-30,22.392816484003458,24.89485472760672,6.843657058152349,78.9326226796637
round_1,PE,2023-05-07,22.20184826204379,24.76249635370848,6.786966976611755,78.98220690229961
round_1,PE,2023-05-14,22.12196410887957,24.675069907205177,6.793994667146488,78.87890306404728
round_1,PE,2023-05-21,21.93088148060053,24.39192576030444,6.83549320446693,79.90157916814609
round_1,PE,2023-05-28,21.76260017280416,24.135157532315993,6.862416368009988,80.73034382438547
round_1,PE,2023-06-04,21.4188960858188,23.845337044693657,6.871011129958296,80.25013853104346
round_1,PE,2023-06-11,21.242459192454785,23.4888228863694,6.911635105566181,80.22150276968179
round_1,PE,2023-06-18,21.071147025329875,23.32091400909958,6.92544848268415,80.42525774669402
round_1,PE,2023-06-25,20.746193068417178,23.00550528969874,6.920208535148055,80.21441794459002
round_1,PE,2023-07-02,20.64911810216094,22.917043142749975,6.901690494284497,80.32988233266838
round_1,PE,2023-07-09,20.533428600577754,22.856547091166085,6.888513886258397,79.99343666390126
round_1,PE,2023-07-16,20.298352874094565,22.789618955242116,6.788117142809416,78.2971441361479
round_1,PE,2023-07-23,20.25674864238535,22.692225841673302,6.8679482484454075,78.04372102776652
round_1,PE,2023-07-30,20.03798577235712,22.517878551732046,6.832888401699845,77.89850855063976
round_1,PE,2023-08-06,20.0407297050115,22.743798069766065,6.674600892317424,76.02667797447509
round_1,PE,2023-08-13,20.023473968402975,22.696667544074685,6.749428094103903,76.00434638215997
round_1,PE,2023-08-20,20.25974609955187,22.964060013209014,6.776684562903241,75.85075113607427
round_1,PE,2023-08-27,20.33102242133155,23.264069448205245,6.563680526103321,74.40651771186006
round_1,PE,2023-09-03,20.484754102166704,23.439500792118864,6.525182260852294,73.51107731320218
round_1,PE,2023-09-10,20.599360125680917,23.4610153547211,6.631686432660956,73.90807630447051
round_1,PE,2023-09-17,20.760480907939083,23.896866144473524,6.41629858668792,72.1214940046293
round_1,PE,2023-09-24,21.11557232713014,24.393563261173085,6.275532204027498,70.60331522387425
round_1,PE,2023-10-01,21.46625454950453,24.771084486976537,6.188866877956783,69.3144248576974
round_1,PI,2022-06-26,22.799985088128143,26.97650432313164,4.398046044405513,57.09974125007728
round_1,PI,2022-07-03,21.494502410097944,25.69858785145373,4.267565550668429,66.92328766030795
round_1,PI,2022-07-10,21.375068961491326,25.729269916803233,3.965513096596222,65.8591268849942
round_1,PI,2022-07-17,21.283300925945284,25.86319314889193,3.8942491216160335,63.73298771257933
round_1,PI,2022-07-24,21.32269554546522,26.02598928170537,3.0810011179957293,61.458864430432904
round_1,PI,2022-07-31,21.26809727317557,26.11243457406756,2.3743782604235717,59.14321360358549
round_1,PI,2022-08-07,22.02542712062713,27.101985926958243,2.363262042023779,46.99910310515192
round_1,PI,2022-08-14,22.093267464863334,27.31749633527263,1.9960737460850475,45.7932962264549
round_1,PI,2022-08-21,22.529553131265647,27.693290386486733,2.3173604379498403,45.567025156497714
round_1,PI,2022-08-28,22.710055273759583,28.10972454351691,2.582677587818453,45.03689168830341
round_1,PI,2022-09-04,22.73905601001471,28.130090117296056,2.728100164445265,41.54790359455664
round_1,PI,2022-09-11,22.928336182811265,28.42698300061384,1.9171158315613983,39.49356633634796
round_1,PI,2022-09-18,23.152997086036592,28.703305412822814,2.625705005721593,40.200968644643595
round_1,PI,2022-09-25,23.43819358464473,29.032386776773617,2.8890400452946343,40.897507141362134
round_1,PI,2022-10-02,24.44849047989769,30.089343808839033,2.7749751094661064,36.16407703407032
round_1,PI,2022-10-09,24.706576203233897,30.135914700517073,3.2349204541056213,36.496570034275535
round_1,PI,2022-10-16,24.683036386671745,29.79058370482711,3.932539165910131,40.25378175229386
round_1,PI,2022-10-23,24.78733554968353,29.948185254504462,4.102701591567901,40.238569620697966
round_1,PI,2022-10-30,24.867091221168597,29.735466404452637,5.0167685392139365,43.04744707926223
round_1,PI,2022-11-06,25.907967937403143,30.576843643926264,4.846881120145607,40.15756534686239
round_1,PI,2022-11-13,26.017421665675297,30.74713760075532,5.564615576189503,39.16765230691419
round_1,PI,2022-11-20,26.102189689042035,30.778409853782453,5.242719094111615,39.462797052622435
round_1,PI,2022-11-27,25.86371180288098,30.196704285349977,5.810242606120754,43.84303050969533
round_1,PI,2022-12-04,26.880313549323287,31.15526979309619,5.8655038218220525,39.63894862849938
round_1,PI,2022-12-11,26.532494881367228,30.46509348386067,6.681703798308767,43.83906794691214
round_1,PI,2022-12-18,26.558072660819256,30.513510105557543,6.48299550870471,43.90732283898427
round_1,PI,2022-12-25,26.377809467750463,30.179405327677344,6.416617734765635,46.40205310871216
round_1,PI,2023-01-01,23.73844405596821,27.300722894757257,6.818853402268297,70.2737183769898
round_1,PI,2023-01-08,23.44191911043053,26.790691153586252,6.90488797158533,73.68311820933468
round_1,PI,2023-01-15,23.276516882220378,26.54218397516273,6.847243034168301,75.12450765066082
round_1,PI,2023-01-22,23.06120290959128,26.181562152132702,6.9396071127931185,78.33625255371304
round_1,PI,2023-01-29,23.130978041834226,26.50179434729861,6.907349093445567,76.06689330320025
round_1,PI,2023-02-05,23.08785415450673,26.207501264921707,6.910125099138243,78.51903479333023
round_1,PI,2023-02-12,22.82372093532423,25.777610893321068,6.939221536820913,80.8000216100162
round_1,PI,2023-02-19,22.729386138554535,25.805381172477503,6.962851916435905,81.41632687131921
round_1,PI,2023-02-26,22.863925749280572,25.97080990054878,6.949953536264778,80.51382775031536
round_1,PI,2023-03-05,22.88971669930664,25.98609474305512,6.956476636440499,80.68702581337918
round_1,PI,2023-03-12,22.824929902392675,25.885284602351632,6.970173183924003,81.14029609269654
round_1,PI,2023-03-19,22.638923869608487,25.527948478140235,6.993664876942429,83.35690367826449
round_1,PI,2023-03-26,22.63171915818796,25.508698185895376,6.937779471123366,83.5910165202994
round_1,PI,2023-04-02,22.769344789293683,25.885260471934274,6.805203858698912,80.93199467151366
round_1,PI,2023-04-09,22.7656036055388,25.747810006034243,6.913456801829276,82.01913401834464
round_1,PI,2023-04-16,22.79177389631674,25.829597323387596,6.873114379021451,81.0042854644133
round_1,PI,2023-04-23,22.90078813681731,26.131934821335307,6.6833497632930925,77.89722051335744
round_1,PI,2023-04-30,22.836146737240263,26.0786552304818,6.578877558606166,77.13241285230411
round_1,PI,2023-05-07,23.0088782954913,26.441769339413437,6.164254156625237,74.16643260602008
round_1,PI,2023-05-14,23.078071164256855,26.647874603853833,6.2531635182158665,71.89721031163602
round_1,PI,2023-05-21,23.10003866845474,26.72443201231787,6.06471515339006,70.24047662618857
round_1,PI,2023-05-28,23.00667325093683,26.757421151788517,5.934098765333453,68.46818585840529
round_1,PI,2023-06-04,22.907825653950695,26.873643005796747,5.450271162741567,64.73609549078733
round_1,PI,2023-06-11,22.946780919938593,26.92093833082191,5.1067209161290235,61.48494931080137
round_1,PI,2023-06-18,22.939501989997588,27.05317606037765,5.080565171260925,59.28457231896904
round_1,PI,2023-06-25,22.799985088128143,26.97650432313164,4.398046044405513,57.09974125007728
round_1,PI,2023-07-02,22.95424948113776,27.158334922493548,4.267565550668429,56.26944188726494
round_1,PI,2023-07-09,22.834816032531144,27.189016987843058,3.965513096596222,55.20528111195119
round_1,PI,2023-07-16,22.743047996985105,27.32294021993175,3.8942491216160335,53.07914193953631
round_1,PI,2023-07-23,22.78244261650504,27.485736352745192,3.0810011179957293,50.805018657389894
round_1,PI,2023-07-30,22.727844344215388,27.572181645107374,2.3743782604235717,48.48936783054249
round_1,PI,2023-08-06,22.827739939403887,27.904298745735,2.363262042023779,47.35695319945002
round_1,PI,2023-08-13,22.8955802836401,28.11980915404939,1.9960737460850475,46.15114632075299
round_1,PI,2023-08-20,23.33186595004241,28.495603205263492,2.3173604379498403,45.92487525079581
round_1,PI,2023-08-27,23.512368092536345,28.91203736229367,2.582677587818453,45.39474178260151
round_1,PI,2023-09-03,23.66757481699224,29.058608924273585,2.728100164445265,45.5109615786851
round_1,PI,2023-09-10,23.85685498978879,29.355501807591363,1.9171158315613983,43.4566243204764
round_1,PI,2023-09-17,24.081515893014117,29.631824219800347,2.625705005721593,44.16402662877204
round_1,PI,2023-09-24,24.366712391622254,29.960905583751146,2.8890400452946343,44.86056512549058
round_1,PI,2023-10-01,24.54467046281768,30.185523791759024,2.7749751094661064,44.537543702117915
round_1,PR,2022-06-26,12.439360583236803,15.744775274195666,4.832210518531854,80.92302356892996
round_1,PR,2022-07-03,12.217616966948183,15.850986448328658,3.994933193018819,83.05360845574965
round_1,PR,2022-07-10,12.026156689341104,15.357068497469928,5.012333602406936,83.27726117601793
round_1,PR,2022-07-17,11.070272937371245,14.83314517905298,4.427176425167597,82.3319891311959
round_1,PR,2022-07-24,11.69370828900744,15.378095991850204,4.4009457857735015,80.45019058383826
round_1,PR,2022-07-31,11.720408360381462,15.4598623885956,4.422278331700647,82.26749020054062
round_1,PR,2022-08-07,10.825694769392843,14.910317165735588,4.3550183271715985,78.39529719337835
round_1,PR,2022-08-14,10.975352876177302,15.038543265659552,4.516514672995295,76.92078109766733
round_1,PR,2022-08-21,11.26657355446935,15.575639489371316,4.1917927920666065,74.77078768094077
round_1,PR,2022-08-28,11.313149425376317,15.416908238449574,4.93571127463859,76.99455933195237
round_1,PR,2022-09-04,11.57118015481573,15.89509701541112,4.658201290689348,70.91095751552703
round_1,PR,2022-09-11,13.4103369253431,17.613026218355053,5.0931914444548925,70.50009822128642
round_1,PR,2022-09-18,12.90163160159072,17.069828928162188,5.791647831629188,71.94870155945242
round_1,PR,2022-09-25,12.5289298683414,16.505669854508906,5.662379283959111,73.06779370857859
round_1,PR,2022-10-02,13.976686057901164,17.811891772954127,6.2325790413868924,72.74898422483635
round_1,PR,2022-10-09,14.62443349523677,18.41567144792848,6.187251659911386,72.66428185947548
round_1,PR,2022-10-16,14.751750788072435,18.58066584421777,6.382443830124154,72.68449453075553
round_1,PR,2022-10-23,14.93569123199658,18.650372927417795,6.464308777245843,73.37553402062586
round_1,PR,2022-10-30,14.945260430844636,18.840322474674217,6.292665311662761,72.15643436710316
round_1,PR,2022-11-06,15.218367563364351,18.781234215799373,6.585152482894944,76.77509428217226
round_1,PR,2022-11-13,15.442173054670697,19.183293700652207,6.400685853655098,75.57932216504084
round_1,PR,2022-11-20,15.869157323987674,19.705029552242525,6.340085927298199,75.8661777461085
round_1,PR,2022-11-27,16.587764448632058,20.095972936882024,6.615942420180873,77.38604943210203
round_1,PR,2022-12-04,16.55993598590334,20.170678168617886,6.572947068965661,74.64178235221547
round_1,PR,2022-12-11,16.977655622608562,20.381551863913085,6.706055670627732,75.04774892459203
round_1,PR,2022-12-18,17.250830204005883,20.902293618117817,6.700706209066359,74.72743405881722
round_1,PR,2022-12-25,17.521928585059328,20.80817138075628,6.604930338879367,76.28615420592742
round_1,PR,2023-01-01,19.714993715669095,22.9328015175664,6.91456220404736,82.51489168629847
round_1,PR,2023-01-08,19.719710181572182,22.843218448057996,6.945785401198648,82.83547412081707
round_1,PR,2023-01-15,19.633202902682136,22.788303468357302,6.802786068200764,82.85310038201558
round_1,PR,2023-01-22,19.46362344002728,22.578408323859364,6.849108334562452,82.05036214878265
round_1,PR,2023-01-29,19.658987862740737,22.988316762695373,6.7615756393903235,81.64500920739047
round_1,PR,2023-02-05,19.417843247260773,22.824025395595363,6.554168206332902,80.06647576139825
round_1,PR,2023-02-12,19.300100156525744,22.459082718933875,6.786012570024243,82.16200347542222
round_1,PR,2023-02-19,19.674685521370357,22.71644130920328,6.8544446147624445,83.22746989425443
round_1,PR,2023-02-26,19.26404819388514,22.338328861669257,6.946687896055245,82.71638075086572
round_1,PR,2023-03-05,19.22285777716694,22.77098472351272,6.511524852663827,79.85297982069689
round_1,PR,2023-03-12,19.305284053409743,22.41582542802577,6.8585314630576395,82.64328486237848
round_1,PR,2023-03-19,18.8013690102801,21.85501696779075,6.812896287893519,82.26453871292111
round_1,PR,2023-03-26,17.67250520472644,21.028258909522098,6.2398305341540885,79.56349421927257
round_1,PR,2023-04-02,17.899621888508776,21.272540552027003,6.163969525865243,79.22480769833146
round_1,PR,2023-04-09,17.550656797065432,21.031748334178264,6.140450787653798,78.73122449990943
round_1,PR,2023-04-16,16.554258219626426,20.077103475938532,5.516887123615801,77.81591037128398
round_1,PR,2023-04-23,16.01409671252696,19.51060644115247,5.526952982053207,78.99922975031734
round_1,PR,2023-04-30,15.04735241108905,18.648190546273344,5.148557339030539,77.79055426793897
round_1,PR,2023-05-07,13.9096488601198,17.279554328029292,5.492598674476768,79.3645270723314
round_1,PR,2023-05-14,13.747398533138655,16.92812853338202,5.674409173220175,79.82248060709361
round_1,PR,2023-05-21,13.36727356581051,16.63086169211323,5.1220503737119465,80.31634361923281
round_1,PR,2023-05-28,12.824316662831304,16.017228306432287,5.410480699798876,81.77538167303987
round_1,PR,2023-06-04,12.398068018274746,15.606873567160092,5.234190555600627,82.11558334786547
round_1,PR,2023-06-11,12.984901615514229,16.422081235583057,4.523057802755941,80.76756949432286
round_1,PR,2023-06-18,12.400671995951486,15.672421461853732,5.071403601637376,81.4539457019764
round_1,PR,2023-06-25,12.439360583236803,15.744775274195666,4.832210518531854,80.92302356892996
round_1,PR,2023-07-02,12.24528651227522,15.878655993655697,3.994933193018819,78.67781850776711
round_1,PR,2023-07-09,12.053826234668142,15.384738042796965,5.012333602406936,78.90147122803539
round_1,PR,2023-07-16,11.09794248269828,14.86081472438002,4.427176425167597,77.95619918321336
round_1,PR,2023-07-23,11.721377834334476,15.405765537177242,4.4009457857735015,76.07440063585571
round_1,PR,2023-07-30,11.7480779057085,15.487531933922638,4.422278331700647,77.89170025255808
round_1,PR,2023-08-06,12.760194914011796,16.84481731035454,4.3550183271715985,75.06310309864105
round_1,PR,2023-08-13,12.909853020796255,16.973043410278507,4.516514672995295,73.58858700293005
round_1,PR,2023-08-20,13.2010736990883,17.510139633990267,4.1917927920666065,71.43859358620348
round_1,PR,2023-08-27,13.247649569995268,17.351408383068527,4.93571127463859,73.66236523721507
round_1,PR,2023-09-03,13.64767070545322,17.97158756604861,4.658201290689348,72.83204935987956
round_1,PR,2023-09-10,15.48682747598059,19.689516768992544,5.0931914444548925,72.42119006563895
round_1,PR,2023-09-17,14.97812215222821,19.14631947879968,5.791647831629188,73.86979340380495
round_1,PR,2023-09-24,14.605420418978888,18.5821604051464,5.662379283959111,74.98888555293112
round_1,PR,2023-10-01,15.96595741241327,19.801163127466232,6.2325790413868924,77.91009796701864
round_1,RJ,2022-06-26,16.135899033785574,19.703043301785268,4.600086452997906,79.9610906213784
round_1,RJ,2022-07-03,15.22723438292165,18.76089430147958,4.790715994266982,80.65699711954342
round_1,RJ,2022-07-10,15.025373670930422,18.70872432335241,4.189515661848915,79.14226150857296
round_1,RJ,2022-07-17,14.732469364810184,18.373580871369033,4.4513210448041125,78.96575254702306
round_1,RJ,2022-07-24,15.044963969939518,18.71155541144041,4.452855593038362,78.10717582986189
round_1,RJ,2022-07-31,14.9841027013028,18.52191311619529,5.08421853049095,79.586214007522
round_1,RJ,2022-08-07,14.148486994241466,17.997317568102044,4.603037959391503,78.36847273650417
round_1,RJ,2022-08-14,14.060595493584811,17.882704542416466,5.050579152429573,76.97948307343951
round_1,RJ,2022-08-21,14.306473788025928,18.41716219814789,4.575273052324556,75.8034624577789
round_1,RJ,2022-08-28,15.041698013632876,18.594350292277277,5.478449547745727,77.22658591847335
round_1,RJ,2022-09-04,14.467460101855176,18.089985158427325,5.37846309790576,74.64842149529355
round_1,RJ,2022-09-11,15.395997392594568,19.428234014128098,4.562312935467199,72.96373240393108
round_1,RJ,2022-09-18,15.604988533812913,19.22722312793013,5.555399537938065,74.03691129813711
round_1,RJ,2022-09-25,15.445966286486575,18.535962771745783,6.313174991296403,77.29990952874707
round_1,RJ,2022-10-02,16.335948058409198,19.64737407307238,6.068569533958893,75.26347038939629
round_1,RJ,2022-10-09,16.496999818862225,19.840849859041775,5.840575597940529,74.09960840415201
round_1,RJ,2022-10-16,16.978386274470836,20.089952444097037,6.128906266308771,75.25821441776286
round_1,RJ,2022-10-23,17.29959936456077,20.31706822705115,6.749502830472302,75.80681838946904
round_1,RJ,2022-10-30,17.367331193585603,20.194773075928044,6.727105287366713,76.18121004093241
round_1,RJ,2022-11-06,17.490863903808005,20.159342461327803,6.71578723276074,78.31717252022345
round_1,RJ,2022-11-13,18.03064456077849,20.76561459973454,6.769104676606656,79.26026493319678
round_1,RJ,2022-11-20,18.078734274834023,20.863405598457422,6.671553486947523,79.21998101582008
round_1,RJ,2022-11-27,18.63848974287264,21.233297022044297,6.856208981597324,79.4981555370477
round_1,RJ,2022-12-04,17.992530984917163,20.68621632119391,6.940338170866789,80.82995345302524
round_1,RJ,2022-12-11,18.428077472183706,21.117386284303706,6.84179636591274,81.4599873598198
round_1,RJ,2022-12-18,18.705618284635996,21.653699136021807,6.8997327638409525,79.56413051896016
round_1,RJ,2022-12-25,18.90562235752773,21.52724179753651,6.547539613116251,81.41272192551294
round_1,RJ,2023-01-01,22.73946440584668,25.547053246054073,6.761684944151319,80.92083504739368
round_1,RJ,2023-01-08,22.543070209978175,25.579758151011777,6.731443132701589,79.77247718636528
round_1,RJ,2023-01-15,22.6544723595736,25.674779344595343,6.678944624598749,79.19375607360028
round_1,RJ,2023-01-22,22.367571892095715,25.45147277378164,6.511589741446506,78.78028357859726
round_1,RJ,2023-01-29,22.59328363956446,25.7830406524227,6.4976561145193195,79.60159998451154
round_1,RJ,2023-02-05,22.371511981016493,25.440767632128946,6.499668899943123,79.23869110619047
round_1,RJ,2023-02-12,22.435815476417503,25.70158964341644,6.306117776613811,78.63020468621269
round_1,RJ,2023-02-19,22.483979348328816,25.708440356802637,6.724213583627819,79.62393375848322
round_1,RJ,2023-02-26,22.224791287032225,25.297376625655897,6.457389291330162,79.631596303072
round_1,RJ,2023-03-05,22.23974532945757,25.419536375819384,6.662642521235355,80.36676504103134
round_1,RJ,2023-03-12,22.33335287335572,25.302554178933384,6.769217248617989,80.80549834275573
round_1,RJ,2023-03-19,21.884277086792004,24.795616698575937,6.781490739292021,81.44284512637289
round_1,RJ,2023-03-26,21.221225432129497,23.869646893496288,6.970287501831321,82.83122008664687
round_1,RJ,2023-04-02,20.98578120954102,23.74196341893012,6.686834462853319,82.68009865341972
round_1,RJ,2023-04-09,20.828732462676378,23.72850233224617,6.732518127149091,81.9937373926282
round_1,RJ,2023-04-16,20.008347542993796,22.917487030046857,6.376493678405348,80.81179265428582
round_1,RJ,2023-04-23,19.841295571320284,22.85554121055515,6.234695809425772,81.22088877991604
round_1,RJ,2023-04-30,18.66234960040465,21.97516619535201,5.71311701308124,79.97843926901615
round_1,RJ,2023-05-07,18.086497878988336,21.02857218350405,6.25298664115747,81.28726498979599
round_1,RJ,2023-05-14,17.74632440283043,20.70400264314371,5.7671454792320835,81.31441851617404
round_1,RJ,2023-05-21,17.279937211175334,20.424223198725834,5.765706604780779,81.06600998551656
round_1,RJ,2023-05-28,17.291321737230106,20.438673576811453,5.775367085234104,81.44650586140482
round_1,RJ,2023-06-04,16.86711291539588,20.07423092546046,5.311073116053424,81.23588201488681
round_1,RJ,2023-06-11,16.59358118807485,20.253082724090508,4.680768116589103,79.68822783166836
round_1,RJ,2023-06-18,16.57768677445682,19.85345929670761,5.409764659368086,80.80854433852723
round_1,RJ,2023-06-25,16.135899033785574,19.703043301785268,4.600086452997906,79.9610906213784
round_1,RJ,2023-07-02,16.07452200922671,19.60818192778464,4.790715994266982,79.65425657336078
round_1,RJ,2023-07-09,15.87266129723548,19.556011949657467,4.189515661848915,78.13952096239032
round_1,RJ,2023-07-16,15.579756991115245,19.220868497674093,4.4513210448041125,77.96301200084042
round_1,RJ,2023-07-23,15.892251596244575,19.55884303774547,4.452855593038362,77.10443528367925
round_1,RJ,2023-07-30,15.831390327607858,19.369200742500347,5.08421853049095,78.58347346133937
round_1,RJ,2023-08-06,16.233031273741535,20.081861847602113,4.603037959391503,77.24506515800647
round_1,RJ,2023-08-13,16.145139773084882,19.96724882191653,5.050579152429573,75.85607549494182
round_1,RJ,2023-08-20,16.391018067525994,20.501706477647957,4.575273052324556,74.68005487928122
round_1,RJ,2023-08-27,17.12624229313294,20.678894571777345,5.478449547745727,76.10317833997564
round_1,RJ,2023-09-03,17.0925915389203,20.715116595492447,5.37846309790576,75.68121593771411
round_1,RJ,2023-09-10,18.02112882965969,22.053365451193216,4.562312935467199,73.99652684635164
round_1,RJ,2023-09-17,18.230119970878036,21.852354564995256,5.555399537938065,75.06970574055768
round_1,RJ,2023-09-24,18.0710977235517,21.16109420881091,6.313174991296403,78.33270397116763
round_1,RJ,2023-10-01,19.0404973144699,22.351923329133086,6.068569533958893,77.92712218372792
round_1,RN,2022-06-26,22.42874568891684,25.063841591536633,6.479944785247665,75.03237859013178
round_1,RN,2022-07-03,22.65587562641779,25.332056226137723,6.518503222355868,79.41516145025105
round_1,RN,2022-07-10,22.605440263899546,25.30060447650814,6.463889363063109,79.2308028394678
round_1,RN,2022-07-17,22.37136415950771,25.31984670304942,6.051076237497368,77.02018274895578
round_1,RN,2022-07-24,22.329665449359652,25.294886391505948,6.102142121801126,76.41888418373419
round_1,RN,2022-07-31,22.20376122753722,25.31314491258383,5.952327950444433,74.68198096649441
round_1,RN,2022-08-07,22.20937041654271,25.499189528544505,5.438259341632658,69.4909164621652
round_1,RN,2022-08-14,22.21030501338394,25.535404605804324,5.512940413279492,68.9542698215324
round_1,RN,2022-08-21,22.40821158531047,25.71249102988293,5.624403606058115,69.02369832021706
round_1,RN,2022-08-28,22.55606120014668,25.957679350999427,5.464470852089672,68.16975999929996
round_1,RN,2022-09-04,22.171865196711035,25.543517894176148,5.464976408926257,66.35858347554506
round_1,RN,2022-09-11,22.28276009701277,25.628368010633697,5.492068966950712,66.38688948968893
round_1,RN,2022-09-18,22.449146868027476,25.871612346679047,5.3333946193282,65.96951191332404
round_1,RN,2022-09-25,22.73677758860388,26.14834842157877,5.29180380153483,65.4672405287239
round_1,RN,2022-10-02,22.73923074728762,26.1583191872362,5.269776191580229,64.5215089151533
round_1,RN,2022-10-09,22.847265595153484,26.158069800690075,5.584375831083871,65.13255498375158
round_1,RN,2022-10-16,23.04050336357708,26.312180089154708,5.737985059618083,65.64659037981143
round_1,RN,2022-10-23,23.12827321916125,26.442433707285225,5.5585967999659855,65.02380664509691
round_1,RN,2022-10-30,23.26760370290023,26.530126055492214,5.81016163190116,65.29546431164223
round_1,RN,2022-11-06,23.63164907987429,26.86691769551139,5.964793353412828,64.40588890866634
round_1,RN,2022-11-13,23.632192312649764,26.894064133884807,5.691547171254924,64.45518750850977
round_1,RN,2022-11-20,23.78785297679738,27.01080986767783,5.939638684330364,64.89116319084911
round_1,RN,2022-11-27,23.89440494215076,27.05630973523964,6.159618737791257,65.13975963314392
round_1,RN,2022-12-04,24.2761596927324,27.407997685407597,6.267735204825898,64.51931827500256
round_1,RN,2022-12-11,24.246614270340665,27.24773807304748,6.635726829447461,65.4174937847189
round_1,RN,2022-12-18,24.362315175888224,27.383830770107107,6.565672096177827,65.22721103345198
round_1,RN,2022-12-25,24.325242486989183,27.352343134283867,6.259529444084535,65.04105047384182
round_1,RN,2023-01-01,24.214824143770812,27.192461392746353,6.610311976676406,69.74037964503799
round_1,RN,2023-01-08,24.162607024813056,27.06561789714408,6.78555543956552,70.9872437084065
round_1,RN,2023-01-15,24.099229504555545,26.94760061122251,6.7760803301575265,72.37847762624195
round_1,RN,2023-01-22,24.072599317629376,26.872421035664452,6.754094164435607,73.37944185847236
round_1,RN,2023-01-29,24.167044547058257,27.054120906401273,6.742949465428826,72.2998056144462
round_1,RN,2023-02-05,24.15467494485586,27.0498905163859,6.824757128525846,72.95065113674575
round_1,RN,2023-02-12,24.09829982456313,26.843470930868413,6.883955022867123,74.53647052613134
round_1,RN,2023-02-19,23.995697706831997,26.707091849433063,6.8941819087724046,76.35411239120958
round_1,RN,2023-02-26,24.070047422631223,26.796942497649027,6.829029283697831,75.7150779782293
round_1,RN,2023-03-05,24.0921325541485,26.841962106006275,6.8681041078575795,75.89759612969709
round_1,RN,2023-03-12,24.0431654920214,26.724601851980893,6.913002494462468,76.52712250818668
round_1,RN,2023-03-19,23.99742776204628,26.590202490409748,6.922666529491951,77.88362004358292
round_1,RN,2023-03-26,24.011834512137916,26.51881155339874,6.96735629761551,78.92808230512397
round_1,RN,2023-04-02,24.00058091644785,26.54940384389758,6.861522414350153,78.16734136242351
round_1,RN,2023-04-09,23.920868336098017,26.42657079663214,6.9461130623330725,79.35164462796868
round_1,RN,2023-04-16,23.87130656901224,26.39098700638719,6.905461878222174,78.82523969834612
round_1,RN,2023-04-23,23.873792315274088,26.39247083278701,6.831525356828329,78.28631951709023
round_1,RN,2023-04-30,23.69647523003256,26.215370942499696,6.753958315160955,78.45058565343882
round_1,RN,2023-05-07,23.660138180992845,26.206491902270507,6.776482416830572,78.00513393770538
round_1,RN,2023-05-14,23.59285642082001,26.285474195638084,6.483673549612693,76.42260771767222
round_1,RN,2023-05-21,23.53260585740648,26.23482489746716,6.643818364738139,76.10076863749278
round_1,RN,2023-05-28,23.38259513320207,26.016477491535415,6.659462032845727,76.58165190897442
round_1,RN,2023-06-04,23.042604356586576,25.717378831911446,6.576370420453757,76.32362875803832
round_1,RN,2023-06-11,22.871626005521016,25.506975639138737,6.54641081082387,75.294628482419
round_1,RN,2023-06-18,22.611432358535215,25.21948081238884,6.661987123059158,76.25859802601667
round_1,RN,2023-06-25,22.42874568891684,25.063841591536633,6.479944785247665,75.03237859013178
round_1,RN,2023-07-02,22.328925616539728,25.005106216259655,6.518503222355868,75.10408842861588
round_1,RN,2023-07-09,22.278490254021477,24.97365446663008,6.463889363063109,74.91972981783262
round_1,RN,2023-07-16,22.044414149629645,24.992896693171357,6.051076237497368,72.7091097273206
round_1,RN,2023-07-23,22.002715439481587,24.96793638162788,6.102142121801126,72.10781116209901
round_1,RN,2023-07-30,21.876811217659153,24.986194902705765,5.952327950444433,70.37090794485923
round_1,RN,2023-08-06,21.90731528156071,25.1971343935625,5.438259341632658,69.0055055136146
round_1,RN,2023-08-13,21.908249878401936,25.23334947082232,5.512940413279492,68.46885887298178
round_1,RN,2023-08-20,22.106156450328474,25.410435894900928,5.624403606058115,68.53828737166644
round_1,RN,2023-08-27,22.25400606516467,25.65562421601743,5.464470852089672,67.68434905074933
round_1,RN,2023-09-03,22.399320950016524,25.77097364748164,5.464976408926257,66.92703176406857
round_1,RN,2023-09-10,22.51021585031826,25.85582376393919,5.492068966950712,66.95533777821242
round_1,RN,2023-09-17,22.676602621332968,26.09906809998454,5.3333946193282,66.53796020184755
round_1,RN,2023-09-24,22.964233341909377,26.375804174884266,5.29180380153483,66.0356888172474
round_1,RN,2023-10-01,23.19561280231964,26.614701242268215,5.269776191580229,65.32248767178578
round_1,RO,2022-06-26,21.16106707260778,25.3082556228403,4.001231925983775,71.79583512165591
round_1,RO,2022-07-03,19.84813274508121,24.17816268050937,3.713565429690034,81.303800394795
round_1,RO,2022-07-10,19.646641418584537,24.03023197322476,3.997223820729628,79.9567213933999
round_1,RO,2022-07-17,19.700486050888873,24.1993886402066,3.663057398379468,77.49381557431816
round_1,RO,2022-07-24,19.830267609626578,24.497425491564435,3.5642190390448047,74.75307783109771
round_1,RO,2022-07-31,19.869882276275572,24.967152335680993,2.5140529643591947,71.15540192723883
round_1,RO,2022-08-07,20.27020241616319,25.356437539111536,2.9727247041608185,52.80075071829459
round_1,RO,2022-08-14,20.56765407104645,25.545751746815903,3.5663423613687604,54.60375540620932
round_1,RO,2022-08-21,20.818851005443488,25.650477098752873,4.317885680631193,55.37304794985697
round_1,RO,2022-08-28,20.95834266715958,25.143916660227045,5.630654802830093,62.84070845498316
round_1,RO,2022-09-04,22.894275405692024,27.145664536565864,5.910349039641543,49.28019102816317
round_1,RO,2022-09-11,23.220392408829532,27.346698052159805,6.207358657495933,51.54583304220912
round_1,RO,2022-09-18,23.396712661566465,27.45111520673524,6.5282471998733875,53.03366892707544
round_1,RO,2022-09-25,23.17360522759141,26.787326786310956,6.859664685324664,58.301433226943146
round_1,RO,2022-10-02,23.947375749928867,27.45502414143696,6.96283245422633,66.01640713706429
round_1,RO,2022-10-09,24.09074622927489,27.453982369175773,6.990941185017214,67.08148995744773
round_1,RO,2022-10-16,23.91768996494234,27.119674732840306,6.9904850958282845,68.84586215802348
round_1,RO,2022-10-23,23.912818462627484,26.988055502808685,6.994734412823115,70.02080231685318
round_1,RO,2022-10-30,23.891932787272417,26.74446517387058,7.0,71.56547053494116
round_1,RO,2022-11-06,23.734769499005644,26.45086312784742,6.988164772240802,81.02105242906082
round_1,RO,2022-11-13,23.734426656768623,26.393427917727195,6.98448360138962,81.58014219298325
round_1,RO,2022-11-20,23.751570767733288,26.29619830387131,6.999853046864662,82.49457407484955
round_1,RO,2022-11-27,23.88478344342046,26.420884054028377,6.998277737274569,82.24687480013193
round_1,RO,2022-12-04,23.62086774229662,26.103802338154743,7.0,85.982838548465
round_1,RO,2022-12-11,23.52506671566878,25.850606225185263,6.9987179221075735,86.72914630912575
round_1,RO,2022-12-18,23.343499845883237,25.826906134872168,6.994632733914677,86.26298636738366
round_1,RO,2022-12-25,23.46330483303235,25.82256548172886,6.739130434782608,86.82434023045055
round_1,RO,2023-01-01,22.835859272547943,25.168855889353814,7.0,89.401238817889
round_1,RO,2023-01-08,22.83339921487911,25.13141915052278,7.0,89.75333047912682
round_1,RO,2023-01-15,22.757529833758976,25.174651939758697,6.999805508644404,89.18817401125419
round_1,RO,2023-01-22,22.841008488287144,25.224869456685266,6.999664721422216,89.30579951340432
round_1,RO,2023-01-29,22.84524662265561,25.123644160363632,7.0,89.75469890678195
round_1,RO,2023-02-05,22.865548159877573,25.14212466138973,7.0,89.95396851696292
round_1,RO,2023-02-12,22.718088376986135,24.890876598486617,7.0,90.59759975577347
round_1,RO,2023-02-19,22.716030346298066,24.907767676733236,7.0,90.75232474566212
round_1,RO,2023-02-26,22.674609924231017,24.955989530948568,6.999243675060212,90.18966461952404
round_1,RO,2023-03-05,22.813583849844335,25.21564570300068,7.0,89.67022984881442
round_1,RO,2023-03-12,22.829120384606043,25.165258189962245,7.0,90.21230339350316
round_1,RO,2023-03-19,22.75015666136279,25.029461489248447,7.0,90.71220292674126
round_1,RO,2023-03-26,22.63728762578309,24.86356559386515,6.998914228493219,91.19569635295328
round_1,RO,2023-04-02,22.76455605656448,25.157067586451937,6.950462279919146,90.11419875316432
round_1,RO,2023-04-09,22.732622678410337,25.174472906601142,6.9576521317240285,89.7328847794002
round_1,RO,2023-04-16,22.64771598156872,25.093861469374943,6.995884560930244,89.5158806444138
round_1,RO,2023-04-23,22.45041382717288,25.01749747624608,6.934802139727534,88.4828790276712
round_1,RO,2023-04-30,22.340820640597283,24.989422374451607,6.832082710321543,87.45838576289775
round_1,RO,2023-05-07,21.88126601824941,24.778949090489935,6.295767846263232,84.57017953879536
round_1,RO,2023-05-14,22.10546816532315,24.830653041128084,6.650930478708818,86.32257250433527
round_1,RO,2023-05-21,21.943378920269677,24.87001736931749,6.667760619533266,85.72689091244096
round_1,RO,2023-05-28,21.696232648142736,24.82632936122181,6.198608333322992,84.20311549774617
round_1,RO,2023-06-04,21.56098049186541,24.800570540239192,6.293465765476234,82.68656870241128
round_1,RO,2023-06-11,21.562060782801915,25.25901683151817,5.697215599512096,79.31706298015716
round_1,RO,2023-06-18,21.01915993207888,25.039476663103525,4.562314489320595,74.99989074870611
round_1,RO,2023-06-25,21.16106707260778,25.3082556228403,4.001231925983775,71.79583512165591
round_1,RO,2023-07-02,21.473490458905346,25.80352039433351,3.713565429690034,68.64160775916595
round_1,RO,2023-07-09,21.271999132408673,25.655589687048906,3.997223820729628,67.29452875777085
round_1,RO,2023-07-16,21.32584376471301,25.82474635403074,3.663057398379468,64.8316229386891
round_1,RO,2023-07-23,21.455625323450715,26.12278320538858,3.5642190390448047,62.09088519546865
round_1,RO,2023-07-30,21.495239990099712,26.592510049505133,2.5140529643591947,58.49320929160976
round_1,RO,2023-08-06,22.11919233875685,27.20542746170519,2.9727247041608185,57.69376913260734
round_1,RO,2023-08-13,22.41664399364011,27.39474166940956,3.5663423613687604,59.496773820522066
round_1,RO,2023-08-20,22.667840928037148,27.49946702134653,4.317885680631193,60.26606636416972
round_1,RO,2023-08-27,22.807332589753234,26.9929065828207,5.630654802830093,67.73372686929592
round_1,RO,2023-09-03,22.97176576608996,27.22315489696379,5.910349039641543,68.91188773203514
round_1,RO,2023-09-10,23.29788276922746,27.424188412557733,6.207358657495933,71.17752974608109
round_1,RO,2023-09-17,23.474203021964392,27.52860556713317,6.5282471998733875,72.6653656309474
round_1,RO,2023-09-24,23.25109558798934,26.86481714670888,6.859664685324664,77.93312993081511
round_1,RO,2023-10-01,23.3362662003593,26.84391459186739,6.96283245422633,80.33101162323912
round_1,RR,2022-06-26,22.407751023995697,24.6413928794948,7.0,88.98467916439309
round_1,RR,2022-07-03,21.648591823353172,23.969301548753226,7.0,90.12872934647596
round_1,RR,2022-07-10,21.647692215307572,23.975777940792103,7.0,90.16334907547024
round_1,RR,2022-07-17,21.586260010585747,23.97643605952632,7.0,89.86284237750284
round_1,RR,2022-07-24,21.613009435299738,24.09684473139675,7.0,89.51320487555681
round_1,RR,2022-07-31,21.691872867263985,24.208379042478153,6.994744042078674,89.43616443320833
round_1,RR,2022-08-07,21.413797718982664,24.026479282252172,7.0,90.28165882972104
round_1,RR,2022-08-14,21.53825153387774,24.191346451124936,7.0,89.853255018551
round_1,RR,2022-08-21,21.678237404657796,24.50395832310751,7.0,88.64667994499176
round_1,RR,2022-08-28,21.832603568450065,24.904692342507097,6.9989956921141365,86.45640691310507
round_1,RR,2022-09-04,21.576908218347267,24.60072119198513,7.0,90.27595131660004
round_1,RR,2022-09-11,21.784962226986984,24.980185456827645,6.925670449192592,87.68900749295157
round_1,RR,2022-09-18,21.81521488565921,25.021046465746725,6.935607885911904,88.29207241684406
round_1,RR,2022-09-25,22.104828981638665,25.64209703895927,6.851177605293896,83.94503487885632
round_1,RR,2022-10-02,22.581311885495065,26.272022161094736,6.836954986235143,80.4554335238047
round_1,RR,2022-10-09,22.750581293295586,26.326048271422714,6.71486325218803,80.53467118448641
round_1,RR,2022-10-16,22.698642748729593,26.20972638535375,6.957478331363643,81.17036427329046
round_1,RR,2022-10-23,22.712803011895513,26.277323367789194,6.833231300787596,80.86243920527218
round_1,RR,2022-10-30,22.857898964917343,26.202786660891032,6.938348244236258,81.5681431432743
round_1,RR,2022-11-06,23.45967054556364,26.720612513211815,6.931155534269892,78.9090169846791
round_1,RR,2022-11-13,23.63672491001582,26.947278089613047,6.905773118339377,77.15234915357892
round_1,RR,2022-11-20,23.600371118569623,26.996969203534036,6.769565822497579,76.14117881529872
round_1,RR,2022-11-27,23.82739089676016,27.077954785712137,7.0,75.44417925388719
round_1,RR,2022-12-04,23.52388868659807,26.869832720816216,6.896962982305279,80.03250016938611
round_1,RR,2022-12-11,23.44848725525564,26.64179422310052,6.732255381534861,80.15079361539141
round_1,RR,2022-12-18,23.391559121573497,26.47208520457374,6.707889394341371,80.50364172130756
round_1,RR,2022-12-25,23.178115636167373,26.296845856505655,6.526965900404878,80.3360951415653
round_1,RR,2023-01-01,23.647570540185995,26.850142492077588,6.259236596853203,70.1179051119975
round_1,RR,2023-01-08,23.935163486569607,27.36841157657614,6.109414589051303,66.31297057769409
round_1,RR,2023-01-15,24.05537261502578,27.42561658891944,6.12881935216113,66.2514109126525
round_1,RR,2023-01-22,24.07644960751807,27.674919775294892,5.804055507859223,63.68952197335746
round_1,RR,2023-01-29,24.09134848083472,27.47596247822095,5.7880172596640405,65.32504470930826
round_1,RR,2023-02-05,24.07231143240623,27.593661055231728,5.887018857850831,63.69104242974484
round_1,RR,2023-02-12,24.17479031986369,27.784026979885336,5.498507040708447,62.61515405314789
round_1,RR,2023-02-19,24.148340395205267,27.65324714094966,5.903762506947486,64.46371231372186
round_1,RR,2023-02-26,24.35738470120956,27.884238035735013,6.259662568130097,64.09826970438488
round_1,RR,2023-03-05,24.38556268205678,27.874685165774338,5.896774059137855,64.61308142651563
round_1,RR,2023-03-12,24.310400642056734,27.919628194315447,5.717185675218029,64.21188471393337
round_1,RR,2023-03-19,24.44817524179877,27.926460763495292,6.238622188312967,65.95024591592366
round_1,RR,2023-03-26,24.318980117977716,27.79142077449542,6.336423616252493,67.04110995822327
round_1,RR,2023-04-02,24.180747669312613,27.26341685373105,6.348282367049056,71.39342958828472
round_1,RR,2023-04-09,24.16264980442196,27.267728388692895,6.298182247908927,72.48749530783803
round_1,RR,2023-04-16,23.760271341229913,26.555052845859905,6.8698775453225664,77.98261315923355
round_1,RR,2023-04-23,23.5224209530837,26.09781025374641,6.967594167430371,81.7823466670871
round_1,RR,2023-04-30,23.34845694250536,25.7671643439215,6.963105990928777,83.44447590440919
round_1,RR,2023-05-07,23.13474452751423,25.33091626340444,7.0,86.88720927529377
round_1,RR,2023-05-14,23.168428234530744,25.325894538525457,7.0,86.88327128722557
round_1,RR,2023-05-21,23.013777225493513,25.3024642369772,7.0,86.9656967292643
round_1,RR,2023-05-28,22.912758956352548,25.124319417226296,6.9963189796275325,87.57456349792973
round_1,RR,2023-06-04,22.68144315888078,24.96964320665857,6.971428673999321,87.89725551735795
round_1,RR,2023-06-11,22.549196097214946,24.762088903636563,7.0,89.17301766798809
round_1,RR,2023-06-18,22.440258233085,24.696478023611657,7.0,88.94970162120973
round_1,RR,2023-06-25,22.407751023995697,24.6413928794948,7.0,88.98467916439309
round_1,RR,2023-07-02,22.34460150772929,24.665311233129337,7.0,88.82498751570525
round_1,RR,2023-07-09,22.343701899683687,24.67178762516822,7.0,88.85960724469955
round_1,RR,2023-07-16,22.28226969496186,24.67244574390243,7.0,88.55910054673214
round_1,RR,2023-07-23,22.309019119675856,24.79285441577287,7.0,88.20946304478612
round_1,RR,2023-07-30,22.387882551640104,24.904388726854272,6.994744042078674,88.13242260243763
round_1,RR,2023-08-06,22.524779203159596,25.137460766429104,7.0,87.64348800851145
round_1,RR,2023-08-13,22.64923301805467,25.30232793530187,7.0,87.21508419734141
round_1,RR,2023-08-20,22.789218888834725,25.61493980728444,7.0,86.00850912378216
round_1,RR,2023-08-27,22.943585052626997,26.015673826684026,6.9989956921141365,83.81823609189549
round_1,RR,2023-09-03,22.960127954772577,25.983940928410437,7.0,84.33900765507956
round_1,RR,2023-09-10,23.16818196341229,26.36340519325295,6.925670449192592,81.75206383143112
round_1,RR,2023-09-17,23.19843462208452,26.404266202172032,6.935607885911904,82.35512875532359
round_1,RR,2023-09-24,23.488048718063975,27.025316775384574,6.851177605293896,78.00809121733585
round_1,RR,2023-10-01,23.855538658943228,27.546248934542906,6.836954986235143,74.26486323847098
round_1,RS,2022-06-26,11.23259667959912,14.267563084709735,5.353140332178881,83.43891222689737
round_1,RS,2022-07-03,10.569492176235787,13.90248979526728,4.705051146273835,83.43348436857322
round_1,RS,2022-07-10,9.754879118086205,12.95811308092479,5.151015519306772,84.11339541469307
round_1,RS,2022-07-17,8.709338291159437,12.218852305493067,4.687928294258351,82.68497721846332
round_1,RS,2022-07-24,9.64776331747417,12.987072850557,4.875901107273995,81.39541795223654
round_1,RS,2022-07-31,9.548810887744,13.299313119740862,4.48365960904762,82.7329839599149
round_1,RS,2022-08-07,9.225718454236407,12.89244316320363,5.204424662718215,81.86605846686732
round_1,RS,2022-08-14,9.685999416312365,13.446103714970592,4.651750378237463,81.27479257861661
round_1,RS,2022-08-21,9.771218319471412,13.631582749511876,4.840282172362886,80.23313168094438
round_1,RS,2022-08-28,9.706962862643207,13.47337934092606,5.05450969791478,80.66670970052239
round_1,RS,2022-09-04,9.844674210261774,13.76094257307575,4.8766882662354085,78.25371544090363
round_1,RS,2022-09-11,10.935116086307906,14.492140491180466,5.523113663735672,79.38237737861795
round_1,RS,2022-09-18,10.69529071634038,14.326814762409006,5.988294888946418,80.07998965147097
round_1,RS,2022-09-25,10.36446683788192,14.356803633928868,5.352526412769906,77.97846006466777
round_1,RS,2022-10-02,11.206988801033974,14.817526169329158,6.137806186534014,79.21221071301375
round_1,RS,2022-10-09,11.895045780866242,15.533750247546507,6.011582726958482,79.59601470261109
round_1,RS,2022-10-16,11.985634489682576,15.82240279464211,6.023192196733446,79.10970677705899
round_1,RS,2022-10-23,12.145828865215762,16.15529668168567,5.6504092274071125,76.8267314486249
round_1,RS,2022-10-30,12.531188781704325,16.63760044664219,5.67840025240622,76.63815578426129
round_1,RS,2022-11-06,12.77474393250572,16.8154931888035,5.93715317543167,76.8329638891182
round_1,RS,2022-11-13,13.313512291929316,17.35608809093473,5.8181277660494874,76.23504216371492
round_1,RS,2022-11-20,13.8316334628414,18.020424148382812,5.555541256841805,76.15279493919857
round_1,RS,2022-11-27,14.613567217991315,18.595059030781492,5.7895172901797425,76.00555339070196
round_1,RS,2022-12-04,14.371949649608444,18.329756744449217,6.110379273510369,74.12549498011607
round_1,RS,2022-12-11,14.869487597444676,19.067973171723423,5.9950312057389485,73.2532390219217
round_1,RS,2022-12-18,15.691823242193344,19.706526083940815,6.4036004255640355,75.54991793759004
round_1,RS,2022-12-25,15.849252124458957,19.850232827474468,5.774499553149699,74.35179496877191
round_1,RS,2023-01-01,19.995263169131395,23.792000904647516,6.521162171590787,76.10570038657264
round_1,RS,2023-01-08,20.339544938999303,24.278619187826266,6.325269951664399,76.21786947110692
round_1,RS,2023-01-15,19.919321637808014,23.67987173778276,6.349363249206358,77.26871138740385
round_1,RS,2023-01-22,19.89956475377226,23.606124717860073,6.512557106747051,76.64038625736198
round_1,RS,2023-01-29,20.423902449813006,24.181786523506403,6.39015469929139,77.5377214236708
round_1,RS,2023-02-05,20.04247552530683,23.924580991940264,6.452134735143684,76.32115539984507
round_1,RS,2023-02-12,19.70956502358076,23.390914886302763,6.499554980441647,77.24732955879212
round_1,RS,2023-02-19,19.980297196777737,23.5133279814688,6.574858509596629,78.17549267717051
round_1,RS,2023-02-26,19.43429204185608,23.01243244569099,6.43614179795658,78.40487092593986
round_1,RS,2023-03-05,19.385172853613692,23.09557765470431,6.118987111913887,78.11391056654958
round_1,RS,2023-03-12,19.042225340361675,22.631716657250394,6.256881788991513,78.08323990789891
round_1,RS,2023-03-19,18.596187421956433,21.723896074607655,6.488079457682375,80.06241032039686
round_1,RS,2023-03-26,17.331181495370803,20.945161051555115,5.931346066084968,78.14404500731676
round_1,RS,2023-04-02,17.665481377165964,21.10121360036976,6.048288307757912,79.35712305975947
round_1,RS,2023-04-09,17.021222278529798,20.42801073978636,5.8692229458637035,79.37036836451031
round_1,RS,2023-04-16,15.906545658183049,19.495659519189015,5.290440728304548,79.23776770188961
round_1,RS,2023-04-23,14.600060034273168,18.222889737232386,5.2960930563019,79.85608271471945
round_1,RS,2023-04-30,14.179379426337468,17.520195788348957,5.471910463400179,80.7773779852723
round_1,RS,2023-05-07,13.08702712848528,16.266766253231875,5.655502374084662,81.47157261062539
round_1,RS,2023-05-14,12.590099229710606,15.725737010840534,5.385983012741015,82.48814937211479
round_1,RS,2023-05-21,12.504974037964123,15.713882151065034,5.016794427175016,82.05649049347433
round_1,RS,2023-05-28,11.486612726968014,14.572503603808713,5.177673919818775,81.98756583444955
round_1,RS,2023-06-04,10.914514684725296,14.034003195834412,5.2223237091174814,82.60569098090104
round_1,RS,2023-06-11,11.609370825068083,14.677417346148802,5.072651332185415,83.63638430544472
round_1,RS,2023-06-18,10.271988076476186,13.45368497214105,5.1976828104175965,82.62306732991372
round_1,RS,2023-06-25,11.23259667959912,14.267563084709735,5.353140332178881,83.43891222689737
round_1,RS,2023-07-02,10.847381076598252,14.180378695629742,4.705051146273835,81.89976790523684
round_1,RS,2023-07-09,10.032768018448666,13.236001981287254,5.151015519306772,82.57967895135668
round_1,RS,2023-07-16,8.987227191521901,12.496741205855532,4.687928294258351,81.15126075512694
round_1,RS,2023-07-23,9.925652217836634,13.264961750919465,4.875901107273995,79.86170148890017
round_1,RS,2023-07-30,9.82669978810646,13.577202020103323,4.48365960904762,81.19926749657853
round_1,RS,2023-08-06,11.0029509846907,14.669675693657924,5.204424662718215,80.13265412633878
round_1,RS,2023-08-13,11.463231946766651,15.223336245424882,4.651750378237463,79.54138823808808
round_1,RS,2023-08-20,11.548450849925704,15.408815279966165,4.840282172362886,78.49972734041586
round_1,RS,2023-08-27,11.4841953930975,15.250611871380352,5.05450969791478,78.93330535999387
round_1,RS,2023-09-03,12.06036116500732,15.9766295278213,4.8766882662354085,78.47644297454332
round_1,RS,2023-09-10,13.150803041053456,16.707827445926014,5.523113663735672,79.60510491225763
round_1,RS,2023-09-17,12.910977671085927,16.542501717154554,5.988294888946418,80.30271718511065
round_1,RS,2023-09-24,12.580153792627469,16.572490588674416,5.352526412769906,78.20118759830746
round_1,RS,2023-10-01,14.247914924606722,17.858452292901905,6.137806186534014,79.72243178255206
round_1,SC,2022-06-26,12.464020092643365,15.308922351499746,5.954986978903958,84.8818033556949
round_1,SC,2022-07-03,11.587072929735086,14.780290930883966,5.38301994088898,84.63477849297914
round_1,SC,2022-07-10,11.312948979687702,14.26480784992083,5.816653419362839,85.06871080009131
round_1,SC,2022-07-17,10.298122770859525,13.610507558074396,5.3323091541288274,83.67263009856832
round_1,SC,2022-07-24,10.898156604732115,14.092871442011235,5.605427094715089,83.3351425207251
round_1,SC,2022-07-31,11.0068599493547,14.197526500822406,5.72712587080235,84.54710555914734
round_1,SC,2022-08-07,10.531734543828884,13.78266447237496,5.863180032041593,83.02916085513039
round_1,SC,2022-08-14,10.728319949637408,14.029347940069576,5.899915352798811,82.88462806544793
round_1,SC,2022-08-21,10.973966341267086,14.437323541264426,5.732422530810627,81.94646294407633
round_1,SC,2022-08-28,11.130449091636486,14.354624840838026,6.159599771119102,82.00363052144748
round_1,SC,2022-09-04,11.05646472601924,14.36940986307071,5.944569874437413,79.99673547958191
round_1,SC,2022-09-11,12.54711017447294,15.592750596029669,6.338674922134868,81.90237280779286
round_1,SC,2022-09-18,12.261454918248054,15.252203850503154,6.707936503195259,81.77861596620471
round_1,SC,2022-09-25,11.931846496557196,15.039432008703235,6.424428002348148,79.82307642280895
round_1,SC,2022-10-02,12.78189273117037,15.63357704594637,6.7552448679934605,81.28404837036305
round_1,SC,2022-10-09,13.393240271524324,16.22168244319589,6.7631289745589696,81.76400060438358
round_1,SC,2022-10-16,13.515959856187957,16.401602839371886,6.760190779163657,81.23951021504277
round_1,SC,2022-10-23,13.767322347593964,16.782133889571387,6.666729757966701,79.83600624408854
round_1,SC,2022-10-30,13.9290705002984,17.03352153495604,6.615848163323627,78.97651845574954
round_1,SC,2022-11-06,14.04523327641698,16.93511384650931,6.826913818076241,80.20890537885828
round_1,SC,2022-11-13,14.464558275565418,17.526203983870925,6.644301825152046,79.67639255858117
round_1,SC,2022-11-20,14.906521300868306,18.079933314374472,6.679905366714281,79.33338029161612
round_1,SC,2022-11-27,15.63098719219287,18.502616097066777,6.765013119033668,80.56990245437147
round_1,SC,2022-12-04,15.230283456020448,18.23670336020582,6.804949306785382,77.69147435805158
round_1,SC,2022-12-11,15.791971806546565,18.76008171049658,6.8279151747788545,78.04269403313428
round_1,SC,2022-12-18,16.342937911108894,19.454841059219728,6.882993735356479,78.70431147895526
round_1,SC,2022-12-25,16.480278070106674,19.364575447939156,6.5891541469996655,78.76653338098508
round_1,SC,2023-01-01,20.29879895585205,23.216985666654463,6.9467411247081525,82.18445963916915
round_1,SC,2023-01-08,20.42277194210622,23.367917560947333,6.9144908366637035,82.44277190506398
round_1,SC,2023-01-15,20.219033742075084,23.17445002215021,6.8783288679011,82.52564103856241
round_1,SC,2023-01-22,20.03652526028893,22.893744207379747,6.847746435510844,81.838546078944
round_1,SC,2023-01-29,20.48695247738149,23.54961003469631,6.9026651845838405,82.31413376459957
round_1,SC,2023-02-05,20.186734909618192,23.22700006534765,6.8534660874776,81.50117784932203
round_1,SC,2023-02-12,20.023797920848462,22.966729843516315,6.89585937122904,82.34998174895537
round_1,SC,2023-02-19,20.375582998747127,23.133743367629652,6.95460456013913,83.59948744494152
round_1,SC,2023-02-26,19.91552533888667,22.737885468368766,6.9365017995300065,83.13517784632609
round_1,SC,2023-03-05,19.959084689098905,22.9393913973008,6.823306970511312,82.50002001438946
round_1,SC,2023-03-12,19.850602555880492,22.64541955301596,6.867400897730768,83.07439958843038
round_1,SC,2023-03-19,19.355636344683404,22.043560787617608,6.912179046189751,83.20128017333461
round_1,SC,2023-03-26,18.1477523123743,21.03585915097016,6.694651789779429,81.75461370313595
round_1,SC,2023-04-02,18.34884982250984,21.14126791516903,6.74656027872552,82.92894105971244
round_1,SC,2023-04-09,17.870266952539133,20.83135975747378,6.575151668731642,82.50105236550507
round_1,SC,2023-04-16,16.930755692163743,19.98001437365213,6.285312620201073,81.89970995396317
round_1,SC,2023-04-23,16.214889305700094,19.234938216484068,6.238442912988125,82.15381953595534
round_1,SC,2023-04-30,15.403351914431918,18.474967335171964,6.250532529804954,82.35805510764044
round_1,SC,2023-05-07,14.262353336597538,17.1904401959219,6.314464767855719,82.17883741189594
round_1,SC,2023-05-14,13.95735490529475,16.77049734215387,6.139904034944099,82.8971700571553
round_1,SC,2023-05-21,13.734815898450938,16.66389027829447,5.836436100164742,83.24487589611415
round_1,SC,2023-05-28,12.972298198793808,15.869328956429184,5.7860396105787,82.90182173040857
round_1,SC,2023-06-04,12.281070056460218,15.306199375708433,5.592247321952811,83.29559604633559
round_1,SC,2023-06-11,12.966880226433531,15.9643301934064,5.595191188615447,84.3747994870024
round_1,SC,2023-06-18,12.217271209470264,15.0503056262422,5.994543218780958,84.17020541889573
round_1,SC,2023-06-25,12.464020092643365,15.308922351499746,5.954986978903958,84.8818033556949
round_1,SC,2023-07-02,12.098460925360136,15.291678926509016,5.38301994088898,83.16234868408222
round_1,SC,2023-07-09,11.824336975312754,14.776195845545878,5.816653419362839,83.59628099119439
round_1,SC,2023-07-16,10.809510766484571,14.121895553699447,5.3323091541288274,82.20020028967139
round_1,SC,2023-07-23,11.409544600357169,14.604259437636284,5.605427094715089,81.86271271182817
round_1,SC,2023-07-30,11.51824794497975,14.708914496447456,5.72712587080235,83.07467575025039
round_1,SC,2023-08-06,12.362483289804494,15.613413218350574,5.863180032041593,82.03517411577889
round_1,SC,2023-08-13,12.55906869561302,15.860096686045187,5.899915352798811,81.89064132609644
round_1,SC,2023-08-20,12.804715087242698,16.268072287240038,5.732422530810627,80.95247620472483
round_1,SC,2023-08-27,12.961197837612096,16.18537358681364,6.159599771119102,81.00964378209599
round_1,SC,2023-09-03,13.220706052286546,16.533651189338013,5.944569874437413,80.4831581612668
round_1,SC,2023-09-10,14.711351500740244,17.75699192229697,6.338674922134868,82.38879548947773
round_1,SC,2023-09-17,14.425696244515356,17.41644517677046,6.707936503195259,82.2650386478896
round_1,SC,2023-09-24,14.0960878228245,17.203673334970542,6.424428002348148,80.30949910449381
round_1,SC,2023-10-01,15.48362598160797,18.33531029638397,6.7552448679934605,82.78025674618327
round_1,SE,2022-06-26,21.571778220219368,23.390150049677015,7.0,82.14503346490801
round_1,SE,2022-07-03,21.816034439111284,23.680712017242406,6.9932279710243765,83.0661663799635
round_1,SE,2022-07-10,21.727074607626875,23.55270326123014,7.0,83.60238307134951
round_1,SE,2022-07-17,21.59095258343731,23.52886636466382,6.974437601495236,81.93401555217552
round_1,SE,2022-07-24,21.554331097146203,23.433249970515025,6.971475299654953,81.58375903591715
round_1,SE,2022-07-31,21.315546957387944,23.293868230670693,6.9495054989043705,80.53867448610833
round_1,SE,2022-08-07,20.621831267179275,22.73101200695513,6.97449722114323,80.3916048224301
round_1,SE,2022-08-14,20.615495206348424,22.639312325422093,6.996472556874396,80.30744749371537
round_1,SE,2022-08-21,20.784944151359664,22.810206079878498,7.0,81.67956099807085
round_1,SE,2022-08-28,20.925862411587055,23.104358346137605,6.979611543202006,79.70823852728122
round_1,SE,2022-09-04,20.22958945554603,22.42557113164264,6.960142189697622,78.51587330337827
round_1,SE,2022-09-11,20.37316341639282,22.44620177355919,6.991323285366796,79.03697146018821
round_1,SE,2022-09-18,20.484989185324892,22.759500598249268,6.936935142876629,78.07314398274178
round_1,SE,2022-09-25,20.90343816139189,23.241466665212084,6.868393363162926,77.54283973299019
round_1,SE,2022-10-02,20.96382495061971,23.356097164404947,6.863017572574962,75.58775871739829
round_1,SE,2022-10-09,21.10501887902756,23.36215197454339,6.959014279261515,75.90625758104446
round_1,SE,2022-10-16,21.34396861324655,23.6347692223192,6.9636496475897625,75.97169869757685
round_1,SE,2022-10-23,21.538966058408235,23.915583329358665,6.912548987049134,75.70697481943368
round_1,SE,2022-10-30,21.821927086164045,24.311317469597,6.860033130812347,74.62054418928348
round_1,SE,2022-11-06,22.442899119435808,24.8134413942106,6.8914909359751,73.85941987056239
round_1,SE,2022-11-13,22.531769820983865,25.097733030105736,6.814980345876983,72.12843761729694
round_1,SE,2022-11-20,22.660836636689204,25.210733919736388,6.830825512702287,72.59266430011361
round_1,SE,2022-11-27,22.83084281777654,25.37977075857484,6.850620066083715,71.98849425368755
round_1,SE,2022-12-04,23.534709133021092,26.202954990898604,6.563189552328794,70.75299614243369
round_1,SE,2022-12-11,23.523357385691828,26.0294707501021,6.804581006911807,70.88535717017001
round_1,SE,2022-12-18,23.53621456594567,25.99692279803192,6.960119456741656,70.86589770189612
round_1,SE,2022-12-25,23.54512214837668,26.11262019989631,6.673906586287404,70.66932465157238
round_1,SE,2023-01-01,23.843532494983588,26.37727310494164,6.894755881787082,73.86405168722075
round_1,SE,2023-01-08,23.81949023985864,26.351122955024472,6.921258499880168,74.51665753945238
round_1,SE,2023-01-15,23.802085348611524,26.31846049976577,6.9644686975146435,75.00015589087306
round_1,SE,2023-01-22,23.856216323496483,26.41625188335755,6.831986200708968,74.7544122389671
round_1,SE,2023-01-29,23.94316354545185,26.586238462613224,6.893457976970613,74.31340392232381
round_1,SE,2023-02-05,24.07050682443768,26.64127488343866,6.9530351207839765,74.75029419588843
round_1,SE,2023-02-12,23.98431001996948,26.51689185800555,6.987143761365672,75.38292199008704
round_1,SE,2023-02-19,23.86722028977539,26.38537493750078,6.965286236492961,77.0361381090255
round_1,SE,2023-02-26,24.001077773269134,26.5953692340706,6.965437484134739,76.03910629263878
round_1,SE,2023-03-05,24.14766596653808,26.772389555357783,6.923871724074686,75.49561221247899
round_1,SE,2023-03-12,24.01052451275552,26.632449407997964,6.962878318823562,76.1791065552594
round_1,SE,2023-03-19,23.94347029236191,26.40392813478606,6.95364132148349,78.19375655281658
round_1,SE,2023-03-26,23.96031392110788,26.432574490691536,6.973704598172227,78.02825636407752
round_1,SE,2023-04-02,23.918903214058712,26.37883139598483,6.9201845262827995,77.21577633478016
round_1,SE,2023-04-09,23.82216946954724,26.29595648923816,6.851352838209553,78.3191339066268
round_1,SE,2023-04-16,23.68315854765204,26.00496963783317,6.9719782497609275,79.43632502423823
round_1,SE,2023-04-23,23.43147599011905,25.66564353058748,6.943069604830319,79.85022768428834
round_1,SE,2023-04-30,23.272440917318175,25.36009586095876,6.977207439856183,80.96908146796922
round_1,SE,2023-05-07,23.077335149583774,25.21750821346168,6.939716327947772,80.63315546056592
round_1,SE,2023-05-14,22.981914563687106,24.99044711472791,6.947491768972489,81.80993102620403
round_1,SE,2023-05-21,22.73294971911652,24.6383043691255,6.998293959123051,82.91910917001732
round_1,SE,2023-05-28,22.64801244302056,24.58446278792004,6.9594511860479304,82.3370349437678
round_1,SE,2023-06-04,22.260749377263032,24.233745875306525,6.997159044014312,82.22318832471741
round_1,SE,2023-06-11,22.062225982163103,23.85819579377048,6.97727683338604,82.15737835497113
round_1,SE,2023-06-18,21.890249526273816,23.70503891988471,6.9997151839944864,82.34618939322921
round_1,SE,2023-06-25,21.571778220219368,23.390150049677015,7.0,82.14503346490801
round_1,SE,2023-07-02,21.348332323872608,23.213009902003733,6.9932279710243765,82.03018135256993
round_1,SE,2023-07-09,21.2593724923882,23.085001145991463,7.0,82.56639804395594
round_1,SE,2023-07-16,21.12325046819864,23.061164249425143,6.974437601495236,80.89803052478196
round_1,SE,2023-07-23,21.086628981907538,22.965547855276355,6.971475299654953,80.54777400852359
round_1,SE,2023-07-30,20.84784484214927,22.82616611543202,6.9495054989043705,79.50268945871477
round_1,SE,2023-08-06,20.790715752873847,22.899896492649702,6.97449722114323,79.11611962863839
round_1,SE,2023-08-13,20.784379692043,22.80819681111667,6.996472556874396,79.03196229992365
round_1,SE,2023-08-20,20.953828637054237,22.979090565573067,7.0,80.40407580427913
round_1,SE,2023-08-27,21.094746897281635,23.27324283183218,6.979611543202006,78.4327533334895
round_1,SE,2023-09-03,21.25806472794935,23.45404640404596,6.960142189697622,77.92728302243121
round_1,SE,2023-09-10,21.40163868879614,23.47467704596251,6.991323285366796,78.44838117924117
round_1,SE,2023-09-17,21.51346445772821,23.787975870652588,6.936935142876629,77.48455370179474
round_1,SE,2023-09-24,21.93191343379521,24.269941937615407,6.868393363162926,76.95424945204314
round_1,SE,2023-10-01,22.25265667505329,24.64492888883853,6.863017572574962,75.87896733510368
round_1,SP,2022-06-26,13.477515051213064,17.47018688969849,4.395537719977567,74.77633608672006
round_1,SP,2022-07-03,13.401126633850554,17.530867548808317,3.879521587550957,76.98714672506048
round_1,SP,2022-07-10,13.375589710460693,17.45081352691584,4.397338216801979,76.5324242991568
round_1,SP,2022-07-17,12.778806941077152,17.03106108484608,4.399567609031916,76.01270360469786
round_1,SP,2022-07-24,13.246594278755156,17.410488922808284,3.9998507673541033,75.50715430040637
round_1,SP,2022-07-31,13.096126969510376,17.19397358796736,4.3312238895271555,77.55821062957362
round_1,SP,2022-08-07,12.295620467933738,16.802803491866914,4.104987216102947,71.58946280040315
round_1,SP,2022-08-14,12.338966534249549,16.86837689393109,4.272449906279408,69.96245756864734
round_1,SP,2022-08-21,12.720228482024062,17.46005788439944,3.920062403613719,68.3578713176387
round_1,SP,2022-08-28,13.138226656846356,17.549841760527787,5.013850789342669,71.0207080804302
round_1,SP,2022-09-04,13.14595456649103,17.69965574208964,4.956728188640023,64.83703420294974
round_1,SP,2022-09-11,14.849439350763053,19.474019887126733,4.689574536061525,62.20396902665918
round_1,SP,2022-09-18,14.62993206477688,19.068049535784223,5.613542676976851,64.4633014192791
round_1,SP,2022-09-25,14.029324753128082,17.945888093689465,6.030985703997432,68.95947865490939
round_1,SP,2022-10-02,15.785522688080995,19.78611226456503,6.284531629071766,67.13382931885043
round_1,SP,2022-10-09,16.084574159552147,20.0592532003472,6.185939987458389,66.55644847721896
round_1,SP,2022-10-16,16.31460163606696,20.28293789898769,6.3072120458928325,66.7251565900339
round_1,SP,2022-10-23,16.571674360848423,20.29804230714796,6.661171072127308,68.91699660362855
round_1,SP,2022-10-30,16.48050396473588,20.145479782862186,6.630542395290023,68.9257342601009
round_1,SP,2022-11-06,16.497317968610865,19.830721747415843,6.825221625501849,75.32916327564489
round_1,SP,2022-11-13,16.9626965012918,20.40163878088096,6.755941427052535,74.81612341679518
round_1,SP,2022-11-20,17.19570592531639,20.6920677554792,6.704567745439542,75.17704420180313
round_1,SP,2022-11-27,17.67939494031985,20.87316054230157,6.874433632408673,76.3400407425838
round_1,SP,2022-12-04,17.42314371783462,20.696322605370963,6.87382218514972,76.89811823040972
round_1,SP,2022-12-11,17.792351650467893,20.774725630565225,6.9029577395127495,78.3880224054866
round_1,SP,2022-12-18,17.843191923247215,21.279350911499673,6.9566597727533965,76.48823131595685
round_1,SP,2022-12-25,18.05700927810336,21.135309832106564,6.686147613514686,78.306212113506
round_1,SP,2023-01-01,19.99886043663501,22.904183003328548,6.9826836204487375,83.2419208968397
round_1,SP,2023-01-08,19.939608611058212,23.079611449130542,6.947576569610277,82.20716854202563
round_1,SP,2023-01-15,19.913797652170565,23.04522134994322,6.9503306475067825,82.14430858047507
round_1,SP,2023-01-22,19.687119043396343,22.85807607318537,6.904054985026377,81.89594700068142
round_1,SP,2023-01-29,19.912981176803047,23.21755505437862,6.771339824681501,81.61684071178205
round_1,SP,2023-02-05,19.65818566652229,23.013833974752625,6.7207020902752435,80.66877514924565
round_1,SP,2023-02-12,19.638235672774083,22.966251243689538,6.929352694202284,81.56919580357979
round_1,SP,2023-02-19,19.94966803897589,23.167642123163272,6.91604319684354,82.15977694316878
round_1,SP,2023-02-26,19.67735405182146,22.705672414863567,6.960851520651664,83.0634441874273
round_1,SP,2023-03-05,19.54191183585402,22.982463406143772,6.8545972477149455,81.20420007006985
round_1,SP,2023-03-12,19.713235042366986,22.74525423228216,6.975824873949131,83.46096870643089
round_1,SP,2023-03-19,19.178650917284276,22.241682543768643,6.9144766310334695,82.95424837996106
round_1,SP,2023-03-26,18.41565227542065,21.54535369102478,6.765864382925409,82.20455880058707
round_1,SP,2023-04-02,18.367499640320453,21.643105605386975,6.610841980008927,81.31829132979088
round_1,SP,2023-04-09,18.149347339398563,21.555173821401233,6.526199108595943,80.4912569121992
round_1,SP,2023-04-16,17.20471106403729,20.746809395209095,5.897656556057969,78.4851173246566
round_1,SP,2023-04-23,17.10682971245597,20.595785758697826,5.91131743140289,78.61263060059237
round_1,SP,2023-04-30,15.903648608188112,19.74446286749358,5.331967645969392,75.88178585254674
round_1,SP,2023-05-07,15.053035851203209,18.604821439112616,5.6882027953045835,77.35088066501557
round_1,SP,2023-05-14,14.930632667788457,18.371330062010003,5.518608049987494,77.6841135291872
round_1,SP,2023-05-21,14.470154834202672,17.96980522427145,5.335702494900696,78.4012983924852
round_1,SP,2023-05-28,14.022424352848237,17.717796753948022,5.262491269270978,78.32690746931077
round_1,SP,2023-06-04,13.908611101322268,17.480668101157875,5.17280960683467,78.93530836994104
round_1,SP,2023-06-11,13.826589929782577,17.905345154940882,4.017715154348922,75.78637501745082
round_1,SP,2023-06-18,13.712135869106111,17.42457285962835,4.804474509598042,77.11170843111131
round_1,SP,2023-06-25,13.477515051213064,17.47018688969849,4.395537719977567,74.77633608672006
round_1,SP,2023-07-02,13.294460113690777,17.42420102864854,3.879521587550957,73.45445372420149
round_1,SP,2023-07-09,13.268923190300914,17.344147006756064,4.397338216801979,72.99973129829782
round_1,SP,2023-07-16,12.672140420917378,16.924394564686303,4.399567609031916,72.48001060383885
round_1,SP,2023-07-23,13.139927758595377,17.303822402648507,3.9998507673541033,71.97446129954737
round_1,SP,2023-07-30,12.989460449350595,17.087307067807586,4.3312238895271555,74.02551762871462
round_1,SP,2023-08-06,13.802509437818276,18.309692461751453,4.104987216102947,71.40819578029587
round_1,SP,2023-08-13,13.845855504134088,18.375265863815628,4.272449906279408,69.78119054854007
round_1,SP,2023-08-20,14.2271174519086,18.96694685428398,3.920062403613719,68.17660429753143
round_1,SP,2023-08-27,14.64511562673089,19.05673073041233,5.013850789342669,70.83944106032293
round_1,SP,2023-09-03,14.858338565609566,19.412039741208176,4.956728188640023,70.88985346931764
round_1,SP,2023-09-10,16.56182334988159,21.18640388624527,4.689574536061525,68.25678829302707
round_1,SP,2023-09-17,16.342316063895414,20.78043353490276,5.613542676976851,70.516120685647
round_1,SP,2023-09-24,15.741708752246618,19.658272092808,6.030985703997432,75.0122979212773
round_1,SP,2023-10-01,17.0161528562769,21.01674243276094,6.284531629071766,75.8571633369909
round_1,TO,2022-06-26,21.76861038045238,26.591907878935928,1.343977545349879,50.92421440909901
round_1,TO,2022-07-03,20.74240119411293,25.7762026975219,1.0510278194505338,55.13619069169459
round_1,TO,2022-07-10,20.905854358922465,25.958268616658582,1.5501034089698866,55.09352529580343
round_1,TO,2022-07-17,20.961402257295056,26.12331931814809,1.562102756566159,54.13281970951057
round_1,TO,2022-07-24,20.765847882886977,26.106854389552275,1.0563465311032676,51.531890510614
round_1,TO,2022-07-31,20.81747897285575,26.257131998059265,0.8328210864126152,49.061663644519065
round_1,TO,2022-08-07,20.56556927149265,26.356528302681948,0.743963876265801,38.80928386492417
round_1,TO,2022-08-14,21.013574907057873,26.620714348853795,1.0538101025072455,38.635185048594664
round_1,TO,2022-08-21,21.638430887836225,27.220236462361974,1.1055833625362488,37.59156382467116
round_1,TO,2022-08-28,22.256710120962794,27.87792484632694,1.9090454505066012,38.666791261887795
round_1,TO,2022-09-04,23.29460795872025,28.67580289018835,2.827629555676282,28.95488083405806
round_1,TO,2022-09-11,23.34548699296828,28.96824252595154,2.23011278598448,26.226357379517136
round_1,TO,2022-09-18,23.63779493343023,29.113598583365395,3.164513213037373,29.9998329120727
round_1,TO,2022-09-25,23.77860577454023,28.67067379527568,5.155942164535555,38.71479457864987
round_1,TO,2022-10-02,26.812170587090932,31.66291756715225,5.738206104007981,25.080423376854192
round_1,TO,2022-10-09,26.78773391786968,31.4081885045234,5.363409586313134,26.7695306979504
round_1,TO,2022-10-16,26.539774009139013,30.823179246534263,5.7065544976814975,31.549792384018417
round_1,TO,2022-10-23,26.41794728740096,30.43606785557426,6.507631198716229,37.13075582496497
round_1,TO,2022-10-30,26.139949726706796,29.642994752056353,6.853569850881521,43.29412300122651
round_1,TO,2022-11-06,26.67574241746532,30.00006222478656,6.925785180318192,45.5800831935099
round_1,TO,2022-11-13,26.444285533437306,29.866068994613236,6.827435060536111,46.69865920465117
round_1,TO,2022-11-20,26.585847541711704,29.900357554818296,6.943156833147059,47.14393777757621
round_1,TO,2022-11-27,26.41930488544063,29.549625471152456,6.9026472478593925,48.723268047692926
round_1,TO,2022-12-04,24.998094930156636,28.17298341042923,6.836632131318995,64.61501109061149
round_1,TO,2022-12-11,24.719574185607392,27.706357545493628,6.953191206940595,66.64801353812925
round_1,TO,2022-12-18,24.73710737719211,27.93940670681692,6.953661661753873,65.48847933634545
round_1,TO,2022-12-25,24.697055914456534,27.657303000897645,6.725306708573899,66.9985683406202
round_1,TO,2023-01-01,22.47443863326646,25.481120888839826,6.970487309672208,82.74948471497969
round_1,TO,2023-01-08,22.378295965151658,25.3541453822084,6.985432173270264,83.41040733548796
round_1,TO,2023-01-15,22.45579262069447,25.527378936696227,6.900339492095364,82.11772114907265
round_1,TO,2023-01-22,22.37106274006177,25.26034665203438,6.987003831495727,84.28723296939668
round_1,TO,2023-01-29,22.444439032033824,25.45241856908945,6.988553625363882,83.29122928979326
round_1,TO,2023-02-05,22.41377280071485,25.30764767017248,6.922187629228833,83.61293526302255
round_1,TO,2023-02-12,22.2850578718264,25.211160287044493,6.967302620815849,83.79760149937981
round_1,TO,2023-02-19,22.317065123982044,25.25662767639393,6.973565471434312,84.07121639928722
round_1,TO,2023-02-26,22.422279113832747,25.4479670747254,6.99222897450931,83.56954944663273
round_1,TO,2023-03-05,22.467166838867858,25.405562225792984,6.990198931950804,84.01972438652874
round_1,TO,2023-03-12,22.424745167571334,25.381120584786697,6.993948751426013,84.0355829945996
round_1,TO,2023-03-19,22.312612369407095,25.31089130165255,6.9734719040405695,84.15762927087899
round_1,TO,2023-03-26,22.323287240090632,25.293891697000134,6.8745351118426266,84.06895791490106
round_1,TO,2023-04-02,22.500297712445334,25.803469592535706,6.856175517854426,81.1472448473818
round_1,TO,2023-04-09,22.482791080138355,25.640374624976857,6.870351430089252,81.58287190883695
round_1,TO,2023-04-16,22.419031280513643,25.608631386792972,6.715654033205383,81.53359567024704
round_1,TO,2023-04-23,22.445383163708232,25.937201189660584,6.33589272348983,77.84378807258562
round_1,TO,2023-04-30,22.49289190190588,26.13040640290227,6.115397557170431,75.11533098997445
round_1,TO,2023-05-07,22.52285647703149,26.345530427183313,5.255833940699424,71.81185747844059
round_1,TO,2023-05-14,22.54662974883674,26.404372750381032,5.266966241240524,69.83612791771678
round_1,TO,2023-05-21,22.531471969765946,26.53054760957776,4.927715859360892,67.59530014338769
round_1,TO,2023-05-28,22.23533430552615,26.517204603055472,4.2643547656914915,65.34550451197747
round_1,TO,2023-06-04,22.192573401798363,26.649673980556432,3.276591216276661,61.17622589698476
round_1,TO,2023-06-11,21.98006113744665,26.666238765181415,2.268790051947576,56.39192634408817
round_1,TO,2023-06-18,21.95513501742665,26.7608708486262,2.150345102029146,53.62599141657664
round_1,TO,2023-06-25,21.76861038045238,26.591907878935928,1.343977545349879,50.92421440909901
round_1,TO,2023-07-02,21.695676226189555,26.72947772959853,1.0510278194505338,48.89585333779973
round_1,TO,2023-07-09,21.859129390999097,26.91154364873521,1.5501034089698866,48.85318794190857
round_1,TO,2023-07-16,21.914677289371685,27.07659435022472,1.562102756566159,47.89248235561571
round_1,TO,2023-07-23,21.71912291496361,27.060129421628904,1.0563465311032676,45.29155315671914
round_1,TO,2023-07-30,21.770754004932375,27.210407030135897,0.8328210864126152,42.82132629062421
round_1,TO,2023-08-06,21.835678885745896,27.6266379169352,0.743963876265801,41.27247699715429
round_1,TO,2023-08-13,22.283684521311123,27.89082396310704,1.0538101025072455,41.098378180824795
round_1,TO,2023-08-20,22.90854050208947,28.49034607661522,1.1055833625362488,40.054756956901294
round_1,TO,2023-08-27,23.52681973521604,29.148034460580188,1.9090454505066012,41.12998439411793
round_1,TO,2023-09-03,23.72607407743892,29.107269008907025,2.827629555676282,43.67224649633762
round_1,TO,2023-09-10,23.77695311168695,29.39970864467021,2.23011278598448,40.9437230417967
round_1,TO,2023-09-17,24.0692610521489,29.545064702084066,3.164513213037373,44.71719857435226
round_1,TO,2023-09-24,24.21007189325891,29.102139913994353,5.155942164535555,53.432160240929434
round_1,TO,2023-10-01,24.059280607161696,28.91002758722301,5.738206104007981,57.14428976094186
round_2,AC,2023-06-25,20.822061130006897,24.12946326360007,5.775304421373733,82.5838937069939
round_2,AC,2023-07-02,19.78076728182136,23.16969113086181,6.049769386834853,88.93383276848125
round_2,AC,2023-07-09,19.51384171240231,22.917130635480067,6.065452094819827,87.7465950229103
round_2,AC,2023-07-16,19.22895994137585,22.945170210691288,5.604319124806617,85.28677160587938
round_2,AC,2023-07-23,19.488890042985243,23.37048993811874,5.519702214629728,82.71595505630789
round_2,AC,2023-07-30,19.644940498024074,23.813537947600043,4.834979781280315,80.27899593567506
round_2,AC,2023-08-06,20.236745148847746,24.38566507218921,4.988800011169802,77.57854038532761
round_2,AC,2023-08-13,20.461491292877152,24.560339778847037,5.734421861427976,77.78193918901883
round_2,AC,2023-08-20,20.68403557801441,24.79599576202525,5.693568012595132,76.78218941238678
round_2,AC,2023-08-27,20.87002743087723,24.73520789827448,6.022983885002947,78.60389230862664
round_2,AC,2023-09-03,21.998297003109837,25.875638449101498,6.191243149892264,71.09189652072632
round_2,AC,2023-09-10,22.263806208401125,25.91637709435148,6.898549528341309,74.72960443658381
round_2,AC,2023-09-17,22.451435493977183,26.15831067083006,6.7533855515060655,74.3142755637637
round_2,AC,2023-09-24,22.285857738801766,25.814331453350885,6.836328318655596,76.06672927851116
round_2,AC,2023-10-01,23.805487696942254,27.05369185455371,6.972629460079656,74.87879400693123
round_2,AC,2023-10-08,23.82050895115056,26.98321534621174,7.0,75.87860986796557
round_2,AC,2023-10-15,23.64704141755624,26.65093095949333,6.966926371137545,77.17398219604884
round_2,AC,2023-10-22,23.75631856147081,26.619466055721063,7.0,78.71061053300568
round_2,AC,2023-10-29,23.632836208706497,26.454938525128636,6.876788471268927,77.7850692528516
round_2,AC,2023-11-05,24.022172035166797,26.779591865775163,6.872717048639181,81.06668360339575
round_2,AC,2023-11-12,24.223245599212927,26.792850091797664,6.967087625333348,82.00487428220583
round_2,AC,2023-11-19,24.244876860063695,26.875596145920134,7.0,81.9240533394513
round_2,AC,2023-11-26,24.550829314880005,27.10526431360936,6.999574839547159,81.76338555686041
round_2,AC,2023-12-03,24.0210851981959,26.435117833932537,7.0,86.48304048169655
round_2,AC,2023-12-10,24.07313545251399,26.52453956255967,7.0,86.02795517016565
round_2,AC,2023-12-17,23.933340334905463,26.34937267838713,7.0,86.18068579696086
round_2,AC,2023-12-24,24.014971200589205,26.36165542347157,6.75,86.42911140328685
round_2,AC,2023-12-31,23.916078489368427,26.298748518330193,6.999035143959029,85.92010345036134
round_2,AC,2024-01-07,22.85750195921984,25.266647529543025,6.985810741030546,87.86682851318642
round_2,AC,2024-01-14,22.70390352969732,24.985387986944943,6.9991940137559014,89.35049709477796
round_2,AC,2024-01-21,22.803941155160302,25.13073085322935,7.0,88.9670175152174
round_2,AC,2024-01-28,22.92800522830917,25.23198120401028,7.0,88.57350961244184
round_2,AC,2024-02-04,22.90232697581555,25.175028087607988,6.998302043710113,89.05821002736029
round_2,AC,2024-02-11,22.808580130697532,25.077694499847407,7.0,89.36092017838783
round_2,AC,2024-02-18,22.71032769608924,24.8800215942856,7.0,90.1637344840988
round_2,AC,2024-02-25,22.72033976466728,25.048951569476635,6.9610810458344075,88.92469745796143
round_2,AC,2024-03-03,22.84182720741654,25.13432841600351,7.0,89.69129449280716
round_2,AC,2024-03-10,22.776685113093706,25.148535710565017,7.0,88.93451852132482
round_2,AC,2024-03-17,22.638955836177296,24.827601966138925,7.0,90.75695148760929
round_2,AC,2024-03-24,22.460049108812058,24.690766479228714,7.0,90.57367321512233
round_2,AC,2024-03-31,22.639643824193755,24.9093811413932,6.937424334254515,90.20233311609752
round_2,AC,2024-04-07,22.586538712639484,24.934882720881653,6.894992105509145,89.43120444842296
round_2,AC,2024-04-14,22.426414658020445,24.827919976419103,6.986678729840686,88.84103667230882
round_2,AC,2024-04-21,22.100767254543474,24.53286304414992,6.867230409450624,89.29667267062847
round_2,AC,2024-04-28,21.974915337270268,24.48917707928688,6.907044631670836,88.45647441645434
round_2,AC,2024-05-05,21.544518170662343,24.1382056530429,6.360678726448447,86.62071227608808
round_2,AC,2024-05-12,21.757013473921532,24.293727874532387,6.689504576882428,88.20250242914976
round_2,AC,2024-05-19,21.60429207849845,24.188393965738232,6.933651270807609,88.6570325781593
round_2,AC,2024-05-26,21.381618328988974,24.02844747335573,6.837743996116265,88.20451070458957
round_2,AC,2024-06-02,21.21920793570587,23.864451161986786,6.871105852514552,88.25272389613154
round_2,AC,2024-06-09,21.029230910347493,23.970028253717924,6.657942962162227,86.92654424647755
round_2,AC,2024-06-16,20.54860065840977,23.76530762076352,6.280363872141286,84.34718931473475
round_2,AC,2024-06-23,20.822061130006897,24.12946326360007,5.775304421373733,82.5838937069939
round_2,AC,2024-06-30,21.094390423182844,24.483314272223296,6.049769386834853,81.61933261430936
round_2,AC,2024-07-07,20.827464853763797,24.230753776841556,6.065452094819827,80.43209486873839
round_2,AC,2024-07-14,20.542583082737337,24.258793352052777,5.604319124806617,77.97227145170747
round_2,AC,2024-07-21,20.80251318434673,24.68411307948023,5.519702214629728,75.40145490213598
round_2,AC,2024-07-28,20.958563639385556,25.127161088961525,4.834979781280315,72.96449578150316
round_2,AC,2024-08-04,21.433791428450345,25.58271135179182,4.988800011169802,72.70692747547876
round_2,AC,2024-08-11,21.658537572479755,25.757386058449647,5.734421861427976,72.91032627916998
round_2,AC,2024-08-18,21.881081857617012,25.993042041627856,5.693568012595132,71.91057650253794
round_2,AC,2024-08-25,22.067073710479836,25.932254177877088,6.022983885002947,73.73227939877778
round_2,AC,2024-09-01,22.367612492809226,26.244953938800887,6.191243149892264,74.3599180548766
round_2,AC,2024-09-08,22.633121698100513,26.28569258405087,6.898549528341309,77.99762597073412
round_2,AC,2024-09-15,22.820750983676582,26.52762616052945,6.7533855515060655,77.582297097914
round_2,AC,2024-09-22,22.65517322850116,26.183646943050277,6.836328318655596,79.33475081266145
round_2,AC,2024-09-29,22.99610895020485,26.2443131078163,6.972629460079656,82.33679253502356
round_2,AL,2023-06-25,21.093391030129897,23.04653122324496,7.0,83.53368654279751
round_2,AL,2023-07-02,22.139240141535463,24.118234342243124,6.995421891593659,83.48609197028053
round_2,AL,2023-07-09,22.015245346516508,24.03113505494556,6.9970223072767865,83.27347965958488
round_2,AL,2023-07-16,21.79030867413062,23.970980781233862,6.972608037440423,81.5730673562126
round_2,AL,2023-07-23,21.825733505722752,23.88361455345203,6.991171768644671,81.18088149078542
round_2,AL,2023-07-30,21.58321192235605,23.724804121630996,6.974995431934857,80.92735684780725
round_2,AL,2023-08-06,20.970266305516983,23.32594329046451,6.943916349655906,79.70787575766606
round_2,AL,2023-08-13,20.94413429811855,23.19823027348269,6.965622947475458,79.78900682092093
round_2,AL,2023-08-20,21.20856402151391,23.460278975220564,6.988469941699394,79.94139531498789
round_2,AL,2023-08-27,21.294729336418794,23.70028511539686,6.978442053283725,78.85570852154538
round_2,AL,2023-09-03,20.69914775847319,23.15182804017586,6.910403935749893,77.70241031989208
round_2,AL,2023-09-10,20.853790816843485,23.20535821613134,6.957102709542979,78.0745246426326
round_2,AL,2023-09-17,20.99236437122558,23.595789285305926,6.830059877290754,76.66033779000003
round_2,AL,2023-09-24,21.380477673976447,24.077031715347804,6.806116601428649,75.36873901086712
round_2,AL,2023-10-01,21.340125842999853,24.048671100819465,6.781976509993912,73.35983973168409
round_2,AL,2023-10-08,21.448659957267527,24.014116610297837,6.852622339372035,74.22135442370723
round_2,AL,2023-10-15,21.626842244440663,24.328617120038217,6.877604121107507,73.77973782009057
round_2,AL,2023-10-22,21.8284798399936,24.632798648335744,6.75026880579546,72.95188070345814
round_2,AL,2023-10-29,22.05133221415231,25.051876820980983,6.601671631062757,71.28165057183826
round_2,AL,2023-11-05,22.469141596286427,25.33249175149863,6.608098941915161,70.73048517774166
round_2,AL,2023-11-12,22.47707289872526,25.51080597213496,6.483859341174854,69.18077504379383
round_2,AL,2023-11-19,22.64822874116796,25.68190784962651,6.651505050573772,69.35134368430046
round_2,AL,2023-11-26,22.79322652529093,25.789017214526066,6.671824301091433,69.1173675225677
round_2,AL,2023-12-03,23.43085512319093,26.570675967219923,6.421493723824069,66.81752267183035
round_2,AL,2023-12-10,23.493972136084658,26.431781250469193,6.593976412153083,66.87246877733187
round_2,AL,2023-12-17,23.48565356131338,26.31900448000879,6.831551423454455,67.77266026746967
round_2,AL,2023-12-24,23.429978001744953,26.33933809294849,6.5501297329150585,67.88104185369828
round_2,AL,2023-12-31,23.498505118369575,26.39144551318896,6.673909738470531,68.18226589890574
round_2,AL,2024-01-07,23.298889656956725,26.156118530750582,6.825760250095627,73.32615334644012
round_2,AL,2024-01-14,23.25437755717612,26.051306275803245,6.852607061866937,74.27161889987438
round_2,AL,2024-01-21,23.311114289928643,26.22173743675615,6.802834248413254,73.6995734029267
round_2,AL,2024-01-28,23.390942431529936,26.34160472318086,6.836034769932225,73.48374382652302
round_2,AL,2024-02-04,23.449310950187986,26.38161729152041,6.8865991451112665,73.81199364181477
round_2,AL,2024-02-11,23.448402517076502,26.286209197365807,6.9556461269413115,74.20435132715511
round_2,AL,2024-02-18,23.342645237572416,26.14688424434064,6.937137880044841,76.24329556598249
round_2,AL,2024-02-25,23.50687286336308,26.40492788886561,6.878860797425606,74.78678987267169
round_2,AL,2024-03-03,23.558315206231992,26.47236134539188,6.8056901862490875,74.7499638327121
round_2,AL,2024-03-10,23.44528196419671,26.36433077280665,6.869593776235327,75.25345753132977
round_2,AL,2024-03-17,23.354104424373865,26.05013006758568,6.947730457941511,78.21718246532085
round_2,AL,2024-03-24,23.401049367858544,26.0882740949873,6.920580956733547,78.25422603741997
round_2,AL,2024-03-31,23.305672166365333,25.999941383178403,6.943031617760291,77.67196232229688
round_2,AL,2024-04-07,23.2833161604764,25.971492751513697,6.933333641223263,78.45296364336996
round_2,AL,2024-04-14,23.14063380767381,25.768006001460385,6.90345042671992,79.04079776597266
round_2,AL,2024-04-21,22.927579112057785,25.372721517474,6.926175058038545,80.19778725359306
round_2,AL,2024-04-28,22.78682181004206,25.048506137574712,6.918418832038435,81.80811092232857
round_2,AL,2024-05-05,22.62399973235236,24.96737192867542,6.929285056813194,81.16323373000535
round_2,AL,2024-05-12,22.521702195323396,24.802615869243574,6.89209842149231,81.7848406684097
round_2,AL,2024-05-19,22.280927039180884,24.436731318004867,6.972139247179625,83.15327409788861
round_2,AL,2024-05-26,22.178176920059823,24.274887590616665,6.9337102113066695,83.61109195888915
round_2,AL,2024-06-02,21.804586898348703,23.917923539942706,6.9833950562088,83.68265060695252
round_2,AL,2024-06-09,21.659184273401685,23.591427146670323,6.996327170670581,83.41337327706125
round_2,AL,2024-06-16,21.46292525398757,23.39791301448518,7.0,83.55047057592276
round_2,AL,2024-06-23,21.093391030129897,23.04653122324496,7.0,83.53368654279751
round_2,AL,2024-06-30,20.93180728440603,22.91080148511369,6.995421891593659,83.80121540125593
round_2,AL,2024-07-07,20.80781248938708,22.823702197816125,6.9970223072767865,83.58860309056027
round_2,AL,2024-07-14,20.58287581700119,22.76354792410443,6.972608037440423,81.88819078718801
round_2,AL,2024-07-21,20.618300648593323,22.6761816963226,6.991171768644671,81.49600492176081
round_2,AL,2024-07-28,20.375779065226617,22.517371264501563,6.974995431934857,81.24248027878265
round_2,AL,2024-08-04,20.31720105158969,22.672878036537224,6.943916349655906,79.78109707759016
round_2,AL,2024-08-11,20.291069044191264,22.5451650195554,6.965622947475458,79.86222814084503
round_2,AL,2024-08-18,20.555498767586624,22.807213721293273,6.988469941699394,80.01461663491199
round_2,AL,2024-08-25,20.641664082491506,23.047219861469568,6.978442053283725,78.92892984146948
round_2,AL,2024-09-01,20.748270432716065,23.200950714418735,6.910403935749893,78.12726389430719
round_2,AL,2024-09-08,20.902913491086355,23.25448089037421,6.957102709542979,78.49937821704772
round_2,AL,2024-09-15,21.041487045468457,23.644911959548796,6.830059877290754,77.08519136441514
round_2,AL,2024-09-22,21.429600348219317,24.12615438959067,6.806116601428649,75.79359258528224
round_2,AL,2024-09-29,21.812364382800908,24.520909640620516,6.781976509993912,74.62426365670359
round_2,AM,2023-06-25,23.042404401629863,25.46472445305556,6.888748540602284,86.69862691634549
round_2,AM,2023-07-02,23.162744435806676,25.54048999354947,6.931575032399313,88.04701763571767
round_2,AM,2023-07-09,23.17549555869035,25.588409501012272,6.922029508929268,87.47422275139431
round_2,AM,2023-07-16,23.141577051550964,25.7451182772169,6.878410509643493,86.06668213493774
round_2,AM,2023-07-23,23.29961644931185,26.017732181855223,6.844072891493246,84.90291761217445
round_2,AM,2023-07-30,23.345077545886692,26.238275053540317,6.625548164511085,83.77933385731579
round_2,AM,2023-08-06,23.57671200977598,26.587759905993856,6.6839148877964005,81.52207355062781
round_2,AM,2023-08-13,23.66252304140129,26.54560471249349,6.887063995626113,82.77224589532265
round_2,AM,2023-08-20,23.764833177514024,26.739278571804043,6.763552307647236,81.8843743166669
round_2,AM,2023-08-27,23.83809495387211,26.784671659770524,6.939840881583266,82.41715590715546
round_2,AM,2023-09-03,24.349793122359852,27.21330530125369,6.922039680245216,80.20244967933378
round_2,AM,2023-09-10,24.651882211382706,27.618801831853467,6.738329959260007,78.28670691398413
round_2,AM,2023-09-17,24.679963234454995,27.639565727134386,6.989035150377726,79.0789916359688
round_2,AM,2023-09-24,24.83091708320478,27.760400905087053,6.809012043481963,78.53188327063344
round_2,AM,2023-10-01,25.74062894806452,28.73620509596716,6.962075166970552,75.17982468682568
round_2,AM,2023-10-08,25.77523886529045,28.583347381718344,6.92470677836616,76.5405980417699
round_2,AM,2023-10-15,25.534470069081312,28.178457699281775,6.966033720397346,78.63669207824069
round_2,AM,2023-10-22,25.65924907398199,28.387918360520132,6.984736436354002,77.95980540449993
round_2,AM,2023-10-29,25.656350372171033,28.22433586250312,6.9818536982864545,78.62127906801014
round_2,AM,2023-11-05,26.26651777975304,28.726259193241656,6.988578165526809,76.64152142975688
round_2,AM,2023-11-12,26.324343318212044,28.73566427042928,6.9988683077972595,76.89150243994393
round_2,AM,2023-11-19,26.30585894855791,28.755783643249412,6.996321816734255,76.55401318540198
round_2,AM,2023-11-26,26.33350159769254,28.703164683452833,6.99334163122233,77.01506104188014
round_2,AM,2023-12-03,25.91825831113946,28.32235758109868,6.9866187233825405,81.97610983695351
round_2,AM,2023-12-10,25.65808167016816,27.818326342651613,6.99978620115213,83.9645574426437
round_2,AM,2023-12-17,25.476465969106997,27.537059288500306,7.0,84.80476026521232
round_2,AM,2023-12-24,25.40436913821336,27.444487869787576,6.75,85.1561819089002
round_2,AM,2023-12-31,25.38022104451925,27.418900351884492,6.999664747322916,84.4906943818409
round_2,AM,2024-01-07,23.65870999498206,25.752745755759424,6.998034030171429,87.57572599715262
round_2,AM,2024-01-14,23.536676624925946,25.540450832256603,7.0,88.53187867712303
round_2,AM,2024-01-21,23.67054028128102,25.802363119046017,6.998171025607088,87.2187077985732
round_2,AM,2024-01-28,23.71226138149452,25.695191562699417,6.999502770877068,87.9794654709082
round_2,AM,2024-02-04,23.67259592309721,25.718129424434828,6.9973182485440635,87.45414645996208
round_2,AM,2024-02-11,23.635984094637365,25.69188626321246,6.999679026317933,87.67721006029288
round_2,AM,2024-02-18,23.628601531166648,25.58541019302113,6.999503455420379,88.35608045694651
round_2,AM,2024-02-25,23.527510573436864,25.518558875616147,7.0,89.05777782565004
round_2,AM,2024-03-03,23.542058160535863,25.50561379423932,7.0,89.33347509596305
round_2,AM,2024-03-10,23.700852764942887,25.77913142929401,7.0,87.92202519943694
round_2,AM,2024-03-17,23.592356248385748,25.61841382237006,7.0,88.84335226767548
round_2,AM,2024-03-24,23.54089620036824,25.523734347566617,7.0,89.41508000981854
round_2,AM,2024-03-31,23.60397798833747,25.62249373244002,6.999149035530536,89.28026644560187
round_2,AM,2024-04-07,23.657449570827016,25.707688548135256,6.998527055619935,89.0421150191552
round_2,AM,2024-04-14,23.48462590191116,25.43604368699943,7.0,90.1055554685073
round_2,AM,2024-04-21,23.447276239061825,25.38477123091995,6.999550004365651,90.24042511044108
round_2,AM,2024-04-28,23.40358781169792,25.37562563683009,6.998635859440851,90.14839886905332
round_2,AM,2024-05-05,23.43825179580186,25.412149249624143,6.976735438780308,89.66629812293966
round_2,AM,2024-05-12,23.483391176582963,25.545732913931275,6.986396890268208,89.38783704264628
round_2,AM,2024-05-19,23.45536626157749,25.555330192998596,6.998851500225841,88.98862616793322
round_2,AM,2024-05-26,23.313091483407813,25.450504929710984,6.991619791840213,88.99602095342951
round_2,AM,2024-06-02,23.202412936866313,25.39909119323238,6.995136637930503,88.65681232169548
round_2,AM,2024-06-09,23.06925086716239,25.31744278930737,6.990943954761367,88.52488667513715
round_2,AM,2024-06-16,23.027587771746067,25.36279803068569,6.9649998306960486,87.59495043878414
round_2,AM,2024-06-23,23.042404401629863,25.46472445305556,6.888748540602284,86.69862691634549
round_2,AM,2024-06-30,23.061920818353123,25.43966637609591,6.931575032399313,87.43220733307355
round_2,AM,2024-07-07,23.0746719412368,25.48758588355872,6.922029508929268,86.8594124487502
round_2,AM,2024-07-14,23.04075343409741,25.644294659763343,6.878410509643493,85.45187183229363
round_2,AM,2024-07-21,23.198792831858295,25.91690856440167,6.844072891493246,84.28810730953033
round_2,AM,2024-07-28,23.24425392843314,26.137451436086764,6.625548164511085,83.16452355467167
round_2,AM,2024-08-04,23.58141817685892,26.592466073076793,6.6839148877964005,81.25751760587701
round_2,AM,2024-08-11,23.66722920848423,26.550310879576426,6.887063995626113,82.50768995057183
round_2,AM,2024-08-18,23.769539344596964,26.74398473888699,6.763552307647236,81.61981837191607
round_2,AM,2024-08-25,23.842801120955045,26.789377826853464,6.939840881583266,82.15259996240465
round_2,AM,2024-09-01,23.770479367780386,26.63399154667422,6.922039680245216,83.40058817500916
round_2,AM,2024-09-08,24.07256845680323,27.03948807727399,6.738329959260007,81.48484540965951
round_2,AM,2024-09-15,24.10064947987552,27.06025197255491,6.989035150377726,82.27713013164418
round_2,AM,2024-09-22,24.251603328625304,27.181087150507576,6.809012043481963,81.73002176630884
round_2,AM,2024-09-29,24.405107769505495,27.40068391740813,6.962075166970552,80.82536383662489
round_2,AP,2023-06-25,23.147441432462173,25.393230479143284,7.0,87.34170017863177
round_2,AP,2023-07-02,23.4217773549837,25.704900255253804,7.0,87.28016879876893
round_2,AP,2023-07-09,23.52500355279031,25.81129997570037,7.0,86.79501989161132
round_2,AP,2023-07-16,23.618732079863605,26.04340594951599,7.0,85.48084829676475
round_2,AP,2023-07-23,23.65232450821572,26.1144608202381,6.99898161126661,85.15496933489068
round_2,AP,2023-07-30,23.82384765509259,26.38897597880542,7.0,83.79872729827864
round_2,AP,2023-08-06,23.77527922619324,26.409420475066348,6.99898161126661,82.81919314793805
round_2,AP,2023-08-13,23.887042319388005,26.63910457862099,6.98952360420878,81.66791545547997
round_2,AP,2023-08-20,24.06734543845446,26.90592009745612,6.9983401519717825,80.0764226047611
round_2,AP,2023-08-27,24.1472603707563,27.187588013933745,6.996735452515597,77.54629655193033
round_2,AP,2023-09-03,24.335488601227443,27.46958445500747,6.999255197779869,74.38528546848924
round_2,AP,2023-09-10,24.411648549726795,27.63947879335695,6.913406822713944,73.33421493996161
round_2,AP,2023-09-17,24.531712842382596,27.875169760272684,6.984779748840573,71.67564316369851
round_2,AP,2023-09-24,24.61496324507306,28.12686295938944,6.866868328228992,69.60256027368968
round_2,AP,2023-10-01,24.989857069379127,28.575203133626697,6.984521957568376,64.07507767599787
round_2,AP,2023-10-08,25.11379735816342,28.64284234025754,6.978720306227135,63.96962935600121
round_2,AP,2023-10-15,25.05162627568567,28.621765301616183,6.92094104488269,64.04626851766297
round_2,AP,2023-10-22,25.094364937467716,28.69426918785311,6.919213002383679,63.82516451770878
round_2,AP,2023-10-29,25.126265611837493,28.549467761095407,6.9724628031507025,65.53069329334879
round_2,AP,2023-11-05,25.89531732189148,29.209559536019388,6.9789157790738505,61.32569678359407
round_2,AP,2023-11-12,25.932772642986667,29.261675643509495,6.948354736963145,61.01526169208484
round_2,AP,2023-11-19,25.851611195110003,29.13024540975849,6.894955123995068,61.70132359389024
round_2,AP,2023-11-26,25.81571253409361,28.860777576239375,6.959755989940857,63.77701691598345
round_2,AP,2023-12-03,27.267889091518953,30.13922426022388,6.978395290840253,60.13525908218932
round_2,AP,2023-12-10,27.05401808545521,29.61530697303566,6.997416211232723,63.22289073975923
round_2,AP,2023-12-17,26.800793282748053,29.063092267826413,6.970558048023032,66.59911305631856
round_2,AP,2023-12-24,26.736074224598713,28.92028206677392,6.75,67.15324440701072
round_2,AP,2023-12-31,26.48857456857192,28.467272972189548,7.0,69.3268262150559
round_2,AP,2024-01-07,23.280743685809004,25.239774174406296,7.0,86.88338702762415
round_2,AP,2024-01-14,23.16041140104315,25.04396186370942,7.0,87.95965223166924
round_2,AP,2024-01-21,23.13584983069542,24.986422134373132,7.0,87.93011819470105
round_2,AP,2024-01-28,23.16705420453157,24.924062179329525,6.998644789880436,88.84673430907442
round_2,AP,2024-02-04,23.11493683027568,24.87062402515931,7.0,88.34215332113861
round_2,AP,2024-02-11,22.98480384357765,24.69856518701935,7.0,89.52944787239375
round_2,AP,2024-02-18,23.01438977069801,24.703729054237304,7.0,90.10053669256344
round_2,AP,2024-02-25,23.081761149614415,24.877938729363272,6.999024044130502,89.0025617719421
round_2,AP,2024-03-03,22.965665042692837,24.726268614729552,7.0,89.97551591846336
round_2,AP,2024-03-10,23.117843328881797,25.036416369928464,7.0,87.60530228331915
round_2,AP,2024-03-17,23.085565610977145,25.011972530354218,7.0,88.17523760547707
round_2,AP,2024-03-24,23.094104113281617,24.936084388345343,7.0,89.38329029162185
round_2,AP,2024-03-31,23.167868152843383,24.999131622249926,7.0,89.56769147056329
round_2,AP,2024-04-07,23.19120820774111,25.065228622701365,7.0,89.51017003924564
round_2,AP,2024-04-14,23.15174840252164,24.963261970632303,7.0,90.632189702584
round_2,AP,2024-04-21,23.20043760426743,25.021061147841657,7.0,90.83734453357182
round_2,AP,2024-04-28,23.14468040785253,24.940396183307502,7.0,91.583313923009
round_2,AP,2024-05-05,23.247381559355283,25.032891277732343,7.0,91.39069504671232
round_2,AP,2024-05-12,23.400963978968324,25.29808597674291,7.0,90.05379335924161
round_2,AP,2024-05-19,23.447334038250872,25.449668790107427,7.0,88.99626549927106
round_2,AP,2024-05-26,23.29628030545086,25.37345565425524,7.0,88.94060220849049
round_2,AP,2024-06-02,23.228870733021775,25.373639958702935,7.0,88.28373133741697
round_2,AP,2024-06-09,23.131282667364136,25.211865526918604,7.0,88.98416776836679
round_2,AP,2024-06-16,23.166531678071973,25.424402074977667,7.0,87.35988776030435
round_2,AP,2024-06-23,23.147441432462173,25.393230479143284,7.0,87.34170017863177
round_2,AP,2024-06-30,23.032808116679963,25.315931016950067,7.0,87.53149180052094
round_2,AP,2024-07-07,23.136034314486572,25.422330737396635,7.0,87.04634289336333
round_2,AP,2024-07-14,23.22976284155986,25.654436711212252,7.0,85.73217129851676
round_2,AP,2024-07-21,23.263355269911983,25.725491581934364,6.99898161126661,85.40629233664268
round_2,AP,2024-07-28,23.434878416788848,26.000006740501675,7.0,84.05005030003063
round_2,AP,2024-08-04,23.566871091516695,26.2010123403898,6.99898161126661,82.61071547543942
round_2,AP,2024-08-11,23.678634184711456,26.430696443944452,6.98952360420878,81.45943778298135
round_2,AP,2024-08-18,23.85893730377791,26.697511962779576,6.9983401519717825,79.86794493226247
round_2,AP,2024-08-25,23.938852236079754,26.9791798792572,6.996735452515597,77.3378188794317
round_2,AP,2024-09-01,24.042707760530774,27.1768036143108,6.999255197779869,75.79737104902048
round_2,AP,2024-09-08,24.118867709030127,27.34669795266028,6.913406822713944,74.74630052049285
round_2,AP,2024-09-15,24.238932001685924,27.58238891957601,6.984779748840573,73.08772874422974
round_2,AP,2024-09-22,24.32218240437639,27.834082118692773,6.866868328228992,71.01464585422092
round_2,AP,2024-09-29,24.40977178040561,27.995117844653176,6.984521957568376,70.3046346483553
round_2,BA,2023-06-25,19.46867741481291,22.060612555179716,6.414735099006168,76.9523931265881
round_2,BA,2023-07-02,19.96424123857509,22.72415608772312,6.267851417653215,76.07253747619677
round_2,BA,2023-07-09,19.876911630475988,22.68520017956964,6.299065782254075,75.9829913602299
round_2,BA,2023-07-16,19.816011365808645,22.69728008325383,6.218737112730889,75.1910940142006
round_2,BA,2023-07-23,19.673448053865908,22.589757497476864,6.262509993213741,74.62632813415276
round_2,BA,2023-07-30,19.56161810426053,22.50298637448354,6.208826989445259,73.8164966292653
round_2,BA,2023-08-06,18.78618756941004,22.00852253598234,6.071123020679704,74.187679005071
round_2,BA,2023-08-13,18.788567923356982,21.843562027772062,6.200355844497904,74.08780439070493
round_2,BA,2023-08-20,19.051296243045616,22.11788399323066,6.326992978566341,75.18370772107171
round_2,BA,2023-08-27,19.199474144797165,22.5469027629818,6.103169240041179,72.91919492872525
round_2,BA,2023-09-03,18.554495135435772,21.980054118654248,6.089224714725376,71.62199759646002
round_2,BA,2023-09-10,18.71040591816549,22.177809787131444,6.118359228993667,70.95528681455295
round_2,BA,2023-09-17,19.11521245353181,22.719583862257036,6.0620616365960025,69.97350733716947
round_2,BA,2023-09-24,19.63261537050277,23.17696650343201,6.206661100092953,70.33400987943351
round_2,BA,2023-10-01,20.04726589107222,23.76892914695844,6.014051305154012,65.69855553769783
round_2,BA,2023-10-08,20.10179377858636,23.59091750477646,6.2686630490925195,66.16332222297977
round_2,BA,2023-10-15,20.30044576126829,23.76898963544723,6.3057156792643925,66.76414042094967
round_2,BA,2023-10-22,20.693612899638335,24.18075451677914,6.390835331669091,66.95765982483056
round_2,BA,2023-10-29,21.050817733218125,24.37392669416453,6.5598110545936965,68.1993822715912
round_2,BA,2023-11-05,22.129052302521384,25.263245216799085,6.561800179194941,63.021744676430586
round_2,BA,2023-11-12,22.333761357407393,25.592980380315428,6.583056907253758,62.62871925359054
round_2,BA,2023-11-19,22.411597015738153,25.68591214465396,6.616398343072323,62.192993936080995
round_2,BA,2023-11-26,22.446036977978075,25.472032668223655,6.678516439485851,64.69117526668057
round_2,BA,2023-12-03,23.12727857672197,26.347045722976357,6.644292130118633,63.50405909610342
round_2,BA,2023-12-10,23.029857125399733,26.144738224682342,6.736355822581752,63.806955403852754
round_2,BA,2023-12-17,22.900473962540428,26.12758590255928,6.616634681395022,63.17127175460275
round_2,BA,2023-12-24,23.048659561798363,26.29204373033676,6.440181471421862,62.51815977373616
round_2,BA,2023-12-31,23.019773370136956,26.281943731262302,6.708543495899142,62.99192125133971
round_2,BA,2024-01-07,22.306672728383955,25.50385457767842,6.8387660141580024,73.18756892982623
round_2,BA,2024-01-14,22.240589994278125,25.46311413724568,6.724500861512416,73.1600908418372
round_2,BA,2024-01-21,22.377473297395543,25.62162520529512,6.798314807987458,73.25772172293871
round_2,BA,2024-01-28,22.37585431243403,25.77441098754168,6.758069400741395,72.04758609811135
round_2,BA,2024-02-04,22.49542102657154,25.711707495049588,6.839356683689234,73.33519851586199
round_2,BA,2024-02-11,22.39630627557381,25.631349778224468,6.845342941510181,73.50800691431347
round_2,BA,2024-02-18,22.448249142493022,25.643314180611117,6.905713104764738,74.3973588640603
round_2,BA,2024-02-25,22.49893448274653,25.783514671984697,6.810348323607364,73.6974913326283
round_2,BA,2024-03-03,22.61020391379005,25.92818024246154,6.7355857099349095,73.4565229387089
round_2,BA,2024-03-10,22.49004334005281,25.6875491197705,6.828647949962815,74.5663883880559
round_2,BA,2024-03-17,22.440031607939492,25.520764333948183,6.839127096706633,75.53263735576077
round_2,BA,2024-03-24,22.374600350689096,25.36187861010778,6.831982147511536,76.38598607614992
round_2,BA,2024-03-31,22.22578878027233,25.332467769947495,6.680764919582311,75.43880315924962
round_2,BA,2024-04-07,22.26343138599839,25.24490048581857,6.750400385775911,76.27195496766123
round_2,BA,2024-04-14,22.08515232761302,24.833376476180874,6.848776709874142,77.96272149421972
round_2,BA,2024-04-21,21.77037123400225,24.58921967604188,6.6642445699268835,76.82840417239534
round_2,BA,2024-04-28,21.45291221258819,24.198109023124356,6.636228390416112,77.21965258074967
round_2,BA,2024-05-05,21.29335390644265,24.098526384006572,6.54982603894331,76.79486179137979
round_2,BA,2024-05-12,21.022480102527226,23.81338878545953,6.4389744418170105,76.41773248915273
round_2,BA,2024-05-19,20.80969335636182,23.46083802021303,6.41947998249004,77.33891930377106
round_2,BA,2024-05-26,20.6508991989537,23.464337611761664,6.3457816952907455,76.93382087145476
round_2,BA,2024-06-02,20.35095337364178,23.098730489593127,6.28661197159243,76.85883700631427
round_2,BA,2024-06-09,20.02169529918464,22.61205499454663,6.395207945261018,77.21753851925739
round_2,BA,2024-06-16,19.822126061245196,22.519680591433435,6.344221151045978,76.55146207688163
round_2,BA,2024-06-23,19.46867741481291,22.060612555179716,6.414735099006168,76.9523931265881
round_2,BA,2024-06-30,19.238519279616828,21.998434128764856,6.267851417653215,76.01842419743342
round_2,BA,2024-07-07,19.151189671517727,21.959478220611377,6.299065782254075,75.92887808146654
round_2,BA,2024-07-14,19.090289406850378,21.97155812429557,6.218737112730889,75.13698073543725
round_2,BA,2024-07-21,18.947726094907644,21.864035538518596,6.262509993213741,74.5722148553894
round_2,BA,2024-07-28,18.835896145302264,21.777264415525273,6.208826989445259,73.76238335050193
round_2,BA,2024-08-04,18.815267279412712,22.037602245985006,6.071123020679704,72.66162320024138
round_2,BA,2024-08-11,18.817647633359652,21.87264173777473,6.200355844497904,72.56174858587529
round_2,BA,2024-08-18,19.08037595304828,22.146963703233325,6.326992978566341,73.65765191624206
round_2,BA,2024-08-25,19.22855385479984,22.575982472984464,6.103169240041179,71.39313912389561
round_2,BA,2024-09-01,19.42195784862053,22.847516831839,6.089224714725376,70.73413795487963
round_2,BA,2024-09-08,19.57786863135024,23.0452725003162,6.118359228993667,70.06742717297256
round_2,BA,2024-09-15,19.982675166716565,23.58704657544179,6.0620616365960025,69.08564769558909
round_2,BA,2024-09-22,20.50007808368752,24.04442921661676,6.206661100092953,69.44615023785312
round_2,BA,2024-09-29,20.876989287115695,24.59865254300192,6.014051305154012,68.18029584566263
round_2,CE,2023-06-25,22.457684634259447,25.56238833389055,6.373284904945712,70.62118657587648
round_2,CE,2023-07-02,23.87726003663396,26.97769579206403,6.526548115689476,67.48430600197075
round_2,CE,2023-07-09,23.844437551870357,27.03461820803516,6.234409584979171,66.59732831083777
round_2,CE,2023-07-16,23.735289721227293,27.247067891171792,5.850035092816964,63.7842812801046
round_2,CE,2023-07-23,23.772027159871183,27.35595654436037,5.602682266355401,61.98877899160307
round_2,CE,2023-07-30,23.721647648278665,27.467100338617687,5.391543705304997,60.042887558063285
round_2,CE,2023-08-06,23.227698472138744,27.15789084003868,4.7337864308912705,58.81890390770606
round_2,CE,2023-08-13,23.334464913655022,27.322788397516582,4.660178144971142,57.36355434857711
round_2,CE,2023-08-20,23.545300926301188,27.499320251224617,4.658072599407304,57.39863747596775
round_2,CE,2023-08-27,23.61959566498673,27.64442858836875,4.660675660657507,57.84981071103824
round_2,CE,2023-09-03,23.229769093719742,27.200465852596775,4.79086869816982,57.25123279953934
round_2,CE,2023-09-10,23.37200633710572,27.395144275249105,4.386050881075879,56.42321677085365
round_2,CE,2023-09-17,23.52112504943043,27.50548582444519,4.8073609477383465,57.39001912072163
round_2,CE,2023-09-24,23.772642837922888,27.652929478289693,5.28572301194351,57.63501865826613
round_2,CE,2023-10-01,23.85878449660728,27.76344499323931,5.018635860978707,55.86471313009939
round_2,CE,2023-10-08,24.02958462499938,27.82617783765037,5.511316448402779,56.07352749708656
round_2,CE,2023-10-15,24.155570936468028,27.813521999021397,5.578827491063228,57.38293322342714
round_2,CE,2023-10-22,24.234209609960203,27.894595969915983,5.804636512024295,57.363025983463864
round_2,CE,2023-10-29,24.303779655468126,27.88019146487671,6.033191682415091,58.08335246334597
round_2,CE,2023-11-05,24.658271731698672,28.174069912626393,6.09656109532219,57.138531161853855
round_2,CE,2023-11-12,24.694802892040837,28.271346020872315,6.185509129264147,56.6128961270783
round_2,CE,2023-11-19,24.828659402940335,28.362653109560625,6.1738057226528165,57.174223409127165
round_2,CE,2023-11-26,24.892495501916382,28.287441891180784,6.52335772399506,58.22242663882556
round_2,CE,2023-12-03,25.495245889622822,28.903707375147107,6.542259891101752,55.96452332318199
round_2,CE,2023-12-10,25.393407640391572,28.649388496201073,6.784390960624726,57.34812800561916
round_2,CE,2023-12-17,25.41836560665965,28.61464470289927,6.790591429640985,58.36647450542321
round_2,CE,2023-12-24,25.305560758815034,28.490411607578633,6.540351479948507,59.21550118814874
round_2,CE,2023-12-31,25.200409598759332,28.297149829690035,6.854732159284438,61.05394426293443
round_2,CE,2024-01-07,23.83978317711483,26.839003866612103,6.954058416828175,72.49511262724103
round_2,CE,2024-01-14,23.73024913713057,26.58139401283088,6.89524126420333,74.43576905470532
round_2,CE,2024-01-21,23.520214803340348,26.278350706013228,6.9421911544952,76.8916930356357
round_2,CE,2024-01-28,23.58842465909413,26.494574521841898,6.893253716899655,75.38702421071984
round_2,CE,2024-02-04,23.60484175009896,26.41776163316336,6.941551421163708,76.63534780293803
round_2,CE,2024-02-11,23.422861752016573,26.061591463580665,6.963018077458702,78.97955508119506
round_2,CE,2024-02-18,23.26910809595834,25.845246971360535,6.968319718534955,80.72866168982628
round_2,CE,2024-02-25,23.36112813102557,26.02979732887628,6.941940651087867,79.74414201705535
round_2,CE,2024-03-03,23.392150073416076,26.033524804976732,6.94208037107716,80.04125030438237
round_2,CE,2024-03-10,23.283134993345225,25.824811682633985,6.993799724870163,81.343636676273
round_2,CE,2024-03-17,23.159262057105288,25.633969956027663,6.998386982824309,82.5988000188946
round_2,CE,2024-03-24,23.174087388019984,25.54399285428876,6.987246582706466,83.49574573202187
round_2,CE,2024-03-31,23.22666059971188,25.70297771164937,6.9557837683178345,82.5078210791086
round_2,CE,2024-04-07,23.187923033018283,25.67087202969728,6.978268275362012,82.71507521390798
round_2,CE,2024-04-14,23.148187885354034,25.629776207511515,6.988130489991768,82.7018597575935
round_2,CE,2024-04-21,23.144681756003845,25.70080938391916,6.932025503705823,81.50795036722332
round_2,CE,2024-04-28,23.084073438974315,25.674484893882894,6.864327417523984,81.08775698585163
round_2,CE,2024-05-05,23.190849263183857,25.87288545720304,6.805814775447532,79.32775902805669
round_2,CE,2024-05-12,23.211932847894815,25.998386487212105,6.814973957715222,77.92945251205394
round_2,CE,2024-05-19,23.162760239593847,25.98558935084543,6.77671669074736,77.31321659881982
round_2,CE,2024-05-26,23.075059381932856,25.897499497967473,6.799750444212557,76.66451482454679
round_2,CE,2024-06-02,22.83467388503613,25.79131561515428,6.737173735551404,74.94464203991176
round_2,CE,2024-06-09,22.735128006471413,25.698373167863515,6.625536753841943,73.26631526701989
round_2,CE,2024-06-16,22.617570945266277,25.65134853337173,6.668826714055573,72.62177752681674
round_2,CE,2024-06-23,22.457684634259447,25.56238833389055,6.373284904945712,70.62118657587648
round_2,CE,2024-06-30,22.50523119544289,25.60566695087296,6.526548115689476,70.37325180095044
round_2,CE,2024-07-07,22.47240871067929,25.66258936684409,6.234409584979171,69.48627410981747
round_2,CE,2024-07-14,22.363260880036226,25.87503904998072,5.850035092816964,66.6732270790843
round_2,CE,2024-07-21,22.399998318680115,25.9839277031693,5.602682266355401,64.87772479058276
round_2,CE,2024-07-28,22.349618807087595,26.095071497426616,5.391543705304997,62.93183335704298
round_2,CE,2024-08-04,22.35578011046093,26.285972478360865,4.7337864308912705,62.15398880838446
round_2,CE,2024-08-11,22.462546551977212,26.450870035838776,4.660178144971142,60.69863924925551
round_2,CE,2024-08-18,22.67338256462337,26.627401889546796,4.658072599407304,60.73372237664616
round_2,CE,2024-08-25,22.74767730330891,26.77251022669094,4.660675660657507,61.18489561171663
round_2,CE,2024-09-01,22.873991786181627,26.84468854505866,4.79086869816982,60.87499081663257
round_2,CE,2024-09-08,23.0162290295676,27.039366967710983,4.386050881075879,60.046974787946866
round_2,CE,2024-09-15,23.165347741892315,27.149708516907072,4.8073609477383465,61.013777137814856
round_2,CE,2024-09-22,23.41686553038477,27.297152170751577,5.28572301194351,61.25877667535935
round_2,CE,2024-09-29,23.581542877369923,27.486203374001956,5.018635860978707,60.88993216919659
round_2,DF,2023-06-25,14.941328571428569,19.80387142857143,1.434782608695652,55.71393850931677
round_2,DF,2023-07-02,15.22187150119157,20.23017771237169,1.391304347826087,56.326912120601314
round_2,DF,2023-07-09,15.600052246533188,20.703968395601507,1.5217391304347827,55.48275994668827
round_2,DF,2023-07-16,15.89093112852076,21.0275180850425,1.565217391304348,54.310777337992626
round_2,DF,2023-07-23,15.845891376967968,21.017406283800263,1.7391304347826089,52.49931957401746
round_2,DF,2023-07-30,15.988772743427594,21.25214106640896,1.2173913043478262,50.42573199637771
round_2,DF,2023-08-06,15.557622151296968,21.10457991527212,0.4347826086956521,45.39491747719862
round_2,DF,2023-08-13,15.545583641980198,20.97960351775659,1.2608695652173914,44.913251638689296
round_2,DF,2023-08-20,15.96727929415411,21.40730475999262,1.7391304347826089,45.3612615765775
round_2,DF,2023-08-27,17.073202896638584,22.52198798980628,2.3043478260869565,44.592886421298
round_2,DF,2023-09-03,17.446663299393872,22.93246267827585,2.4347826086956523,35.400093552395745
round_2,DF,2023-09-10,17.967412367716854,23.715949013679587,1.5217391304347827,31.739876782209407
round_2,DF,2023-09-17,18.713887522996355,24.10229870312057,3.130434782608696,36.22928982568767
round_2,DF,2023-09-24,18.77400926212679,23.78010864100878,4.565217391304348,44.72012088158829
round_2,DF,2023-10-01,21.66047982003537,26.666101559165806,5.304347826086956,30.922550583077737
round_2,DF,2023-10-08,21.656158702022942,26.63560528587388,4.3478260869565215,29.764013315996987
round_2,DF,2023-10-15,21.887058080904936,26.75189472686767,4.0,30.905102135872763
round_2,DF,2023-10-22,21.943097832457727,26.36414752189873,5.9565217391304355,37.99400524146283
round_2,DF,2023-10-29,21.485957459786924,25.30840528587388,6.521739130434782,47.92417170109017
round_2,DF,2023-11-05,23.660725036309284,27.04756478786208,6.9565217391304355,43.21172074784485
round_2,DF,2023-11-12,23.680322551837232,27.328546775439712,6.608695652173913,42.192882238528085
round_2,DF,2023-11-19,23.714914477303076,27.128325657427293,6.7391304347826075,44.468028822379026
round_2,DF,2023-11-26,23.512600191588785,26.735234353079463,7.0,46.969388449708205
round_2,DF,2023-12-03,22.58866433672687,25.879486075857304,6.7391304347826075,58.9427962991781
round_2,DF,2023-12-10,22.406046945422524,25.33464321871445,6.8695652173913055,61.60886772774951
round_2,DF,2023-12-17,22.393639492006375,26.006018995111965,6.695652173913044,55.99779816253212
round_2,DF,2023-12-24,22.46366446612646,25.741962085174077,6.583333333333333,58.786157324022824
round_2,DF,2023-12-31,22.37873053755503,25.804195418507412,6.75,58.19270672878472
round_2,DF,2024-01-07,18.804991666666663,22.169317857142858,6.916666666666667,78.48520595238095
round_2,DF,2024-01-14,18.87237142857143,22.581924404761903,6.583333333333333,74.60974345238095
round_2,DF,2024-01-21,18.924096428571428,22.45924226190476,6.458333333333333,77.18272321428572
round_2,DF,2024-01-28,18.95020595238095,22.476490476190477,6.791666666666667,77.35490952380952
round_2,DF,2024-02-04,18.82418988095238,22.255668452380956,6.875,78.2875761904762
round_2,DF,2024-02-11,18.81436904761905,22.453595238095236,6.875,76.39560892857143
round_2,DF,2024-02-18,18.733855357142858,22.289089285714287,7.0,78.79067202380952
round_2,DF,2024-02-25,18.75325595238095,22.312863690476192,6.875,78.7233
round_2,DF,2024-03-03,18.795525595238097,22.386568452380953,6.625,77.74986607142857
round_2,DF,2024-03-10,18.797635714285715,22.17569285714286,6.958333333333333,79.84856011904762
round_2,DF,2024-03-17,18.546655952380952,22.110449404761905,6.75,78.54421547619047
round_2,DF,2024-03-24,18.499846428571427,22.05387023809524,6.166666666666667,77.63356964285714
round_2,DF,2024-03-31,18.4071625,22.22142738095238,6.166666666666667,75.21084285714285
round_2,DF,2024-04-07,18.23239047619048,21.970735714285713,6.291666666666667,76.2450505952381
round_2,DF,2024-04-14,18.06932857142857,21.88838035714286,6.125,73.96397440476191
round_2,DF,2024-04-21,17.79110892857143,21.7962125,5.666666666666667,71.22045952380952
round_2,DF,2024-04-28,17.012225,21.47633154761905,4.333333333333333,66.45628511904762
round_2,DF,2024-05-05,16.89920238095238,21.47475238095238,3.9166666666666665,64.13313333333333
round_2,DF,2024-05-12,16.586747023809526,21.048575,4.041666666666667,65.00385892857143
round_2,DF,2024-05-19,16.517545238095238,20.880356547619048,4.166666666666667,64.36635773809523
round_2,DF,2024-05-26,16.26064880952381,20.96479345238095,3.625,62.767065476190474
round_2,DF,2024-06-02,16.019255952380952,20.665649404761904,3.125,62.36547023809524
round_2,DF,2024-06-09,15.518557142857142,20.362144047619047,2.25,58.568851190476195
round_2,DF,2024-06-16,15.316336904761904,20.17935357142857,1.875,57.238908928571426
round_2,DF,2024-06-23,14.941328571428569,19.80387142857143,1.434782608695652,55.71393850931677
round_2,DF,2024-06-30,14.69041552795031,19.69872173913043,1.391304347826087,53.327947826086955
round_2,DF,2024-07-07,15.068596273291927,20.17251242236025,1.5217391304347827,52.48379565217392
round_2,DF,2024-07-14,15.359475155279505,20.496062111801244,1.565217391304348,51.31181304347826
round_2,DF,2024-07-21,15.314435403726709,20.48595031055901,1.7391304347826089,49.50035527950311
round_2,DF,2024-07-28,15.457316770186338,20.720685093167702,1.2173913043478262,47.426767701863355
round_2,DF,2024-08-04,16.132545341614907,21.67950310559006,0.4347826086956521,44.00160372670808
round_2,DF,2024-08-11,16.120506832298137,21.554526708074533,1.2608695652173914,43.519937888198754
round_2,DF,2024-08-18,16.54220248447205,21.98222795031056,1.7391304347826089,43.96794782608696
round_2,DF,2024-08-25,17.648126086956523,23.09691118012422,2.3043478260869565,43.199572670807456
round_2,DF,2024-09-01,17.928580745341616,23.4143801242236,2.4347826086956523,43.11998260869565
round_2,DF,2024-09-08,18.4493298136646,24.19786645962733,1.5217391304347827,39.45976583850931
round_2,DF,2024-09-15,19.1958049689441,24.58421614906832,3.130434782608696,43.94917888198758
round_2,DF,2024-09-22,19.255926708074533,24.262026086956524,4.565217391304348,52.4400099378882
round_2,DF,2024-09-29,19.516011180124224,24.52163291925466,5.304347826086956,54.233724223602486
round_2,GO,2023-06-25,16.361245140459417,21.468815065762204,0.8512211538963304,52.465727054729754
round_2,GO,2023-07-02,15.514754806691682,20.82176904753289,0.59121492478538,55.818108769285075
round_2,GO,2023-07-09,15.799926643090384,21.13018927732726,1.0253926025761209,55.434414826997205
round_2,GO,2023-07-16,15.934359355462163,21.39377545571565,0.990958266063556,54.10430843369457
round_2,GO,2023-07-23,16.1006507956415,21.476062717083103,1.167083827576255,52.44513009414205
round_2,GO,2023-07-30,16.322192028011546,21.86861565471799,0.6786908748901064,50.185589832306945
round_2,GO,2023-08-06,15.861052521540252,21.685331793008956,0.4695572627677754,44.85535512513317
round_2,GO,2023-08-13,16.174331226411162,21.874055189266585,0.9837281094918848,43.42622375889088
round_2,GO,2023-08-20,16.75011403250822,22.40189254562479,1.002549731522085,42.73142709535645
round_2,GO,2023-08-27,17.59136452558908,23.225572125489727,2.1754906850989504,44.35764436739491
round_2,GO,2023-09-03,18.300851112351666,24.028085452097233,2.3209191248295316,33.03246549762428
round_2,GO,2023-09-10,19.09541162401229,24.998483267429332,1.5870042805210227,29.94680361641676
round_2,GO,2023-09-17,19.60687467329144,25.21568294119464,3.125494019633559,34.50176001820987
round_2,GO,2023-09-24,19.458987277135563,24.567357709171144,4.639598333797451,43.63615271534623
round_2,GO,2023-10-01,22.56903231864136,27.687487273877796,5.418254456552648,30.716328026571
round_2,GO,2023-10-08,22.670469537649147,27.729971085215993,4.668372459603389,29.28553665138273
round_2,GO,2023-10-15,22.968450306909183,27.904660361183765,4.488435853302662,30.40047508124547
round_2,GO,2023-10-22,22.754322725549866,27.21240779576953,6.270073765106339,38.679897209129365
round_2,GO,2023-10-29,22.28000301309158,26.179178462509,6.625420813318732,46.94590962439392
round_2,GO,2023-11-05,24.17165965466228,27.71040221012424,6.901088016445162,45.122040616723424
round_2,GO,2023-11-12,24.22419297390681,27.93569694498123,6.7518658444483854,44.69240196964116
round_2,GO,2023-11-19,24.289870347691945,27.84588609153397,6.863630050337445,46.2923713434839
round_2,GO,2023-11-26,24.144754063630543,27.491496909909152,6.909907305560335,48.53872870416264
round_2,GO,2023-12-03,23.27206084853485,26.55708347994548,6.768927715401258,60.81672928588305
round_2,GO,2023-12-10,23.013671351327908,25.887730074377195,6.955816950817802,64.05474632975456
round_2,GO,2023-12-17,22.88511775070753,26.573954909120484,6.734146894182488,58.92801106023864
round_2,GO,2023-12-24,23.020623541180775,26.364397835554488,6.651007697852358,61.24898515434161
round_2,GO,2023-12-31,23.00211289139791,26.29804089399947,6.821830367600536,61.49593806601215
round_2,GO,2024-01-07,20.037171275693513,23.279418366848084,6.893738566631854,80.37619436253827
round_2,GO,2024-01-14,20.06128511510461,23.726380157270935,6.543105383499094,77.15123062196794
round_2,GO,2024-01-21,20.17524269998148,23.64541696222597,6.710760487447133,78.99390240554632
round_2,GO,2024-01-28,20.111486968861524,23.59031929893305,6.766740447966891,79.39932865639064
round_2,GO,2024-02-04,20.085897267517986,23.428000008685025,6.7581527904568865,79.93266033872263
round_2,GO,2024-02-11,19.9603309716934,23.5706561914651,6.799842446778164,78.88445638852113
round_2,GO,2024-02-18,19.963054804873657,23.50404342725414,6.98684295780406,80.12330512288997
round_2,GO,2024-02-25,19.944593010532813,23.39545807155468,6.874392923820232,80.65496597736671
round_2,GO,2024-03-03,19.93660316723377,23.589504331887973,6.711243977395243,78.86036736658305
round_2,GO,2024-03-10,20.06031239195071,23.402531531830817,6.938887116395499,80.65992833690194
round_2,GO,2024-03-17,19.742682651797516,23.30374769304557,6.769310305197992,79.87309301909636
round_2,GO,2024-03-24,19.663611582078783,23.343279187863462,6.256994753958385,78.36126781059619
round_2,GO,2024-03-31,19.583996435341636,23.494696647784107,6.145177541648881,75.87897486810961
round_2,GO,2024-04-07,19.423271712599423,23.34135803327857,5.911085091716374,75.6868141358188
round_2,GO,2024-04-14,19.17878634025804,23.17676034459111,5.972843560294657,73.3579468744337
round_2,GO,2024-04-21,18.92932843234301,23.149362068687953,5.195230010371836,70.01043251444324
round_2,GO,2024-04-28,18.059695198698837,22.810534782273233,3.6666101074016497,64.59761059607646
round_2,GO,2024-05-05,17.77281527281759,22.61982497115156,3.4083462470533843,62.36002477851233
round_2,GO,2024-05-12,17.570679694876915,22.284655252733565,3.588158028910119,63.15838848747743
round_2,GO,2024-05-19,17.532059729016407,22.182356047210067,3.5208509881083767,62.33392373222094
round_2,GO,2024-05-26,17.188963764697768,22.15396174409251,3.1660021051249556,61.47048508753202
round_2,GO,2024-06-02,17.175773394965702,21.99419778099118,2.8024248035114185,60.48863677268148
round_2,GO,2024-06-09,16.866903815240867,21.904913171060414,1.4638214566846843,55.740530256048274
round_2,GO,2024-06-16,16.488560670098703,21.63859248600747,1.515525678209404,55.363102720875894
round_2,GO,2024-06-23,16.361245140459417,21.468815065762204,0.8512211538963304,52.465727054729754
round_2,GO,2024-06-30,16.0681934741043,21.375207714945503,0.59121492478538,50.576735441765734
round_2,GO,2024-07-07,16.353365310503,21.68362794473988,1.0253926025761209,50.193041499477864
round_2,GO,2024-07-14,16.48779802287478,21.94721412312827,0.990958266063556,48.86293510617523
round_2,GO,2024-07-21,16.65408946305412,22.02950138449572,1.167083827576255,47.20375676662271
round_2,GO,2024-07-28,16.875630695424164,22.42205432213061,0.6786908748901064,44.944216504787605
round_2,GO,2024-08-04,17.51199307312665,23.33627234459535,0.4695572627677754,41.80100221140542
round_2,GO,2024-08-11,17.825271777997557,23.52499574085298,0.9837281094918848,40.37187084516312
round_2,GO,2024-08-18,18.401054584094613,24.052833097211188,1.002549731522085,39.6770741816287
round_2,GO,2024-08-25,19.242305077175473,24.87651267707612,2.1754906850989504,41.30329145366716
round_2,GO,2024-09-01,19.57214151243874,25.299375852184312,2.3209191248295316,40.76558131162825
round_2,GO,2024-09-08,20.366702024099364,26.26977366751641,1.5870042805210227,37.679919430420725
round_2,GO,2024-09-15,20.87816507337852,26.486973341281715,3.125494019633559,42.23487583221383
round_2,GO,2024-09-22,20.73027767722264,25.83864810925822,4.639598333797451,51.36926852935019
round_2,GO,2024-09-29,20.81785375776749,25.936308713003935,5.418254456552648,55.4546102071226
round_2,MA,2023-06-25,23.284670248533043,26.53908736315383,5.652006448094387,71.9084428590366
round_2,MA,2023-07-02,24.070012019370424,27.253035489973502,5.801751763159907,69.5289293141672
round_2,MA,2023-07-09,24.103693186148647,27.428198167174006,5.659697693428661,68.04871101033818
round_2,MA,2023-07-16,23.96035760188231,27.47424687493687,5.707201283359385,66.94842165238408
round_2,MA,2023-07-23,24.123244689378836,27.71929123698484,5.236874127707994,64.5688974609484
round_2,MA,2023-07-30,24.094370481720453,27.907690547955397,4.969652547339065,62.01944701049178
round_2,MA,2023-08-06,24.383838623484035,28.32336657968681,5.1431761815331445,55.41158271147958
round_2,MA,2023-08-13,24.510072141885473,28.53544920473123,5.0872229590183,54.09463549272857
round_2,MA,2023-08-20,24.84781603324068,28.813483816533623,5.177612357337219,53.32373187315119
round_2,MA,2023-08-27,24.958081117817436,28.93858402662929,5.854904129445152,54.63717375532606
round_2,MA,2023-09-03,25.153853582515747,29.163384988483195,5.778731156019303,51.555143367031825
round_2,MA,2023-09-10,25.309586397267655,29.43740168657475,5.549630680376598,49.75963158726566
round_2,MA,2023-09-17,25.40699025795654,29.439178931678025,5.925242202036958,51.25903274063305
round_2,MA,2023-09-24,25.50854512009885,29.41677671297366,6.438969164277236,52.758760407286005
round_2,MA,2023-10-01,26.186914514529605,30.18948584668611,6.349498004424552,48.78950147554537
round_2,MA,2023-10-08,26.403543143356675,30.3164544310472,6.364507211558491,48.55385910739284
round_2,MA,2023-10-15,26.39921673502709,30.08912275281911,6.49748784920433,50.8090586425799
round_2,MA,2023-10-22,26.369621131215823,30.05827714107591,6.590318467942527,51.51794496328929
round_2,MA,2023-10-29,26.365426363185932,29.89329820407183,6.736879470950026,53.02775492981816
round_2,MA,2023-11-05,27.21484306208017,30.614859422115178,6.732930334971467,49.42531904686416
round_2,MA,2023-11-12,27.189327345787724,30.550524833431872,6.85425431067832,50.07966822891683
round_2,MA,2023-11-19,27.251809388314335,30.584397295612252,6.808591949293556,50.17205609026702
round_2,MA,2023-11-26,27.17540387289247,30.343866387106697,6.852958464523348,52.01776936715323
round_2,MA,2023-12-03,28.000564778125504,31.181267349314016,6.808200446078005,48.732144827553185
round_2,MA,2023-12-10,27.769930961034586,30.700723971426623,6.989996515462788,51.6384695896734
round_2,MA,2023-12-17,27.692890420196303,30.538266548889897,6.976570004496315,53.23769553639263
round_2,MA,2023-12-24,27.50916667391281,30.257935621229453,6.726261424267048,55.00336429379566
round_2,MA,2023-12-31,27.20837595533956,29.837965630116333,6.993219823636916,57.25989113358577
round_2,MA,2024-01-07,23.64301974478941,26.200592136792498,6.999754751127697,81.89664022815006
round_2,MA,2024-01-14,23.485175267535364,25.93891033013935,6.999419308329906,83.33937432035005
round_2,MA,2024-01-21,23.351569477380245,25.736682975467325,6.999951103398478,84.81505128299308
round_2,MA,2024-01-28,23.483612238711988,25.98119130877114,6.99675456228565,83.75103091302084
round_2,MA,2024-02-04,23.40218419949534,25.76342219167824,6.993972353970739,85.16756808590554
round_2,MA,2024-02-11,23.194425183650537,25.47572221031267,6.999932366429754,86.47374431503161
round_2,MA,2024-02-18,23.181379875300653,25.520838031605848,6.99991728067642,86.63989938385032
round_2,MA,2024-02-25,23.29193951164573,25.63493367420546,6.999864732859509,86.23911790216577
round_2,MA,2024-03-03,23.270934369756308,25.57600019217962,6.999565867521889,86.5964241968835
round_2,MA,2024-03-10,23.196840964727507,25.473446638209545,7.0,87.01927524041189
round_2,MA,2024-03-17,23.11059319139293,25.365250974193795,7.0,87.45976947870825
round_2,MA,2024-03-24,23.113700278209297,25.314715197162645,6.997086080769017,87.98519654919868
round_2,MA,2024-03-31,23.243931705639916,25.60378213324974,6.99147068367328,86.95384696751864
round_2,MA,2024-04-07,23.219014908160847,25.500680007590507,6.9966484929943915,87.41835128340128
round_2,MA,2024-04-14,23.223015449059695,25.537872554542304,6.991259625613043,87.3922365871546
round_2,MA,2024-04-21,23.317399010244475,25.755918865326965,6.970066392275752,85.99933701507983
round_2,MA,2024-04-28,23.273512880954243,25.721467861296592,6.974958759670614,85.95330234720736
round_2,MA,2024-05-05,23.449979413485263,26.02632255426836,6.8635141431816935,84.20276129224462
round_2,MA,2024-05-12,23.533409748881297,26.218420389255133,6.8676918994503495,82.68027772090826
round_2,MA,2024-05-19,23.526366668372855,26.251537063153663,6.748048915172257,81.63200154220586
round_2,MA,2024-05-26,23.43694290687648,26.235009728973058,6.65048189749971,80.90021968430399
round_2,MA,2024-06-02,23.32801746896082,26.257183408472883,6.5146963556667075,78.8475523666201
round_2,MA,2024-06-09,23.372245066956285,26.394520688190948,6.260745550634865,76.05886767759466
round_2,MA,2024-06-16,23.368510032710155,26.51505229255726,6.1454650385024525,74.15456895093605
round_2,MA,2024-06-23,23.284670248533043,26.53908736315383,5.652006448094387,71.9084428590366
round_2,MA,2024-06-30,23.384594569198978,26.56761803980206,5.801751763159907,71.79565306306887
round_2,MA,2024-07-07,23.418275735977208,26.742780717002564,5.659697693428661,70.31543475923985
round_2,MA,2024-07-14,23.27494015171087,26.78882942476543,5.707201283359385,69.21514540128575
round_2,MA,2024-07-21,23.437827239207397,27.0338737868134,5.236874127707994,66.83562120985007
round_2,MA,2024-07-28,23.40895303154901,27.222273097783955,4.969652547339065,64.28617075939344
round_2,MA,2024-08-04,23.550395639569437,27.48992359577221,5.1431761815331445,63.64832698468154
round_2,MA,2024-08-11,23.676629157970876,27.70200622081663,5.0872229590183,62.33137976593052
round_2,MA,2024-08-18,24.01437304932608,27.980040832619025,5.177612357337219,61.56047614635315
round_2,MA,2024-08-25,24.12463813390284,28.10514104271469,5.854904129445152,62.873918028528024
round_2,MA,2024-09-01,24.20861727344097,28.21814867940842,5.778731156019303,62.322333359434786
round_2,MA,2024-09-08,24.364350088192875,28.49216537749997,5.549630680376598,60.52682157966862
round_2,MA,2024-09-15,24.46175394888176,28.493942622603253,5.925242202036958,62.02622273303602
round_2,MA,2024-09-22,24.56330881102408,28.47154040389888,6.438969164277236,63.525950399688966
round_2,MA,2024-09-29,24.615947794564704,28.618519126721218,6.349498004424552,62.93371007076168
round_2,MG,2023-06-25,13.557900156719684,18.198429315437387,3.7082822822841504,68.54546272813806
round_2,MG,2023-07-02,13.359473779247756,18.150837501540316,3.2771787796813623,68.10713236235335
round_2,MG,2023-07-09,13.44084724080384,18.279279471496615,3.437329295378938,67.57694952197343
round_2,MG,2023-07-16,13.368368666505042,18.29662044847172,3.462876491586533,66.9576838353364
round_2,MG,2023-07-23,13.767092218684493,18.554711545382258,3.5395437077308354,65.84013073712295
round_2,MG,2023-07-30,13.52392996269106,18.514202486626424,3.4199129130481993,65.07891241594638
round_2,MG,2023-08-06,13.120819768330144,18.44759315600162,2.9470902401307506,63.11078320868401
round_2,MG,2023-08-13,13.091897144492142,18.259219436755625,3.429504146092985,62.63876647416642
round_2,MG,2023-08-20,13.475141477775416,18.71727664659815,3.608523892907177,61.76479383120812
round_2,MG,2023-08-27,14.185653619163846,19.392035372227102,4.147120347692589,61.92477278689896
round_2,MG,2023-09-03,14.10608345411126,19.44901906034646,3.9711921518375655,55.126486096942635
round_2,MG,2023-09-10,14.96299518806373,20.451340478410582,3.623921100905159,53.553327160181865
round_2,MG,2023-09-17,15.379373686255644,20.59680827987372,4.375620993612827,55.85896270209523
round_2,MG,2023-09-24,15.49997378397303,20.22431014236951,5.2382476113773055,60.250100832758946
round_2,MG,2023-10-01,17.58989443808497,22.284250969993497,5.724287894959305,53.85661500940308
round_2,MG,2023-10-08,17.523458521497407,22.14775490960121,5.20797868354381,52.04174786275985
round_2,MG,2023-10-15,18.15771246916226,22.83372104403277,5.313464795527548,51.0930131490058
round_2,MG,2023-10-22,18.521695974842967,22.782759004300345,6.271430410762854,55.40959086046221
round_2,MG,2023-10-29,18.39466344122317,22.105200522240963,6.644908817573127,61.15969453822294
round_2,MG,2023-11-05,20.13167692639839,23.61632542852038,6.685432483316001,57.12821075925717
round_2,MG,2023-11-12,20.581210320450836,24.08297388829549,6.803290091290739,58.41952432968818
round_2,MG,2023-11-19,20.53642608182246,23.886117597306633,6.745199903742135,60.12607229703352
round_2,MG,2023-11-26,20.72170601380275,23.891837596358055,6.830896167214745,61.02632583144107
round_2,MG,2023-12-03,20.492391009669372,23.674723669349813,6.8572038585991395,66.09400880887891
round_2,MG,2023-12-10,20.47453537815413,23.472781686033237,6.891805376033344,67.68324901187349
round_2,MG,2023-12-17,20.370751547318584,23.95768636413231,6.6549422015759925,63.91184143261275
round_2,MG,2023-12-24,20.605409449446757,23.796920288266747,6.613592333042637,66.3908941966543
round_2,MG,2023-12-31,20.64135441207536,24.01899841781344,6.586413181108483,65.30232360895869
round_2,MG,2024-01-07,19.33138061935593,22.800577315835323,6.740800727973899,77.5588372520483
round_2,MG,2024-01-14,19.378250187804337,23.14561644551978,6.4331955177290086,75.32440503351366
round_2,MG,2024-01-21,19.406502262810363,23.122825034540792,6.406218312425757,75.21980586006035
round_2,MG,2024-01-28,19.523481789061265,23.219255726556508,6.630312595964966,76.06965603441817
round_2,MG,2024-02-04,19.355715241165115,23.040080671838748,6.601971187493089,75.99646502319858
round_2,MG,2024-02-11,19.25987725238199,23.116208763744982,6.663609390061811,74.77134272266804
round_2,MG,2024-02-18,19.373241938324863,23.178131192002933,6.871983781540021,75.37858295139584
round_2,MG,2024-02-25,19.27105749287661,22.94448755017228,6.637787809590799,76.68556821823758
round_2,MG,2024-03-03,19.255748780564,23.044350388584775,6.721864735317708,76.48962115442602
round_2,MG,2024-03-10,19.309066344054717,22.88102784014455,6.818031795742131,77.16661022994028
round_2,MG,2024-03-17,18.924394343603403,22.633558083734165,6.7735719793744265,76.74014708442886
round_2,MG,2024-03-24,18.55164358306069,22.25477476213924,6.609804427519007,76.35837834841446
round_2,MG,2024-03-31,18.333546221431003,22.16402881425258,6.433568188415007,75.35462573332042
round_2,MG,2024-04-07,18.193059058018896,21.929694181894178,6.459361974152109,76.45419459640674
round_2,MG,2024-04-14,17.541252704950914,21.41269100186375,6.058531311847714,74.21943703953241
round_2,MG,2024-04-21,17.22424518532186,21.245272979481967,5.843130643016552,73.44128761920987
round_2,MG,2024-04-28,15.969995492671485,20.425613999971475,4.690149393607757,70.64419712952058
round_2,MG,2024-05-05,15.564703049775,19.894629683814298,5.181045129283628,71.12490509897088
round_2,MG,2024-05-12,15.139316736823906,19.38094017318291,4.95078284741571,71.93411320663256
round_2,MG,2024-05-19,15.015242010607698,19.096022609094135,5.112808673851641,72.76562182293326
round_2,MG,2024-05-26,14.7400823789076,19.124633792482378,4.733020413047781,72.45814946926663
round_2,MG,2024-06-02,14.398021909406552,18.827777372869633,4.493971413559262,72.06672539634447
round_2,MG,2024-06-09,13.900710333949686,18.636269840160946,3.5886772453607008,69.8000276469451
round_2,MG,2024-06-16,13.894169261657863,18.493103866284155,3.936791606284063,69.55026046450632
round_2,MG,2024-06-23,13.557900156719684,18.198429315437387,3.7082822822841504,68.54546272813806
round_2,MG,2024-06-30,13.428173067171754,18.21953678946431,3.2771787796813623,66.63069681484791
round_2,MG,2024-07-07,13.509546528727835,18.34797875942061,3.437329295378938,66.100513974468
round_2,MG,2024-07-14,13.437067954429038,18.365319736395723,3.462876491586533,65.48124828783097
round_2,MG,2024-07-21,13.835791506608489,18.623410833306252,3.5395437077308354,64.3636951896175
round_2,MG,2024-07-28,13.59262925061506,18.58290177455042,3.4199129130481993,63.60247686844094
round_2,MG,2024-08-04,14.20720209945049,19.533975487121968,2.9470902401307506,60.703417761694126
round_2,MG,2024-08-11,14.17827947561249,19.345601767875973,3.429504146092985,60.23140102717653
round_2,MG,2024-08-18,14.561523808895764,19.8036589777185,3.608523892907177,59.35742838421823
round_2,MG,2024-08-25,15.272035950284192,20.478417703347453,4.147120347692589,59.51740733990908
round_2,MG,2024-09-01,15.605693380862975,20.94862898709817,3.9711921518375655,58.47434911821849
round_2,MG,2024-09-08,16.462605114815446,21.950950405162303,3.623921100905159,56.901190181457714
round_2,MG,2024-09-15,16.878983613007357,22.096418206625437,4.375620993612827,59.2068257233711
round_2,MG,2024-09-22,16.999583710724746,21.723920069121224,5.2382476113773055,63.597963854034795
round_2,MG,2024-09-29,17.868684044655446,22.56304057656397,5.724287894959305,65.08188379535511
round_2,MS,2023-06-25,16.291696907277302,20.44498024419627,2.763964500434265,66.33509595904535
round_2,MS,2023-07-02,15.359065901157082,19.749280863988588,2.0999935584590212,71.8765656339978
round_2,MS,2023-07-09,14.773581202271748,19.000644737020245,3.344551307423948,72.33226280058922
round_2,MS,2023-07-16,14.254957854831394,18.83728378174819,3.2388141035346965,71.87648035568745
round_2,MS,2023-07-23,14.744011789823004,19.29534945462404,2.822897910584424,68.76935546998307
round_2,MS,2023-07-30,15.017255789906036,19.77351982773865,2.4287811529638828,68.43242046685751
round_2,MS,2023-08-06,15.34873702108058,20.34714192506368,2.1949775068614006,62.45994813247204
round_2,MS,2023-08-13,15.6054333405326,20.721603329955123,2.440576070889835,59.20640400862078
round_2,MS,2023-08-20,15.939299034233503,21.140389354756625,2.597411999043268,57.93809190148212
round_2,MS,2023-08-27,15.903651363918812,20.899086421590503,3.4467528887665098,61.51710006566416
round_2,MS,2023-09-03,16.863839768251975,22.211362518508533,3.618047110603161,50.10892155646381
round_2,MS,2023-09-10,18.113155655009987,23.336469002608787,3.7555118696282057,50.971167064854335
round_2,MS,2023-09-17,17.960962682734802,23.184196857636323,4.818470328616558,53.31485799091013
round_2,MS,2023-09-24,17.798614542950684,22.495538232667904,5.21215015263241,58.540040178975545
round_2,MS,2023-10-01,20.43132203773799,24.919759548400556,5.976657999203854,51.953090600112134
round_2,MS,2023-10-08,20.933880985947052,25.24706539144824,6.013104529440972,52.74617346965334
round_2,MS,2023-10-15,20.999853417688193,25.412372161905164,6.070039723926227,53.46033382970268
round_2,MS,2023-10-22,21.173969467826375,25.338110121874298,6.2339280467831,55.91220064557774
round_2,MS,2023-10-29,20.90119080857051,24.92584911408513,6.416789078987935,57.08191424209216
round_2,MS,2023-11-05,21.923779190279504,25.777348384765837,6.457502546623756,63.20724229661089
round_2,MS,2023-11-12,21.931155244833256,26.02162306150305,6.176260169751924,61.54969411777721
round_2,MS,2023-11-19,22.435801675534112,26.517633159151693,6.302783213989404,61.38068188446496
round_2,MS,2023-11-26,23.00980900712335,26.809813609774388,6.535503691115964,63.77491226176259
round_2,MS,2023-12-03,22.812372186395923,26.476297004634976,6.4806133328183675,68.21124918860664
round_2,MS,2023-12-10,22.75158601971678,26.242768759768815,6.732867229196198,69.93603667078986
round_2,MS,2023-12-17,22.893301795240713,26.70202695157434,6.745510845790386,67.78502916409607
round_2,MS,2023-12-24,23.2489686133219,26.77945398752381,6.63726244439042,69.96686039381126
round_2,MS,2023-12-31,23.19262263231528,26.60189603479547,6.946247250222906,71.73969120339031
round_2,MS,2024-01-07,22.55538376386526,25.792457835947836,6.896491942060383,78.12774932390312
round_2,MS,2024-01-14,22.58498890269344,26.07894476772923,6.704245837623048,76.74526548589745
round_2,MS,2024-01-21,22.74526099801707,26.111733915215655,6.915151931417444,77.13954560791784
round_2,MS,2024-01-28,22.631178199240797,26.01274747109896,6.897307116122797,77.34910834838875
round_2,MS,2024-02-04,22.471784316489924,26.036148654029837,6.535477381591045,75.61688610827437
round_2,MS,2024-02-11,22.31328702008476,25.62851747317093,6.663060485237283,77.74548978812565
round_2,MS,2024-02-18,22.437100286246327,25.710209716005114,6.768103651366617,78.18286577997016
round_2,MS,2024-02-25,22.240004027789155,25.503585985720036,6.914765201718326,78.69321415722067
round_2,MS,2024-03-03,22.351794416527408,26.19395819118903,6.361520065836226,73.91886184232017
round_2,MS,2024-03-10,22.28179111311922,25.684852175981263,6.680400464765185,77.39897842497868
round_2,MS,2024-03-17,21.931649128657273,25.28145327414524,6.846148197841027,77.71817358127788
round_2,MS,2024-03-24,21.264294098666596,25.00712901264255,6.012507959693605,73.57939804824666
round_2,MS,2024-03-31,21.596253064628577,25.358143934909467,6.035295008156584,72.35249122219892
round_2,MS,2024-04-07,21.20512495094375,25.13372651436422,5.721084457606219,71.30113602658317
round_2,MS,2024-04-14,20.26755875969827,24.308919838882076,5.052823159571242,69.68674676745952
round_2,MS,2024-04-21,19.717031191170943,23.72038453252104,4.978321923346911,70.54364708658748
round_2,MS,2024-04-28,18.802578328017116,22.98538391164174,3.932117732687189,67.38435393515476
round_2,MS,2024-05-05,17.63336795875702,21.73573555641354,4.191474896035317,68.71327305541708
round_2,MS,2024-05-12,17.433342920082627,21.29869889526051,4.59037687147541,69.93033828364648
round_2,MS,2024-05-19,17.23318095882804,21.01230908351507,4.020514995452987,70.83656407363381
round_2,MS,2024-05-26,16.806451244109535,20.522371586068097,4.6537448370979675,72.9008293036005
round_2,MS,2024-06-02,16.52589268396289,20.22424808489658,4.340051232104153,72.34733783695582
round_2,MS,2024-06-09,16.69244062993067,20.807608180598965,3.1252331205771484,68.8276671279259
round_2,MS,2024-06-16,16.279486104040213,20.34752836961516,3.110402845122456,68.83424667487805
round_2,MS,2024-06-23,16.291696907277302,20.44498024419627,2.763964500434265,66.33509595904535
round_2,MS,2024-06-30,16.55276521850351,20.942980181335017,2.0999935584590212,62.105817147763304
round_2,MS,2024-07-07,15.967280519618177,20.19434405436667,3.344551307423948,62.56151431435473
round_2,MS,2024-07-14,15.448657172177825,20.03098309909462,3.2388141035346965,62.10573186945296
round_2,MS,2024-07-21,15.937711107169434,20.48904877197047,2.822897910584424,58.99860698374857
round_2,MS,2024-07-28,16.210955107252463,20.96721914508508,2.4287811529638828,58.66167198062302
round_2,MS,2024-08-04,17.343732796858582,22.342137700841683,2.1949775068614006,55.70727508982133
round_2,MS,2024-08-11,17.600429116310604,22.716599105733128,2.440576070889835,52.453730965970074
round_2,MS,2024-08-18,17.934294810011504,23.135385130534623,2.597411999043268,51.18541885883142
round_2,MS,2024-08-25,17.898647139696816,22.894082197368505,3.4467528887665098,54.76442702301345
round_2,MS,2024-09-01,18.84485197160393,24.19237472186049,3.618047110603161,52.58563035464551
round_2,MS,2024-09-08,20.094167858361946,25.317481205960743,3.7555118696282057,53.447875863036046
round_2,MS,2024-09-15,19.94197488608676,25.165209060988275,4.818470328616558,55.79156678909184
round_2,MS,2024-09-22,19.779626746302643,24.47655043601986,5.21215015263241,61.01674897715726
round_2,MS,2024-09-29,20.963323795233535,25.451761305896103,5.976657999203854,64.70465208016464
round_2,MT,2023-06-25,19.31830627726756,24.194667888978135,1.538565009001556,58.07966732460152
round_2,MT,2023-07-02,18.468310391372285,23.57432675883686,1.0281416521542752,61.71905727289479
round_2,MT,2023-07-09,18.242978944904245,23.24492992544385,1.437058814332786,62.00062976947382
round_2,MT,2023-07-16,18.34188897115495,23.46547890155535,1.6021570296044287,61.54849626175832
round_2,MT,2023-07-23,18.29449156108479,23.459457141958826,1.5898263932449426,59.65531497308132
round_2,MT,2023-07-30,18.52533424274302,24.04804531229325,0.9757636482256686,56.69664310753973
round_2,MT,2023-08-06,19.0033976076932,24.64556065656501,0.9622227878987578,44.09193451893868
round_2,MT,2023-08-13,19.569733617971824,25.175155030880862,1.373149210168856,43.118181448101865
round_2,MT,2023-08-20,20.014747169976157,25.616992263019213,1.425663136014537,41.799822572619554
round_2,MT,2023-08-27,20.581136306407902,25.774790596625262,3.091675318259592,47.78086638386021
round_2,MT,2023-09-03,22.111115221331396,27.49173726212595,3.3861137275701156,31.88350156454846
round_2,MT,2023-09-10,22.75467690744388,28.088130589199693,3.462696646996198,32.528448779331555
round_2,MT,2023-09-17,23.14552185891042,28.255158541650417,4.582637025206258,36.10548859145746
round_2,MT,2023-09-24,22.979454629177383,27.44383274232313,6.102681157668238,44.54996928323247
round_2,MT,2023-10-01,25.450076933054476,29.71977833748217,6.603241966980033,38.98942736673115
round_2,MT,2023-10-08,25.495876827994977,29.650890246040223,6.31950628471676,40.313724365359136
round_2,MT,2023-10-15,25.40777501000091,29.44308606406961,6.567654435267249,42.387043345346385
round_2,MT,2023-10-22,25.40781933852161,29.127999189624244,6.897294921237419,46.55932636646579
round_2,MT,2023-10-29,25.066703612582184,28.414380373668948,6.902153967614886,49.86611338447096
round_2,MT,2023-11-05,25.604452643193262,28.868144538048632,6.766281044609475,57.458912129017186
round_2,MT,2023-11-12,25.76165809488831,29.113700308424324,6.862924166910146,57.00459458413424
round_2,MT,2023-11-19,25.829008268629455,28.945854574675373,6.972072698296981,59.17210854440884
round_2,MT,2023-11-26,25.915297365158526,28.993033126199897,6.890532520688615,59.18690558559618
round_2,MT,2023-12-03,25.10366797712734,28.036797612406044,6.952514547637567,70.48291713725081
round_2,MT,2023-12-10,24.78960190088695,27.483203045792575,6.981223551338415,72.68644436565538
round_2,MT,2023-12-17,24.75634106353605,27.804114895769427,6.9597747954779985,71.15008788883752
round_2,MT,2023-12-24,24.90233554635006,27.828632572376236,6.749180177369341,72.055420122801
round_2,MT,2023-12-31,24.86851766380987,27.70045179896423,6.99996915550649,72.25952677101724
round_2,MT,2024-01-07,22.45728355159204,25.17969224120867,6.972870617488327,84.59128068475346
round_2,MT,2024-01-14,22.49322871017107,25.528366378427897,6.9763893118664235,82.8421968285732
round_2,MT,2024-01-21,22.54202757412991,25.303518676237932,6.967835730844304,84.58090446918186
round_2,MT,2024-01-28,22.481242246696556,25.282312485186036,6.999436611071986,84.4353913239973
round_2,MT,2024-02-04,22.52033995439461,25.309837441272364,6.971706586171756,84.70923067556288
round_2,MT,2024-02-11,22.361090525613164,25.08880878335673,6.982064602216208,85.37027077125576
round_2,MT,2024-02-18,22.401719443394807,25.116481963779336,7.0,85.2833775531858
round_2,MT,2024-02-25,22.359157909965944,25.15008589647017,6.996781283861424,85.27652905265963
round_2,MT,2024-03-03,22.497103301308524,25.560440172510315,6.936261129524924,83.60091956611903
round_2,MT,2024-03-10,22.45687883403225,25.261035615180973,6.9901070841935065,85.01321810532345
round_2,MT,2024-03-17,22.242269299370506,25.05832381973391,6.9697537374780785,85.49658226190103
round_2,MT,2024-03-24,22.133072360295607,25.055121470506833,6.884569745251491,84.53107113914503
round_2,MT,2024-03-31,22.21948289363211,25.37151441908648,6.792143952515856,83.05394375527432
round_2,MT,2024-04-07,22.160338385485296,25.40824342082835,6.700423896367304,81.8647182409697
round_2,MT,2024-04-14,21.817510594990587,25.186377773091444,6.407693019653194,80.5161612664689
round_2,MT,2024-04-21,21.54374124078989,25.12082188381447,6.263261503174132,78.12348344441867
round_2,MT,2024-04-28,21.102356222719177,25.02044823343652,5.414132209573479,74.25197889966475
round_2,MT,2024-05-05,20.519950613284404,24.610516058511426,4.662625598606095,71.20882548310077
round_2,MT,2024-05-12,20.638516024659644,24.58008080521095,4.974487970690401,71.75519254702985
round_2,MT,2024-05-19,20.47471370436081,24.555531294738756,4.745003374246121,70.97385679821012
round_2,MT,2024-05-26,20.18154274881845,24.43031480321219,4.537083162070301,69.70929220412883
round_2,MT,2024-06-02,19.952329432410824,24.296908934378692,3.778613487073092,67.30376567380897
round_2,MT,2024-06-09,19.773095069328427,24.493911309700184,2.2272744780957368,62.03860640283917
round_2,MT,2024-06-16,19.26837123593604,24.089879956612425,1.9201128904175524,61.331987381925266
round_2,MT,2024-06-23,19.31830627726756,24.194667888978135,1.538565009001556,58.07966732460152
round_2,MT,2024-06-30,19.42355584335268,24.529572210817253,1.0281416521542752,54.876578475060576
round_2,MT,2024-07-07,19.198224396884637,24.20017537742424,1.437058814332786,55.15815097163961
round_2,MT,2024-07-14,19.29713442313534,24.420724353535743,1.6021570296044287,54.70601746392411
round_2,MT,2024-07-21,19.249737013065182,24.414702593939214,1.5898263932449426,52.81283617524711
round_2,MT,2024-07-28,19.48057969472341,25.003290764273643,0.9757636482256686,49.85416430970551
round_2,MT,2024-08-04,20.20886588193186,25.851028930803672,0.9622227878987578,46.8802349038308
round_2,MT,2024-08-11,20.77520189221049,26.38062330511953,1.373149210168856,45.90648183299398
round_2,MT,2024-08-18,21.220215444214816,26.82246053725787,1.425663136014537,44.588122957511665
round_2,MT,2024-08-25,21.786604580646568,26.980258870863924,3.091675318259592,50.56916676875232
round_2,MT,2024-09-01,22.032221369934952,27.412843410729508,3.3861137275701156,49.96556527021917
round_2,MT,2024-09-08,22.675783056047436,28.00923673780325,3.462696646996198,50.61051248500227
round_2,MT,2024-09-15,23.066628007513973,28.176264690253973,4.582637025206258,54.18755229712817
round_2,MT,2024-09-22,22.90056077778094,27.36493889092668,6.102681157668238,62.632032988903184
round_2,MT,2024-09-29,23.162550548948136,27.432251953375825,6.603241966980033,67.23120595974822
round_2,PA,2023-06-25,23.07865921259198,25.98433542989664,6.335946357448207,79.5814732637017
round_2,PA,2023-07-02,23.325381300916856,26.239524442754597,6.423308169714309,80.34758770588894
round_2,PA,2023-07-09,23.41864947748131,26.418366888122804,6.402132976219689,79.34361374095764
round_2,PA,2023-07-16,23.364253280583824,26.57903182519284,6.302438903362683,77.64407724196319
round_2,PA,2023-07-23,23.471284168120476,26.739843131468916,6.132653097282484,76.11253972171528
round_2,PA,2023-07-30,23.51464504631584,27.02848743716179,5.846735940636675,73.93056291659224
round_2,PA,2023-08-06,23.767228397134573,27.357239480522075,5.870873783277441,68.31544708080786
round_2,PA,2023-08-13,23.874187322417917,27.52211483369334,6.077369553827751,67.94662963602266
round_2,PA,2023-08-20,24.06447583462559,27.70693826362882,6.159008845328621,67.43236017943994
round_2,PA,2023-08-27,24.17318044409277,27.788497490791823,6.594441531983917,68.32008829263927
round_2,PA,2023-09-03,25.045411784096107,28.68513481531488,6.644736901998202,60.88592899932222
round_2,PA,2023-09-10,25.181861771453423,28.88842507157692,6.5498617101985515,59.76760292411648
round_2,PA,2023-09-17,25.32547004856283,29.027875410083254,6.741079056543266,59.623388252836115
round_2,PA,2023-09-24,25.367928974494085,29.016968659321368,6.899462983937692,60.1551263162019
round_2,PA,2023-10-01,26.433519548143703,30.13647557164617,6.939786404211016,53.05792171374587
round_2,PA,2023-10-08,26.568558761279725,30.11829117358586,6.935769878910651,53.885460764646886
round_2,PA,2023-10-15,26.513218196048697,29.93389650992109,6.895162720830007,55.361827945145706
round_2,PA,2023-10-22,26.466734171511703,29.940026777704286,6.916651678458688,55.49940341499619
round_2,PA,2023-10-29,26.51482077721048,29.85882544383363,6.930397262677074,56.36048793882703
round_2,PA,2023-11-05,27.31527907274176,30.498931267356156,6.949667047166508,52.97944592772506
round_2,PA,2023-11-12,27.300626083402467,30.50755385608568,6.939690700285611,52.969319656409446
round_2,PA,2023-11-19,27.284120925309335,30.433533116962337,6.970101544684814,53.462388545862865
round_2,PA,2023-11-26,27.29193027191526,30.316693838937805,6.961630831423597,54.36654100992939
round_2,PA,2023-12-03,27.859337970772287,30.816123903033937,6.977429071437642,54.76296353279794
round_2,PA,2023-12-10,27.71484556489799,30.36258901555313,6.997731040855229,57.1859209197074
round_2,PA,2023-12-17,27.524404994223616,30.087130563492742,6.9903246001642225,58.95062251981258
round_2,PA,2023-12-24,27.44193406060245,29.863881431595654,6.75,60.157701229096496
round_2,PA,2023-12-31,27.189109008252057,29.51287676202534,7.0,61.88970108682632
round_2,PA,2024-01-07,23.432657087024165,25.7098180520386,7.0,85.18069972368761
round_2,PA,2024-01-14,23.301421264495698,25.497375274491176,6.999136532649095,86.2447374879283
round_2,PA,2024-01-21,23.24701915147404,25.393495871371,6.998941127984416,86.83922093477838
round_2,PA,2024-01-28,23.318380145915096,25.469394520943904,6.99995615316963,86.73927985390021
round_2,PA,2024-02-04,23.250811535536457,25.27585035666669,6.99991230633926,87.7918439985826
round_2,PA,2024-02-11,23.09347470080143,25.119108210605937,7.0,88.29261473677852
round_2,PA,2024-02-18,23.12261641244538,25.157092186958103,7.0,88.45207133180467
round_2,PA,2024-02-25,23.158700594298143,25.215161443237953,7.0,88.34162559112393
round_2,PA,2024-03-03,23.12056801263528,25.144821537758297,7.0,88.74422769523245
round_2,PA,2024-03-10,23.10822419759556,25.129098387134633,7.0,88.6573756534713
round_2,PA,2024-03-17,23.081082292743343,25.15683787382947,7.0,88.4729411254601
round_2,PA,2024-03-24,23.061175318569784,25.018569676497624,7.0,89.67100745625466
round_2,PA,2024-03-31,23.189930361271028,25.253500126338853,6.998949632365828,89.03241117357703
round_2,PA,2024-04-07,23.16251226984011,25.237712239319528,6.998539747967253,88.98800317695878
round_2,PA,2024-04-14,23.12725917875494,25.178978435973168,6.9972280260559705,89.5847457773328
round_2,PA,2024-04-21,23.219142151658637,25.36327054465345,6.995116863593319,88.90447640873234
round_2,PA,2024-04-28,23.18542359558436,25.35008728140043,6.996450343902261,89.0721285907996
round_2,PA,2024-05-05,23.303436399377937,25.572265246427524,6.969459905390718,87.97581102477817
round_2,PA,2024-05-12,23.394260638577315,25.752493233770657,6.967672220324282,86.8209610741066
round_2,PA,2024-05-19,23.38423871158948,25.81971514473484,6.936054513448364,86.00632734023979
round_2,PA,2024-05-26,23.243893040108343,25.776596482857137,6.867508778358333,85.45314048413306
round_2,PA,2024-06-02,23.152831050884934,25.76059913293035,6.816005613159587,84.44611811066929
round_2,PA,2024-06-09,23.081304549054224,25.79251450084363,6.732428546550898,83.15390574778122
round_2,PA,2024-06-16,23.095143954908377,25.906924138981605,6.667541661328708,81.66057152087062
round_2,PA,2024-06-23,23.07865921259198,25.98433542989664,6.335946357448207,79.5814732637017
round_2,PA,2024-06-30,23.084737096223797,25.998880238061545,6.423308169714309,79.37299998912994
round_2,PA,2024-07-07,23.17800527278825,26.177722683429742,6.402132976219689,78.36902602419863
round_2,PA,2024-07-14,23.12360907589077,26.33838762049978,6.302438903362683,76.66948952520418
round_2,PA,2024-07-21,23.230639963427414,26.49919892677586,6.132653097282484,75.13795200495628
round_2,PA,2024-07-28,23.27400084162278,26.78784323246873,5.846735940636675,72.95597519983322
round_2,PA,2024-08-04,23.472870863347005,27.062881946734503,5.870873783277441,71.66127621594046
round_2,PA,2024-08-11,23.57982978863035,27.22775729990577,6.077369553827751,71.29245877115528
round_2,PA,2024-08-18,23.77011830083802,27.41258072984125,6.159008845328621,70.77818931457256
round_2,PA,2024-08-25,23.8788229103052,27.494139957004258,6.594441531983917,71.66591742777187
round_2,PA,2024-09-01,23.900768686630546,27.54049171784932,6.644736901998202,71.39751116621423
round_2,PA,2024-09-08,24.03721867398786,27.743781974111354,6.5498617101985515,70.27918509100849
round_2,PA,2024-09-15,24.180826951097263,27.88323231261769,6.741079056543266,70.13497041972813
round_2,PA,2024-09-22,24.22328587702852,27.872325561855803,6.899462983937692,70.66670848309391
round_2,PA,2024-09-29,24.252133571695325,27.955089595197787,6.939786404211016,70.43910048308133
round_2,PB,2023-06-25,21.097046575417263,23.747019250467652,6.585126630924954,77.16041652592601
round_2,PB,2023-07-02,22.557448228711095,25.20593057718501,6.621106872631072,73.3984197175026
round_2,PB,2023-07-09,22.461290254002083,25.197512603601577,6.5186845620784135,72.79898239344038
round_2,PB,2023-07-16,22.22388706344087,25.14888979437286,6.288510435969461,70.92570080513798
round_2,PB,2023-07-23,22.175183279861994,25.079165129357076,6.317899533573702,70.61961143818466
round_2,PB,2023-07-30,22.029372126542025,24.97292253172393,6.348114781903767,70.16467380329527
round_2,PB,2023-08-06,21.293922594223208,24.521783777260715,5.996426329897934,69.41363273956561
round_2,PB,2023-08-13,21.28358694878853,24.517210146165077,5.978176793895821,68.76409418125463
round_2,PB,2023-08-20,21.52886122294395,24.75294150972588,6.12885981239798,68.81383344489933
round_2,PB,2023-08-27,21.60377567728744,25.052043848696503,5.780580919548323,67.54727390810568
round_2,PB,2023-09-03,21.04090613493944,24.451381246605816,5.908123668262486,67.45888226241719
round_2,PB,2023-09-10,21.13185620160607,24.508919927620045,5.8637166077186915,67.65914794037063
round_2,PB,2023-09-17,21.342580726179943,24.92762104410037,5.705345222654047,66.14457292482594
round_2,PB,2023-09-24,21.63762457112653,25.312400167317303,5.569335355576083,65.0877376490784
round_2,PB,2023-10-01,21.67661557182732,25.404223174503095,5.5771701994317056,62.83676378598871
round_2,PB,2023-10-08,21.78292871759956,25.37568201317206,5.776416903149714,63.70210400625721
round_2,PB,2023-10-15,21.98615284347435,25.582179015275695,5.910348045500128,63.77716220253755
round_2,PB,2023-10-22,22.11901506675852,25.800850565628053,5.844586224302318,62.9795603190864
round_2,PB,2023-10-29,22.2867893042718,26.012712334980716,5.847777268152337,62.46688184621822
round_2,PB,2023-11-05,22.79840576675606,26.402675618969617,6.038218796859944,61.48922195909703
round_2,PB,2023-11-12,22.75975509615017,26.45243639746611,5.791348044623144,61.04858681890611
round_2,PB,2023-11-19,22.969152857119088,26.620516458696866,5.914997806912317,61.034622422823624
round_2,PB,2023-11-26,23.044307521165507,26.61325334891067,6.180759682399644,61.6802100267838
round_2,PB,2023-12-03,23.585443785112965,27.198079612439,6.148291930685985,59.77670348515215
round_2,PB,2023-12-10,23.628325558227324,27.047872613557804,6.366256908184441,60.42718340813092
round_2,PB,2023-12-17,23.68612624547623,27.042207385956043,6.525485712648677,61.24019490542062
round_2,PB,2023-12-24,23.64839916531707,27.033303475896965,6.154895945492517,60.83431627624179
round_2,PB,2023-12-31,23.651062162286312,27.01221160458731,6.499095792867981,61.78652887107913
round_2,PB,2024-01-07,23.082925198733868,26.32729301575413,6.759838091364052,70.21308891668384
round_2,PB,2024-01-14,23.013071288540395,26.178236616288256,6.708191058257621,71.71246644127716
round_2,PB,2024-01-21,23.023744649551677,26.12528366824706,6.7621906027372525,72.72483333067107
round_2,PB,2024-01-28,23.10671519879753,26.374888325790753,6.660647860663115,71.0911278389116
round_2,PB,2024-02-04,23.11880157959838,26.400330816128054,6.776176332727253,71.57669634825005
round_2,PB,2024-02-11,23.115860417810413,26.19360999394046,6.853463565654324,73.21781434230057
round_2,PB,2024-02-18,23.02482888112156,25.99626469210344,6.88285115289636,75.39627049715293
round_2,PB,2024-02-25,23.089251931628425,26.161392958179743,6.739771112420602,74.39990550654026
round_2,PB,2024-03-03,23.17510268026732,26.280450021979597,6.772589069800352,74.01918617282983
round_2,PB,2024-03-10,23.11492110471025,26.122228667504697,6.899361785226828,74.89745950237722
round_2,PB,2024-03-17,23.044294056244457,25.94445365904895,6.9145499497174665,76.57757057788912
round_2,PB,2024-03-24,23.08512684678494,25.892274714201047,6.937655391997249,77.56672722499208
round_2,PB,2024-03-31,23.042551407345485,25.923801431659456,6.820037877587246,76.43451108506451
round_2,PB,2024-04-07,22.987951805160545,25.772225391263603,6.901397849617286,78.0747940193903
round_2,PB,2024-04-14,22.930274153075523,25.71681474805569,6.880591500522996,77.62327762890152
round_2,PB,2024-04-21,22.835421938360433,25.6343490868633,6.796263202166519,77.17131810739748
round_2,PB,2024-04-28,22.68909981342641,25.390758111860467,6.768740829160731,77.85322337115363
round_2,PB,2024-05-05,22.563672309649785,25.33198726518652,6.651881404779674,77.48610539316073
round_2,PB,2024-05-12,22.533890963336248,25.35527029519108,6.652275722853435,76.54707546371425
round_2,PB,2024-05-19,22.36268844770494,25.1438906602446,6.689657238331523,77.00587002522035
round_2,PB,2024-05-26,22.19661567440135,24.85159463978924,6.708789974293635,78.0901038655349
round_2,PB,2024-06-02,21.824279154962348,24.564008020475388,6.650824336986141,77.53770188427586
round_2,PB,2024-06-09,21.62567028834704,24.234216722809865,6.635246696977061,77.37638830752111
round_2,PB,2024-06-16,21.41308089405303,23.995645134025754,6.707459982483557,77.91386494956573
round_2,PB,2024-06-23,21.097046575417263,23.747019250467652,6.585126630924954,77.16041652592601
round_2,PB,2024-06-30,21.03854054700235,23.687022895476268,6.621106872631072,77.34913301502658
round_2,PB,2024-07-07,20.94238257229334,23.67860492189283,6.5186845620784135,76.74969569096439
round_2,PB,2024-07-14,20.704979381732127,23.629982112664116,6.288510435969461,74.87641410266195
round_2,PB,2024-07-21,20.656275598153247,23.560257447648336,6.317899533573702,74.57032473570864
round_2,PB,2024-07-28,20.51046444483328,23.454014850015184,6.348114781903767,74.11538710081925
round_2,PB,2024-08-04,20.451929793029656,23.67979097606717,5.996426329897934,72.26013668558379
round_2,PB,2024-08-11,20.441594147594984,23.675217344971525,5.978176793895821,71.61059812727282
round_2,PB,2024-08-18,20.686868421750404,23.91094870853233,6.12885981239798,71.66033739091752
round_2,PB,2024-08-25,20.761782876093896,24.21005104750295,5.780580919548323,70.39377785412385
round_2,PB,2024-09-01,20.94458547893991,24.35506059060629,5.908123668262486,69.72613294968946
round_2,PB,2024-09-08,21.035535545606542,24.41259927162052,5.8637166077186915,69.9263986276429
round_2,PB,2024-09-15,21.246260070180416,24.831300388100843,5.705345222654047,68.41182361209819
round_2,PB,2024-09-22,21.541303915127006,25.216079511317773,5.569335355576083,67.35498833635067
round_2,PB,2024-09-29,21.814535466914933,25.54214306959071,5.5771701994317056,66.45688171055701
round_2,PE,2023-06-25,20.744242055072423,22.992573977475296,6.919457544662001,80.35451819372042
round_2,PE,2023-07-02,22.17412646792259,24.42515140419889,6.905964820619953,77.73524070227874
round_2,PE,2023-07-09,22.04609624942439,24.372510020931877,6.892355511993864,77.26458544511873
round_2,PE,2023-07-16,21.80604787025525,24.288440847551907,6.794003520117827,75.68938164297506
round_2,PE,2023-07-23,21.765297542346524,24.205257179831136,6.868937352114285,75.36341161486556
round_2,PE,2023-07-30,21.57727129244109,24.045483848026898,6.8295661242411265,75.33418481102778
round_2,PE,2023-08-06,20.915288924455663,23.63988319891139,6.660660479587055,73.92486610553189
round_2,PE,2023-08-13,20.9044325201136,23.572225165123537,6.759203885707803,73.80203198582777
round_2,PE,2023-08-20,21.122633968153437,23.814097023246216,6.783435068463728,73.8932563484117
round_2,PE,2023-08-27,21.194220840873477,24.12110610581104,6.57449135394129,72.38433464139288
round_2,PE,2023-09-03,20.56163300064657,23.511784667394583,6.534004174246465,72.17250344302384
round_2,PE,2023-09-10,20.685425697875004,23.567348686467724,6.610120375811044,72.45058427507682
round_2,PE,2023-09-17,20.86366774089962,24.02007889341633,6.392083309270332,70.66230348365312
round_2,PE,2023-09-24,21.207438176052367,24.492837735412653,6.262148799114445,69.07755778188923
round_2,PE,2023-10-01,21.265111274134796,24.582182564688473,6.182465764043414,66.7253803355188
round_2,PE,2023-10-08,21.315298055740165,24.511067577721033,6.374778937736289,67.91457143019079
round_2,PE,2023-10-15,21.530154853072116,24.779751834547447,6.392252161397025,67.74625808924529
round_2,PE,2023-10-22,21.710189112163935,25.061798559638184,6.367055836526879,66.68466482309901
round_2,PE,2023-10-29,21.948035979805635,25.38441605158761,6.324327522817987,65.72933697516368
round_2,PE,2023-11-05,22.471985135363457,25.789465587210262,6.431095034664839,64.67923391074056
round_2,PE,2023-11-12,22.458684915060292,25.898533335366626,6.30966863464688,63.6644957179931
round_2,PE,2023-11-19,22.669262817512745,26.08165524257698,6.3229926020488305,63.505216291462695
round_2,PE,2023-11-26,22.712513537217777,26.02093006230906,6.513110716282634,64.62871368961599
round_2,PE,2023-12-03,23.406246800901062,26.822602896190315,6.413805963720706,61.684057561903884
round_2,PE,2023-12-10,23.41053812180984,26.607482313148545,6.644886144309134,62.47754279208342
round_2,PE,2023-12-17,23.421840066181783,26.539762351325024,6.704786626089472,63.55639767362646
round_2,PE,2023-12-24,23.413678021781436,26.57156991023029,6.405597372671518,63.232384975906754
round_2,PE,2023-12-31,23.42013222694128,26.55347304845047,6.666131157576716,63.881856499348565
round_2,PE,2024-01-07,22.7820588950501,25.84205680864407,6.812390044440113,71.6419887405765
round_2,PE,2024-01-14,22.69466752890973,25.707919774926307,6.755083608493488,72.85544963277414
round_2,PE,2024-01-21,22.77241494825841,25.760335911407967,6.834313540731215,73.45595051470826
round_2,PE,2024-01-28,22.866294123756656,25.95621772966587,6.826167360401779,72.27599569248741
round_2,PE,2024-02-04,22.851286208599937,25.941240724465693,6.829908341941184,72.92626424814272
round_2,PE,2024-02-11,22.831383602008227,25.80029425981248,6.874523792442319,73.76803548202791
round_2,PE,2024-02-18,22.770394195933548,25.68217736826033,6.908942403514241,75.608508546732
round_2,PE,2024-02-25,22.89131909507108,25.865545131750302,6.847767131942071,74.66977642152364
round_2,PE,2024-03-03,22.943278854533837,25.9964065607231,6.819662750543199,74.0182941724904
round_2,PE,2024-03-10,22.89204677801301,25.909060838196535,6.868331115876963,74.50804538938158
round_2,PE,2024-03-17,22.819412585961523,25.64530646482821,6.927410009216684,76.97777257976472
round_2,PE,2024-03-24,22.849141572012712,25.63204828312622,6.922884246476707,77.51253526422279
round_2,PE,2024-03-31,22.797629422682892,25.606071550411244,6.814508358443996,76.38654575029231
round_2,PE,2024-04-07,22.72780725868251,25.47745396045197,6.8904349874804875,78.09826473517349
round_2,PE,2024-04-14,22.643924453094655,25.37040749380227,6.904507312115542,77.89973577960995
round_2,PE,2024-04-21,22.520566985054483,25.17132587112233,6.826270089009556,78.0590266109947
round_2,PE,2024-04-28,22.40189354848112,24.8996149680938,6.850171347396001,79.04537784476072
round_2,PE,2024-05-05,22.20496774178351,24.78730727538665,6.785316692231383,78.87477713587475
round_2,PE,2024-05-12,22.15150527743969,24.696002115654967,6.800549311980215,78.8897726102847
round_2,PE,2024-05-19,21.949104797546724,24.39652129659791,6.8423476542808075,79.98034697591093
round_2,PE,2024-05-26,21.78101394962205,24.15168467820975,6.865552693766765,80.71335882807473
round_2,PE,2024-06-02,21.436356174926733,23.856382231441465,6.876304964881675,80.25619587380986
round_2,PE,2024-06-09,21.261224828990475,23.502843284259477,6.914622517706446,80.2832939103921
round_2,PE,2024-06-16,21.078260563610385,23.31857969165033,6.928021988480033,80.51286699175232
round_2,PE,2024-06-23,20.744242055072423,22.992573977475296,6.919457544662001,80.35451819372042
round_2,PE,2024-06-30,20.657692855642516,22.908717791918807,6.905964820619953,80.43912913076976
round_2,PE,2024-07-07,20.52966263714432,22.8560764086518,6.892355511993864,79.96847387360972
round_2,PE,2024-07-14,20.28961425797517,22.77200723527183,6.794003520117827,78.39327007146606
round_2,PE,2024-07-21,20.248863930066445,22.68882356755106,6.868937352114285,78.06730004335657
round_2,PE,2024-07-28,20.06083768016101,22.52905023574682,6.8295661242411265,78.0380732395188
round_2,PE,2024-08-04,20.03121643721555,22.75581071167128,6.660660479587055,75.9727192602487
round_2,PE,2024-08-11,20.020360032873487,22.688152677883423,6.759203885707803,75.84988514054457
round_2,PE,2024-08-18,20.23856148091333,22.930024536006105,6.783435068463728,75.9411095031285
round_2,PE,2024-08-25,20.31014835363337,23.23703361857093,6.57449135394129,74.4321877961097
round_2,PE,2024-09-01,20.46132103336414,23.411472700112157,6.534004174246465,73.56742393110373
round_2,PE,2024-09-08,20.585113730592575,23.467036719185295,6.610120375811044,73.84550476315671
round_2,PE,2024-09-15,20.763355773617192,23.919766926133903,6.392083309270332,72.05722397173301
round_2,PE,2024-09-22,21.107126208769937,24.392525768130227,6.262148799114445,70.47247826996912
round_2,PE,2024-09-29,21.466677591213635,24.783748881767313,6.182465764043414,69.31042224170035
round_2,PI,2023-06-25,22.77978905559528,26.971305789764056,4.298166766418847,57.041452194818795
round_2,PI,2023-07-02,23.250378933006264,27.426759761480007,4.331994297714828,57.25472305744885
round_2,PI,2023-07-09,23.11640798498797,27.478389385449965,3.972406724110957,56.1172656323992
round_2,PI,2023-07-16,23.007825072071117,27.60973497002205,3.798270543713248,53.931885254182326
round_2,PI,2023-07-23,23.054190539880995,27.773588659597255,3.011319310717338,51.73072128504508
round_2,PI,2023-07-30,23.03064628921807,27.867434302793296,2.480769522030056,49.683983277366856
round_2,PI,2023-08-06,22.888036414570134,28.00115618063892,2.2924714181453427,45.15499865298767
round_2,PI,2023-08-13,22.95921866408306,28.192640155555193,1.9711905444002584,43.98899121973092
round_2,PI,2023-08-20,23.3974784101894,28.562536275559815,2.2491437650618225,43.64587807747654
round_2,PI,2023-08-27,23.559699263198333,28.97143826193517,2.4950836719128846,43.11825058662653
round_2,PI,2023-09-03,23.361066139012564,28.7742905199074,2.616372769737177,41.71829628449389
round_2,PI,2023-09-10,23.552117951893777,29.08033236418555,1.9183145323885809,39.86002427862546
round_2,PI,2023-09-17,23.79067917662474,29.348956817010887,2.6612016705440293,40.63956369828066
round_2,PI,2023-09-24,24.054510264757536,29.654522031299308,2.944541932854645,41.24967282095477
round_2,PI,2023-10-01,25.10899364769164,30.775371779039208,2.7579710654489875,35.31678473007798
round_2,PI,2023-10-08,25.392628683268487,30.836975698193193,3.216315018767973,35.60118744736851
round_2,PI,2023-10-15,25.385493323783965,30.5179281541422,3.85687878517838,39.15816380215311
round_2,PI,2023-10-22,25.46321600040327,30.593004395754043,4.19004218161313,39.90035386892328
round_2,PI,2023-10-29,25.51721793267595,30.352593770351064,4.993067353012022,42.73701754050444
round_2,PI,2023-11-05,26.87410070141631,31.497260340860496,4.9348923722770115,37.33711813483715
round_2,PI,2023-11-12,27.015450037198782,31.719208505341864,5.618923891439534,36.10185945319283
round_2,PI,2023-11-19,27.090635445594778,31.757737102179306,5.26141251887527,36.19673937744417
round_2,PI,2023-11-26,26.832473755135645,31.12259764186286,5.861308843065133,40.98676032756859
round_2,PI,2023-12-03,28.093975502425252,32.38477749459787,5.8645493512258735,35.00740703173272
round_2,PI,2023-12-10,27.78278392858881,31.732728627542222,6.688052531235282,39.09923662125051
round_2,PI,2023-12-17,27.791341107512135,31.724538890802553,6.505473964847983,39.54235828350524
round_2,PI,2023-12-24,27.60369884611839,31.386835682135075,6.4409253291504,42.08552429096209
round_2,PI,2023-12-31,27.225539791059436,30.79635823741598,6.824027176556666,45.989214404841995
round_2,PI,2024-01-07,23.43708811828419,26.80507967113894,6.908850972769275,73.57447034727194
round_2,PI,2024-01-14,23.232570264701454,26.490790708150023,6.85360790774462,75.32136643066283
round_2,PI,2024-01-21,23.02631871096395,26.150843500727262,6.942123483093404,78.4388008067224
round_2,PI,2024-01-28,23.10172430523867,26.47981609477083,6.907565202472689,76.11636384290075
round_2,PI,2024-02-04,23.075792923751617,26.214503238334125,6.904141245982599,78.42891643208175
round_2,PI,2024-02-11,22.83408578622015,25.812371339040737,6.940125382116622,80.60016152153678
round_2,PI,2024-02-18,22.72014029003505,25.79946578444619,6.964399753251076,81.35967036687751
round_2,PI,2024-02-25,22.869495678638124,25.99928722133782,6.950912091534456,80.33818247377503
round_2,PI,2024-03-03,22.91060024730115,26.033736326355033,6.945910055811507,80.37294670471937
round_2,PI,2024-03-10,22.810110249225417,25.83243146961659,6.97141596792717,81.38205106922622
round_2,PI,2024-03-17,22.608693352282092,25.49088008829823,6.993928840403162,83.3993489035615
round_2,PI,2024-03-24,22.612257954042224,25.48808943060021,6.938825405093601,83.61627323688916
round_2,PI,2024-03-31,22.748347679608585,25.84667265922515,6.813320364586457,81.09827475755795
round_2,PI,2024-04-07,22.757942033842657,25.758750385009677,6.916014437579584,81.94367242148829
round_2,PI,2024-04-14,22.788466245461848,25.84720857657419,6.876656622486456,80.95670653404035
round_2,PI,2024-04-21,22.882505513574777,26.13435169324499,6.645367201282771,77.7574260064551
round_2,PI,2024-04-28,22.83019764306768,26.07602307895917,6.596424326997577,77.26923435502876
round_2,PI,2024-05-05,23.000656086112713,26.459360910742337,6.149456768759108,74.11891825162837
round_2,PI,2024-05-12,23.094342280099504,26.646614227474796,6.280671054353803,72.15877140987493
round_2,PI,2024-05-19,23.108613047005925,26.734979864895617,6.063910054531177,70.10239316478602
round_2,PI,2024-05-26,23.01771019866579,26.788843379451272,5.924169283215745,68.28861698875116
round_2,PI,2024-06-02,22.917553004012127,26.895585024421816,5.455608288691712,64.61105684736427
round_2,PI,2024-06-09,22.950534437961537,26.946169587173387,5.121125884793445,61.43262411995327
round_2,PI,2024-06-16,22.92980829448784,27.048602412715265,5.082730433841418,59.311385411328594
round_2,PI,2024-06-23,22.77978905559528,26.971305789764056,4.298166766418847,57.041452194818795
round_2,PI,2024-06-30,22.95430106090824,27.13068188938198,4.331994297714828,56.29170621890137
round_2,PI,2024-07-07,22.820330112889938,27.182311513351937,3.972406724110957,55.15424879385172
round_2,PI,2024-07-14,22.711747199973093,27.31365709792402,3.798270543713248,52.96886841563485
round_2,PI,2024-07-21,22.758112667782964,27.477510787499224,3.011319310717338,50.7677044464976
round_2,PI,2024-07-28,22.734568417120045,27.571356430695268,2.480769522030056,48.72096643881938
round_2,PI,2024-08-04,22.794662804235895,27.907782570304686,2.2924714181453427,47.35620109889161
round_2,PI,2024-08-11,22.865845053748828,28.099266545220956,1.9711905444002584,46.19019366563486
round_2,PI,2024-08-18,23.304104799855164,28.469162665225586,2.2491437650618225,45.84708052338048
round_2,PI,2024-08-25,23.466325652864096,28.878064651600937,2.4950836719128846,45.31945303253048
round_2,PI,2024-09-01,23.640485054727737,29.053709435622576,2.616372769737177,45.40370958414434
round_2,PI,2024-09-08,23.831536867608953,29.359751279900728,1.9183145323885809,43.54543757827591
round_2,PI,2024-09-15,24.070098092339915,29.628375732726063,2.6612016705440293,44.32497699793112
round_2,PI,2024-09-22,24.333929180472712,29.933940947014484,2.944541932854645,44.93508612060522
round_2,PI,2024-09-29,24.516270058628375,30.182648189975943,2.7579710654489875,44.50435948228414
round_2,PR,2023-06-25,12.397101507475368,15.722065245433642,4.818948403424635,80.8398357622173
round_2,PR,2023-07-02,12.571028078649087,16.233588988745066,3.851121524532679,79.5835782348095
round_2,PR,2023-07-09,12.418193022121812,15.760351759454966,5.025200900779204,79.80847702439083
round_2,PR,2023-07-16,11.494944014273347,15.258946917938212,4.44082459924193,79.2255048022745
round_2,PR,2023-07-23,12.035727368730106,15.765781336763354,4.365488697019431,76.98974888551614
round_2,PR,2023-07-30,12.08575263618473,15.854209500473104,4.387673920976361,78.78348596773482
round_2,PR,2023-08-06,12.096576667501337,16.12115837828833,4.4263901627036795,78.04046589323633
round_2,PR,2023-08-13,12.242621255787544,16.280951767815434,4.54743105824144,76.20141819898397
round_2,PR,2023-08-20,12.510829834900791,16.831802791556317,4.161476669766043,74.22417483926786
round_2,PR,2023-08-27,12.571725705230074,16.678943759736025,4.907899536207317,76.12154697309354
round_2,PR,2023-09-03,12.442805373988948,16.752484145925415,4.726871312294677,73.150563108982
round_2,PR,2023-09-10,14.165666694191575,18.32481150526835,5.1728152267310445,73.06920254113255
round_2,PR,2023-09-17,13.605914313054418,17.77480275113756,5.7789331616110555,74.20392115535553
round_2,PR,2023-09-24,13.324807742363207,17.240318089241246,5.719909191354831,75.67120582777153
round_2,PR,2023-10-01,14.908449758381028,18.753035075170953,6.256246509572366,73.90128553167513
round_2,PR,2023-10-08,15.579163723370604,19.33339533561786,6.221001587267802,74.10930493290597
round_2,PR,2023-10-15,15.735538027582107,19.5473570753766,6.409294098379625,74.06020230936343
round_2,PR,2023-10-22,15.919229234401566,19.68038603613082,6.4155432982580916,74.20792319910198
round_2,PR,2023-10-29,15.757770737138944,19.64171253507727,6.273226109146656,73.22230499583158
round_2,PR,2023-11-05,16.418555302866704,20.030661667180865,6.519392477800293,77.18059678901196
round_2,PR,2023-11-12,16.69710831665066,20.498573044565784,6.269013369517765,75.8700573609931
round_2,PR,2023-11-19,17.192023169501688,21.033696239813683,6.3291135609414075,76.53253128911844
round_2,PR,2023-11-26,17.929978120534415,21.43174760434913,6.6324513091801025,78.18171628477637
round_2,PR,2023-12-03,17.861388607542214,21.462254789276297,6.591514587706284,77.0498794260405
round_2,PR,2023-12-10,18.180049122221615,21.589432217311817,6.717544848335132,77.20796950673584
round_2,PR,2023-12-17,18.363247853001933,22.00761048559723,6.7090922777040465,76.8274989741996
round_2,PR,2023-12-24,18.710845097691248,22.02655303884361,6.615454553686213,78.34195467328203
round_2,PR,2023-12-31,19.110926093818247,22.335164047533446,6.8963191669181985,80.15010031962021
round_2,PR,2024-01-07,19.65676801477843,22.789227721139287,6.94537132335513,82.80941065539054
round_2,PR,2024-01-14,19.636597283418663,22.78968464516954,6.8110033153590654,82.95872808461492
round_2,PR,2024-01-21,19.452340673801483,22.62518985704918,6.814341315015992,81.75175316702833
round_2,PR,2024-01-28,19.673610415347213,22.9631077687757,6.771509987749061,81.93120545741259
round_2,PR,2024-02-04,19.387380287055592,22.82413866577723,6.561372324404958,79.98841937237874
round_2,PR,2024-02-11,19.29745757187094,22.43810830275665,6.7949287129399,82.330372137233
round_2,PR,2024-02-18,19.607260007849113,22.63004026816081,6.860498054878522,83.38226166149488
round_2,PR,2024-02-25,19.25047779611225,22.327823415972947,6.94890923371961,82.8095325017652
round_2,PR,2024-03-03,19.22013652467405,22.754922079786457,6.5299608608271615,80.05242189070425
round_2,PR,2024-03-10,19.28976289749844,22.375337332487007,6.8644259854302385,82.78141151588584
round_2,PR,2024-03-17,18.813644056423986,21.91198772837867,6.818640244995234,82.10381109905443
round_2,PR,2024-03-24,17.7282669553548,21.103847368822407,6.26743986405301,79.53775719061244
round_2,PR,2024-03-31,17.87589563986844,21.246848685139625,6.179320395264002,79.1754984099556
round_2,PR,2024-04-07,17.536647573613553,21.007658063458408,6.175716592053988,78.83351156632969
round_2,PR,2024-04-14,16.470160012290428,19.984442070849106,5.521904885772979,77.89973003028621
round_2,PR,2024-04-21,15.979522736624109,19.454708811949583,5.5497510221801125,79.08942907400063
round_2,PR,2024-04-28,15.100657806069924,18.701207826288716,5.161899618550368,77.9488002978193
round_2,PR,2024-05-05,13.92628844702078,17.310541870530756,5.481195301824695,79.33694166367164
round_2,PR,2024-05-12,13.609021125466944,16.88020965360794,5.507505052836082,79.54098911563858
round_2,PR,2024-05-19,13.41821558515521,16.70886642649769,5.087974833222138,79.98805430852676
round_2,PR,2024-05-26,12.83954917647164,16.02679112704552,5.426383187683653,81.86173699876419
round_2,PR,2024-06-02,12.394319867376849,15.663232939824972,5.074820260829141,81.78048120408518
round_2,PR,2024-06-09,12.926759071947387,16.302322496223802,4.609491335266022,81.02581991400884
round_2,PR,2024-06-16,12.34959899058316,15.643529738690484,5.051273758744048,81.40301035308467
round_2,PR,2024-06-23,12.397101507475368,15.722065245433642,4.818948403424635,80.8398357622173
round_2,PR,2024-06-30,12.308527071037714,15.971087981133692,3.851121524532679,78.2311716203751
round_2,PR,2024-07-07,12.15569201451044,15.497850751843592,5.025200900779204,78.45607040995642
round_2,PR,2024-07-14,11.232443006661976,14.996445910326836,4.44082459924193,77.8730981878401
round_2,PR,2024-07-21,11.773226361118734,15.50328032915198,4.365488697019431,75.63734227108175
round_2,PR,2024-07-28,11.823251628573358,15.591708492861729,4.387673920976361,77.43107935330043
round_2,PR,2024-08-04,12.7220912093921,16.746672920179098,4.4263901627036795,75.45302293762498
round_2,PR,2024-08-11,12.86813579767831,16.906466309706197,4.54743105824144,73.61397524337262
round_2,PR,2024-08-18,13.136344376791556,17.457317333447083,4.161476669766043,71.6367318836565
round_2,PR,2024-08-25,13.197240247120838,17.304458301626788,4.907899536207317,73.5341040174822
round_2,PR,2024-09-01,13.659787049514,17.96946582145047,4.726871312294677,72.91960062855496
round_2,PR,2024-09-08,15.38264836971663,19.541793180793405,5.1728152267310445,72.83824006070552
round_2,PR,2024-09-15,14.822895988579472,18.991784426662615,5.7789331616110555,73.9729586749285
round_2,PR,2024-09-22,14.541789417888262,18.4572997647663,5.719909191354831,75.4402433473445
round_2,PR,2024-09-29,15.893998856740494,19.73858417353042,6.256246509572366,77.95300077488385
round_2,RJ,2023-06-25,16.091352191683782,19.646837415542745,4.623958460447503,79.90307827131818
round_2,RJ,2023-07-02,15.446457885867936,19.0692585208244,4.58851908807826,80.59145664686376
round_2,RJ,2023-07-09,15.341275776849084,19.049671657461708,4.157535908859818,79.25287451611267
round_2,RJ,2023-07-16,15.096852094536768,18.738679668693177,4.477357955008515,79.33868198269467
round_2,RJ,2023-07-23,15.32967407194287,19.030137852863227,4.400701359345562,78.27741293726248
round_2,RJ,2023-07-30,15.2944237958059,18.84531536186531,5.096137287340205,79.84127237101394
round_2,RJ,2023-08-06,15.026820385113862,18.811620415085542,4.706982845105573,78.64738273116761
round_2,RJ,2023-08-13,14.866273596814636,18.715537807767575,4.93205610243677,76.91917865760988
round_2,RJ,2023-08-20,15.087154245711943,19.18353954527494,4.672362586446082,76.07258904517977
round_2,RJ,2023-08-27,15.755614225334844,19.34673604058301,5.408539387840733,77.11658870803447
round_2,RJ,2023-09-03,15.258308795306764,18.908823329075652,5.342755541231608,74.65114777871001
round_2,RJ,2023-09-10,16.19620425467418,20.142695429911956,4.668299329577321,73.69855892003447
round_2,RJ,2023-09-17,16.340813210548035,19.95024520997484,5.594686643107027,74.50032332749977
round_2,RJ,2023-09-24,16.234735483820074,19.296172437173123,6.342149197410306,77.89593923824569
round_2,RJ,2023-10-01,17.29654791212615,20.553128631049145,6.109066510743289,75.16442970052584
round_2,RJ,2023-10-08,17.501377299289118,20.852568656421894,5.890648267998911,73.82600813728871
round_2,RJ,2023-10-15,17.960062914040794,21.07656543834969,6.16614946563764,74.84586090249734
round_2,RJ,2023-10-22,18.26325007248266,21.28277282673158,6.760394011756115,75.36186304081593
round_2,RJ,2023-10-29,18.260018993680628,21.066485341280988,6.738970274872508,75.79238957386562
round_2,RJ,2023-11-05,18.93759204164201,21.594573385188617,6.72814430959723,76.86926310428096
round_2,RJ,2023-11-12,19.51393158485774,22.260021248447416,6.778926163774765,77.61016557343558
round_2,RJ,2023-11-19,19.552492454150148,22.354221691420936,6.658663115700546,77.64382194468382
round_2,RJ,2023-11-26,20.165555744307294,22.744906792515813,6.862460765006135,78.0910050565666
round_2,RJ,2023-12-03,19.445599763610225,22.136160374833064,6.941091263529843,79.17229909144197
round_2,RJ,2023-12-10,19.831266095011134,22.543540636789785,6.848567431753649,79.68468663189061
round_2,RJ,2023-12-17,20.065769721758233,22.951595957108452,6.9040922088913455,78.16949856113443
round_2,RJ,2023-12-24,20.329863060446755,22.93428113379753,6.566392129236408,79.92248367651983
round_2,RJ,2023-12-31,20.820354438426097,23.609044954022792,6.771614738145013,78.88708205000209
round_2,RJ,2024-01-07,22.494017820891404,25.51732272799893,6.742633002172356,80.03483903717017
round_2,RJ,2024-01-14,22.64786288909067,25.671435003274706,6.691500778943308,79.24579566139403
round_2,RJ,2024-01-21,22.340456855925343,25.4192380100047,6.531940168886234,78.93186233254455
round_2,RJ,2024-01-28,22.61361149935736,25.814986940211163,6.5153060855196285,79.56790197223349
round_2,RJ,2024-02-04,22.392451680036807,25.43558146449979,6.52051602911216,79.47555126681998
round_2,RJ,2024-02-11,22.467927465128152,25.72140390835505,6.33502953592157,78.80337687012634
round_2,RJ,2024-02-18,22.472159583121492,25.705726685039785,6.732337288500059,79.62667220990474
round_2,RJ,2024-02-25,22.258343335369908,25.352792438115255,6.47399881298163,79.55528722553355
round_2,RJ,2024-03-03,22.275268190526393,25.46041514329696,6.672678900964283,80.23415596632807
round_2,RJ,2024-03-10,22.30182047209414,25.25728206047038,6.778833196592239,80.85789027280903
round_2,RJ,2024-03-17,21.865512087846636,24.82146980929267,6.7903867909244635,81.313259850572
round_2,RJ,2024-03-24,21.26505813464614,23.93086804902095,6.97133272209648,82.71750137929128
round_2,RJ,2024-03-31,20.96123330688207,23.71672089098945,6.6975479170076495,82.54900780284461
round_2,RJ,2024-04-07,20.78558172448949,23.693597133851185,6.719691374159651,82.01542598205015
round_2,RJ,2024-04-14,20.00487946240016,22.90806258927116,6.372077041776974,80.7338376634463
round_2,RJ,2024-04-21,19.790179275403705,22.810707191649257,6.266583484033032,81.25731839335684
round_2,RJ,2024-04-28,18.677777262840475,21.98504913822978,5.764351326704076,80.16755684421744
round_2,RJ,2024-05-05,18.12716882922368,21.044940195086664,6.248358908495058,81.40303755968604
round_2,RJ,2024-05-12,17.658950328621472,20.637551580226397,5.775167565658804,81.09474977361684
round_2,RJ,2024-05-19,17.23110236735624,20.4240666848509,5.695183109398624,80.98539280344679
round_2,RJ,2024-05-26,17.286596229555816,20.405858882406708,5.805785525768879,81.55592531726043
round_2,RJ,2024-06-02,16.754411890357414,20.042833123033265,5.205100656192749,81.08839803371279
round_2,RJ,2024-06-09,16.651446460019656,20.292327481622667,4.6923880284357224,79.73423524142224
round_2,RJ,2024-06-16,16.48683410963415,19.79269758516484,5.319801812116091,80.56671421187941
round_2,RJ,2024-06-23,16.091352191683782,19.646837415542745,4.623958460447503,79.90307827131818
round_2,RJ,2024-06-30,16.011583961480355,19.63438459643682,4.58851908807826,79.23535381489229
round_2,RJ,2024-07-07,15.906401852461505,19.614797733074127,4.157535908859818,77.8967716841412
round_2,RJ,2024-07-14,15.661978170149188,19.303805744305592,4.477357955008515,77.98257915072321
round_2,RJ,2024-07-21,15.894800147555287,19.59526392847565,4.400701359345562,76.92131010529101
round_2,RJ,2024-07-28,15.85954987141832,19.410441437477733,5.096137287340205,78.48516953904247
round_2,RJ,2024-08-04,16.274793247509947,20.05959327748163,4.706982845105573,77.31925560044355
round_2,RJ,2024-08-11,16.114246459210715,19.963510670163657,4.93205610243677,75.59105152688582
round_2,RJ,2024-08-18,16.335127108108026,20.43151240767102,4.672362586446082,74.74446191445571
round_2,RJ,2024-08-25,17.003587087730928,20.594708902979093,5.408539387840733,75.78846157731041
round_2,RJ,2024-09-01,17.057281595734366,20.707796129503254,5.342755541231608,75.31966691301801
round_2,RJ,2024-09-08,17.99517705510178,21.94166823033956,4.668299329577321,74.36707805434247
round_2,RJ,2024-09-15,18.139786010975634,21.749218010402444,5.594686643107027,75.16884246180776
round_2,RJ,2024-09-22,18.033708284247677,21.095145237600725,6.342149197410306,78.56445837255367
round_2,RJ,2024-09-29,19.04310915332145,22.29968987224444,6.109066510743289,78.26232946780513
round_2,RN,2023-06-25,22.424309263163003,25.064061679852788,6.471572092200133,75.09600579378605
round_2,RN,2023-07-02,24.011208067556467,26.654923145476666,6.539437864862134,72.43747099341567
round_2,RN,2023-07-09,23.946157704520974,26.64511715928553,6.450990386008743,72.02413949734557
round_2,RN,2023-07-16,23.72104168801499,26.656614191825916,6.084824986723363,69.88404262271244
round_2,RN,2023-07-23,23.667590081235097,26.638120029926025,6.105087718918539,69.21663194172176
round_2,RN,2023-07-30,23.56201021263848,26.645458701757153,5.997600679840305,67.8032868027711
round_2,RN,2023-08-06,22.825258653726884,26.126274601151646,5.421541557571579,68.1511480422801
round_2,RN,2023-08-13,22.823719132371306,26.164504028153814,5.441538467617162,67.28174857083539
round_2,RN,2023-08-20,23.016955449700564,26.32227593533742,5.623155106198748,67.60712278700778
round_2,RN,2023-08-27,23.16365758283887,26.58206935165988,5.424600670327332,66.64530625117817
round_2,RN,2023-09-03,22.597646533079622,25.973431884514284,5.469849162005268,66.33943522282448
round_2,RN,2023-09-10,22.725901041947644,26.07630721035031,5.474482948550372,66.38948533357258
round_2,RN,2023-09-17,22.898934946981207,26.321704420311228,5.3443205817389074,65.99056605394426
round_2,RN,2023-09-24,23.17666838397814,26.59478767877724,5.2643424041959355,65.34846531446325
round_2,RN,2023-10-01,23.119926504556485,26.543335316388266,5.277037818394535,63.76449147418579
round_2,RN,2023-10-08,23.235119089458458,26.54800849187833,5.5805898138613275,64.3663602967742
round_2,RN,2023-10-15,23.42227015863819,26.697779001023832,5.693163512344491,64.76073175725453
round_2,RN,2023-10-22,23.53217097059467,26.833339454621388,5.586547161920407,64.24563085868525
round_2,RN,2023-10-29,23.6645924076636,26.923763043175253,5.81010896279557,64.47731839317598
round_2,RN,2023-11-05,23.91511097435238,27.13808349388182,5.992234104993118,64.03691026758656
round_2,RN,2023-11-12,23.909745189199835,27.15813293527349,5.732291526100753,64.12281086946201
round_2,RN,2023-11-19,24.065380774399618,27.28454673229009,5.942674928087715,64.38076868158699
round_2,RN,2023-11-26,24.16915641794394,27.311461368707697,6.189735658652801,64.7843296154345
round_2,RN,2023-12-03,24.511774904399772,27.64654624954718,6.275097775992851,64.00801997943601
round_2,RN,2023-12-10,24.49367347393165,27.50349594625323,6.620601099568761,64.86292112813159
round_2,RN,2023-12-17,24.612642818493196,27.62298376021485,6.573405141343898,64.73851239589041
round_2,RN,2023-12-24,24.55834137664305,27.58032218870521,6.27702866509456,64.62225238719958
round_2,RN,2023-12-31,24.539996269962057,27.524893383505653,6.611865863383379,65.69561483984133
round_2,RN,2024-01-07,24.166320023145925,27.07545571656476,6.784761192867868,70.91223300932663
round_2,RN,2024-01-14,24.085544082726567,26.928004069862062,6.785410316400964,72.44694211090051
round_2,RN,2024-01-21,24.06585750491876,26.875296608485577,6.764340240917456,73.32459643529965
round_2,RN,2024-01-28,24.18412278835743,27.08775347822444,6.7366945171521335,71.99555835211038
round_2,RN,2024-02-04,24.15079822820696,27.059434471627505,6.824261750861591,72.82557154537518
round_2,RN,2024-02-11,24.1259776828,26.878477951577036,6.883654883969335,74.37074394345002
round_2,RN,2024-02-18,24.002698206165014,26.710477079584884,6.898590995906888,76.3064689708906
round_2,RN,2024-02-25,24.07724735403195,26.811602772097014,6.833120431812279,75.58515519603712
round_2,RN,2024-03-03,24.11279447024196,26.872144779536526,6.855078025061096,75.64792749184844
round_2,RN,2024-03-10,24.036096490005797,26.69991108658955,6.916627390526532,76.6692179642815
round_2,RN,2024-03-17,23.96083736713212,26.544836992722267,6.925888757429787,78.06787902031614
round_2,RN,2024-03-24,23.985490366445028,26.484369771175853,6.966476204519749,79.02891084621058
round_2,RN,2024-03-31,23.97877384899565,26.521156776548004,6.86729231375223,78.30935399920567
round_2,RN,2024-04-07,23.906028299726884,26.404782292440853,6.941033839656684,79.4327783966028
round_2,RN,2024-04-14,23.870400847372,26.389319947275567,6.909055295595824,78.90443565224754
round_2,RN,2024-04-21,23.870789352326096,26.391129845553692,6.836585957273734,78.29669599949834
round_2,RN,2024-04-28,23.704142913968276,26.22930385482869,6.763645727334785,78.45060546145108
round_2,RN,2024-05-05,23.66683573940529,26.24211124267099,6.7415090098042505,77.80592474674374
round_2,RN,2024-05-12,23.62819716739837,26.312428408754652,6.504926954820646,76.43353470662386
round_2,RN,2024-05-19,23.557794942445597,26.26698511690439,6.64455106443284,75.97004821473155
round_2,RN,2024-05-26,23.398296700446423,26.041195026212357,6.665639843414459,76.498792606127
round_2,RN,2024-06-02,23.063884669027363,25.750481833201498,6.551202025949409,76.17566838703154
round_2,RN,2024-06-09,22.87988307256364,25.509345131302695,6.561608225410169,75.40620040666697
round_2,RN,2024-06-16,22.626015929541257,25.23491100945937,6.670488258013828,76.21437690737781
round_2,RN,2024-06-23,22.424309263163003,25.064061679852788,6.471572092200133,75.09600579378605
round_2,RN,2024-06-30,22.33363178966125,24.977346867581453,6.539437864862134,75.34734691612763
round_2,RN,2024-07-07,22.26858142662576,24.967540881390317,6.450990386008743,74.93401542005752
round_2,RN,2024-07-14,22.04346541011978,24.9790379139307,6.084824986723363,72.7939185454244
round_2,RN,2024-07-21,21.990013803339888,24.960543752030812,6.105087718918539,72.12650786443372
round_2,RN,2024-07-28,21.884433934743264,24.967882423861937,5.997600679840305,70.71316272548307
round_2,RN,2024-08-04,21.88824838541397,25.189264332838736,5.421541557571579,69.11716672223012
round_2,RN,2024-08-11,21.886708864058395,25.2274937598409,5.441538467617162,68.24776725078542
round_2,RN,2024-08-18,22.07994518138765,25.385265667024505,5.623155106198748,68.57314146695782
round_2,RN,2024-08-25,22.22664731452596,25.64505908334697,5.424600670327332,67.61132493112821
round_2,RN,2024-09-01,22.379554821507227,25.755340172941885,5.469849162005268,66.91794069768515
round_2,RN,2024-09-08,22.507809330375245,25.858215498777913,5.474482948550372,66.96799080843326
round_2,RN,2024-09-15,22.68084323540881,26.103612708738833,5.3443205817389074,66.56907152880494
round_2,RN,2024-09-22,22.958576672405737,26.37669596720485,5.2643424041959355,65.92697078932393
round_2,RN,2024-09-29,23.19471592353178,26.618124735363555,5.277037818394535,65.38808558580737
round_2,RO,2023-06-25,21.14285312522426,25.323117313927924,3.8581362878879064,71.4020944933289
round_2,RO,2023-07-02,19.90167964739898,24.26825717317886,3.6522698061911134,79.16666517007555
round_2,RO,2023-07-09,19.745368254026303,24.140888352498653,4.00341852618883,77.96760881222762
round_2,RO,2023-07-16,19.76498883284859,24.304222658969227,3.5826069832745375,75.31664454339318
round_2,RO,2023-07-23,19.867809545521727,24.592749903286343,3.4385373316937526,72.37950774834121
round_2,RO,2023-07-30,19.961431391946977,25.037893393341346,2.58031425852187,69.5956288176512
round_2,RO,2023-08-06,21.07102682157092,26.126163337420607,3.0600970843668605,57.21402037234093
round_2,RO,2023-08-13,21.383823215420968,26.33279627718976,3.674886914829066,58.7116761170272
round_2,RO,2023-08-20,21.58918127278491,26.45194530751569,4.19274530119854,59.10829997917052
round_2,RO,2023-08-27,21.804881779236016,26.030595919340065,5.500764564206095,66.24472334091207
round_2,RO,2023-09-03,23.47260471191602,27.764048371687853,5.800323043763656,53.45061505940264
round_2,RO,2023-09-10,23.76997116868584,27.91322841887077,6.228744194357343,56.08288526783021
round_2,RO,2023-09-17,23.97582029979458,28.047301888186148,6.54764633693884,57.50470230174786
round_2,RO,2023-09-24,23.73793075199877,27.373963215251877,6.865526562327443,62.75821306822972
round_2,RO,2023-10-01,24.8173048357152,28.35587879694669,6.964448434477358,65.85664081085714
round_2,RO,2023-10-08,24.9308309416504,28.278452833404735,6.991335046538206,67.3519259625208
round_2,RO,2023-10-15,24.779037956000867,27.962223898883327,6.990898787314012,69.1243228674606
round_2,RO,2023-10-22,24.765005954569983,27.812024223024004,6.994963351396022,70.38327937806291
round_2,RO,2023-10-29,24.562257002028197,27.47018039667824,6.901030677617611,70.99872883120004
round_2,RO,2023-11-05,25.07477183281309,27.8781441954298,6.898014113466113,76.51896712422386
round_2,RO,2023-11-12,25.109859560811653,27.803104319883136,6.985158227416158,77.50000051243742
round_2,RO,2023-11-19,25.109110464549616,27.654176380049982,6.999859436131415,78.57194160932804
round_2,RO,2023-11-26,25.228605662500296,27.79507050413816,6.996680518726339,78.20289498579744
round_2,RO,2023-12-03,24.84901042973429,27.339180193355624,7.0,83.52739471352874
round_2,RO,2023-12-10,24.7694131700703,27.106502944160894,6.998773664624636,84.25625898641792
round_2,RO,2023-12-17,24.58098425925699,27.055810671396504,6.994866093309691,83.87238717976413
round_2,RO,2023-12-24,24.687936965492696,27.063899315840747,6.75,84.25786016707752
round_2,RO,2023-12-31,24.57868849149604,26.910193448641408,7.0,84.17824517300595
round_2,RO,2024-01-07,22.811628538422156,25.125528310785327,7.0,89.61864392563525
round_2,RO,2024-01-14,22.72940979603748,25.15511212847317,6.999813612450889,89.15610502975494
round_2,RO,2024-01-21,22.82691426096499,25.210022703485503,6.9996786913629565,89.25209571822317
round_2,RO,2024-01-28,22.81743339073944,25.097086291997083,7.0,89.7803805060256
round_2,RO,2024-02-04,22.852537227825728,25.139554736783776,7.0,89.91605757286133
round_2,RO,2024-02-11,22.738094283921725,24.91441484252649,7.0,90.56112234731266
round_2,RO,2024-02-18,22.68905192512493,24.88293993292848,7.0,90.69741763079033
round_2,RO,2024-02-25,22.697556412422756,25.00155366033053,6.99927518859937,90.06299212105763
round_2,RO,2024-03-03,22.829113907578833,25.22199071297629,7.0,89.6778463541557
round_2,RO,2024-03-10,22.79984040060701,25.11809939650444,7.0,90.29759029545852
round_2,RO,2024-03-17,22.715449127285716,24.973005491206397,7.0,90.81840766245368
round_2,RO,2024-03-24,22.63563121334119,24.884105653785102,6.998959468972668,91.12818798863036
round_2,RO,2024-03-31,22.739171045309035,25.109813173125797,6.9525263515891815,90.23729464970732
round_2,RO,2024-04-07,22.734613951423515,25.16853571254412,6.959416626235528,89.8275748065985
round_2,RO,2024-04-14,22.6531114681756,25.107374086454342,6.99605603755815,89.45537364093377
round_2,RO,2024-04-21,22.451253022655028,25.02747130344045,6.937518717238886,88.53100799235818
round_2,RO,2024-04-28,22.36258876997808,25.00850573928609,6.839079264058144,87.5575776527468
round_2,RO,2024-05-05,21.900196137547756,24.784070769734814,6.3251108526689315,84.7010874146193
round_2,RO,2024-05-12,22.119652599301254,24.886824632331116,6.6444462360988235,86.14731578600478
round_2,RO,2024-05-19,21.98932714915387,24.91942461598912,6.671326236479351,85.70605190116422
round_2,RO,2024-05-26,21.718476025156324,24.84638877409288,6.231921929849596,84.1666545870941
round_2,RO,2024-06-02,21.605676793769593,24.842335562201775,6.32061300741079,82.69836287431183
round_2,RO,2024-06-09,21.42089908497708,25.10343539771364,5.710278261365906,79.31248385163403
round_2,RO,2024-06-16,21.011277251378395,25.048014867547252,4.546615556950826,74.96525791348857
round_2,RO,2024-06-23,21.14285312522426,25.323117313927924,3.8581362878879064,71.4020944933289
round_2,RO,2024-06-30,21.492552890986953,25.85913041676684,3.6522698061911134,68.2834543998416
round_2,RO,2024-07-07,21.33624149761428,25.73176159608663,4.00341852618883,67.08439804199367
round_2,RO,2024-07-14,21.35586207643657,25.8950959025572,3.5826069832745375,64.43343377315924
round_2,RO,2024-07-21,21.458682789109705,26.18362314687431,3.4385373316937526,61.49629697810727
round_2,RO,2024-07-28,21.552304635534956,26.62876663692932,2.58031425852187,58.71241804741726
round_2,RO,2024-08-04,22.08165693639226,27.13679345224195,3.0600970843668605,58.150928933050466
round_2,RO,2024-08-11,22.39445333024231,27.343426392011104,3.674886914829066,59.648584677736736
round_2,RO,2024-08-18,22.59981138760625,27.462575422337025,4.19274530119854,60.04520853988005
round_2,RO,2024-08-25,22.81551189405736,27.0412260341614,5.500764564206095,67.1816319016216
round_2,RO,2024-09-01,22.99180426694585,27.283247926717685,5.800323043763656,68.30253544929936
round_2,RO,2024-09-08,23.28917072371567,27.4324279739006,6.228744194357343,70.93480565772691
round_2,RO,2024-09-15,23.495019854824413,27.56650144321598,6.54764633693884,72.35662269164457
round_2,RO,2024-09-22,23.257130307028604,26.8931627702817,6.865526562327443,77.61013345812643
round_2,RO,2024-09-29,23.347925205699276,26.88649916693076,6.964448434477358,80.04477350052497
round_2,RR,2023-06-25,22.40607301117167,24.642033841772612,7.0,88.9614713989352
round_2,RR,2023-07-02,22.534227025723347,24.8592384091554,7.0,88.89906567976259
round_2,RR,2023-07-09,22.528558579184583,24.854118315245493,7.0,89.00961470411048
round_2,RR,2023-07-16,22.490906301267323,24.8815481605952,7.0,88.59108467550466
round_2,RR,2023-07-23,22.49942677862116,24.953351428926368,7.0,88.47790253554892
round_2,RR,2023-07-30,22.56725184919404,25.1006739913199,6.9949725619882965,88.1499420588919
round_2,RR,2023-08-06,22.518308465487777,25.154652121181748,7.0,87.44969413185294
round_2,RR,2023-08-13,22.627605406888573,25.30584829303373,7.0,87.02524922463942
round_2,RR,2023-08-20,22.724764522077813,25.531390752694755,7.0,86.15469882138086
round_2,RR,2023-08-27,22.8924646337782,25.94846079778267,6.999039357674392,84.05983715975675
round_2,RR,2023-09-03,22.96662581403716,26.004984929511416,7.0,84.21465961103709
round_2,RR,2023-09-10,23.194509600796547,26.390213969511755,6.928902168792913,81.6507549866315
round_2,RR,2023-09-17,23.21772031409102,26.456879725496176,6.938407543046168,81.99172531548392
round_2,RR,2023-09-24,23.511946173431284,27.08169483375389,6.857648144194161,77.5887403760437
round_2,RR,2023-10-01,24.82841121242301,28.527066119458095,6.814766113637695,66.69292340217135
round_2,RR,2023-10-08,24.99522891120587,28.568772090927855,6.727260502092897,66.80779404819185
round_2,RR,2023-10-15,24.9353950156038,28.426753968875015,6.9593270995652246,67.6971923571054
round_2,RR,2023-10-22,24.958822045844645,28.495026620132652,6.840482113796832,67.46578239456827
round_2,RR,2023-10-29,25.05898611949391,28.36133229996603,6.941028755356421,68.2421155335009
round_2,RR,2023-11-05,25.746760082989432,28.97432359018753,6.93414877191033,65.54109281767678
round_2,RR,2023-11-12,25.956513726331867,29.2551270611304,6.909869939281144,63.51555985041734
round_2,RR,2023-11-19,25.897020647449548,29.257901280156716,6.779584699780293,62.70826898620901
round_2,RR,2023-11-26,26.10726660197177,29.319307214494184,7.0,62.10074113195764
round_2,RR,2023-12-03,25.049964186218784,28.36127602446636,6.901442852639833,73.69216723658592
round_2,RR,2023-12-10,24.98771281123435,28.17138286065378,6.743896451902912,73.50423978846428
round_2,RR,2023-12-17,24.921963121399045,27.99798427554748,6.687875638044709,73.64878079744197
round_2,RR,2023-12-24,24.731093647862316,27.84299143682753,6.546675654554675,73.52891309704543
round_2,RR,2023-12-31,24.58729196422621,27.763851621424724,6.290101738650986,71.8459322222369
round_2,RR,2024-01-07,23.88336080040433,27.28230481130382,6.146522314507499,66.93898387537585
round_2,RR,2024-01-14,23.987700475882207,27.3335775728756,6.165118545821083,66.75592481030135
round_2,RR,2024-01-21,23.989265177175128,27.582195931171853,5.816350928748427,63.92701998130651
round_2,RR,2024-01-28,24.034187332302956,27.43690317814804,5.782834216781361,65.28301852960611
round_2,RR,2024-02-04,24.040434707788418,27.5278385179207,5.933393072107046,64.11575074596038
round_2,RR,2024-02-11,24.134967269175515,27.70493851075066,5.561069247345595,63.141057572923295
round_2,RR,2024-02-18,24.10306422665392,27.59581346269633,5.949439069158008,64.704538845248
round_2,RR,2024-02-25,24.31562031062148,27.81716479470888,6.290509961124677,64.50579548387634
round_2,RR,2024-03-03,24.36968971294514,27.85786117892501,5.942741806673777,64.66872719261941
round_2,RR,2024-03-10,24.28656069804979,27.929282804303888,5.644131748360794,63.87997038182876
round_2,RR,2024-03-17,24.43459618576664,27.95536840195219,6.090209609099063,65.4606034263898
round_2,RR,2024-03-24,24.34297588164646,27.828936890247792,6.364072632241973,66.6993121768866
round_2,RR,2024-03-31,24.189092088346957,27.318913289696894,6.216824789425334,70.65624894461286
round_2,RR,2024-04-07,24.213072386091863,27.359322973063342,6.235803694058067,71.84999580353163
round_2,RR,2024-04-14,23.754912801754777,26.529690173154624,6.87529931426746,78.2097121816282
round_2,RR,2024-04-21,23.4955747245308,26.058211429449333,6.968944410454105,81.99751504787514
round_2,RR,2024-04-28,23.357111358379814,25.8095973416713,6.964643241306744,83.03496105296067
round_2,RR,2024-05-05,23.14460398171447,25.347125492836824,7.0,86.85417514768233
round_2,RR,2024-05-12,23.191882952392294,25.346787997619536,7.0,86.9397042030736
round_2,RR,2024-05-19,23.038134631953913,25.326599204353727,7.0,86.99792344749285
round_2,RR,2024-05-26,22.941428152633534,25.17172807521742,6.996472355476385,87.41909696097197
round_2,RR,2024-06-02,22.69968305149981,24.98827203376894,6.972619145916015,87.89864698171827
round_2,RR,2024-06-09,22.574639046770468,24.78988420153244,7.0,89.0354642194686
round_2,RR,2024-06-16,22.453501166992076,24.723126817923458,7.0,88.88967597744814
round_2,RR,2024-06-23,22.40607301117167,24.642033841772612,7.0,88.9614713989352
round_2,RR,2024-06-30,22.35654381937503,24.68155520280709,7.0,88.76929466063677
round_2,RR,2024-07-07,22.350875372836263,24.676435108897177,7.0,88.87984368498465
round_2,RR,2024-07-14,22.313223094919003,24.703864954246885,7.0,88.46131365637883
round_2,RR,2024-07-21,22.321743572272844,24.775668222578055,7.0,88.34813151642311
round_2,RR,2024-07-28,22.389568642845727,24.922990784971592,6.9949725619882965,88.02017103976607
round_2,RR,2024-08-04,22.565975926949513,25.202319582643486,7.0,87.34315162516037
round_2,RR,2024-08-11,22.675272868350305,25.353515754495465,7.0,86.91870671794689
round_2,RR,2024-08-18,22.772431983539548,25.579058214156493,7.0,86.04815631468831
round_2,RR,2024-08-25,22.94013209523993,25.996128259244404,6.999039357674392,83.95329465306419
round_2,RR,2024-09-01,22.95849144229119,25.99685055776544,7.0,84.32669122368434
round_2,RR,2024-09-08,23.186375229050572,26.38207959776578,6.928902168792913,81.76278659927874
round_2,RR,2024-09-15,23.20958594234505,26.448745353750205,6.938407543046168,82.10375692813116
round_2,RR,2024-09-22,23.50381180168531,27.07356046200791,6.857648144194161,77.70077198869095
round_2,RR,2024-09-29,23.85219974039511,27.5508546474302,6.814766113637695,74.24067562879063
round_2,RS,2023-06-25,11.137335213134143,14.206575895499316,5.344417266748801,83.40829022793376
round_2,RS,2023-07-02,11.47354920891758,14.78182510740536,4.777678229999291,81.00317328734958
round_2,RS,2023-07-09,10.632696004844412,13.83629451354385,5.196486886273847,81.56011792063941
round_2,RS,2023-07-16,9.57529380120944,13.08324092063088,4.737129026302625,80.41288138031962
round_2,RS,2023-07-23,10.535338906161698,13.893373347237578,4.897037663945017,79.08871535873628
round_2,RS,2023-07-30,10.326095329782625,14.064450250608402,4.526094564748965,80.48332121701098
round_2,RS,2023-08-06,10.306090289942151,13.936802812141869,5.208195757159088,80.86075294883254
round_2,RS,2023-08-13,10.717732137312924,14.492070857480362,4.694121715356321,80.02337950644333
round_2,RS,2023-08-20,10.851515249993652,14.761347766292657,4.766096787340612,79.12006612646749
round_2,RS,2023-08-27,10.717565237500612,14.495252893908042,5.039598990032124,79.35281435157708
round_2,RS,2023-09-03,10.345360138677906,14.289925952095649,4.9201181696987195,79.35897975998303
round_2,RS,2023-09-10,11.39269482071705,14.955593568470052,5.567091716031606,80.4716797612286
round_2,RS,2023-09-17,11.146290861539836,14.787107870851507,5.970877531503884,81.08645928806546
round_2,RS,2023-09-24,10.887019804826537,14.880237994036683,5.395646150265471,79.10857639985146
round_2,RS,2023-10-01,11.916268361408427,15.5687810982619,6.117015006933078,79.9401480470652
round_2,RS,2023-10-08,12.591850126629756,16.224397142115915,6.042358538983344,80.33213897945515
round_2,RS,2023-10-15,12.83612912339397,16.636584984669156,6.065662101223296,80.1066973572504
round_2,RS,2023-10-22,12.919114500950204,16.997995951524924,5.655383495776165,77.50012356303756
round_2,RS,2023-10-29,13.144938639362705,17.287301345647442,5.654943509793386,77.2269712118189
round_2,RS,2023-11-05,13.03596799311757,17.08433443716683,5.954804978284814,78.93284764983153
round_2,RS,2023-11-12,13.66629780370203,17.746218173576548,5.704669701666962,77.91780153642874
round_2,RS,2023-11-19,14.188252670457466,18.38645283030527,5.51833098756326,78.1164202349239
round_2,RS,2023-11-26,15.041598855856948,19.02148265159833,5.82804485292436,78.12667164399011
round_2,RS,2023-12-03,15.037489116088867,19.02114848747709,6.078056989821405,77.6007588018478
round_2,RS,2023-12-10,15.425330964229202,19.650542759677588,6.005277060520675,76.27878148790661
round_2,RS,2023-12-17,16.213657668927286,20.236508198873715,6.376297000605527,78.70484432057842
round_2,RS,2023-12-24,16.366338803765803,20.39321145678783,5.770726928735369,77.51612216375008
round_2,RS,2023-12-31,17.215132108204116,21.062065896844988,6.43784204776475,78.64020476344079
round_2,RS,2024-01-07,20.297758608938334,24.27603487086585,6.324062440717359,75.88328103484702
round_2,RS,2024-01-14,19.952163165612845,23.71808208466565,6.366354945872213,77.17948463412057
round_2,RS,2024-01-21,19.972398107647063,23.73711088319399,6.514657862546261,76.24993101673203
round_2,RS,2024-01-28,20.460588156437503,24.220967774730408,6.411033697421666,77.40502944258292
round_2,RS,2024-02-04,20.023012369212513,23.960716967052768,6.407476390282443,75.85769273904346
round_2,RS,2024-02-11,19.718834196998287,23.431439521318985,6.450713804914327,76.72525462423143
round_2,RS,2024-02-18,19.88413561287198,23.438307941189397,6.552027655128642,78.01663966857923
round_2,RS,2024-02-25,19.458349154063537,23.053080059699603,6.457013310231704,78.36349065174863
round_2,RS,2024-03-03,19.43062414217087,23.127876272401565,6.147295054280606,78.25033623007651
round_2,RS,2024-03-10,19.138705903449058,22.740478743057984,6.241252920010864,77.95235552369863
round_2,RS,2024-03-17,18.693753148686525,21.838583768609585,6.490912246512878,79.97027326560546
round_2,RS,2024-03-24,17.36433829003531,20.987836104481566,5.967583476561233,78.06163076449577
round_2,RS,2024-03-31,17.614645475117122,21.05024064389458,6.031126233460987,79.15469565898978
round_2,RS,2024-04-07,17.043355574560128,20.453875438717297,5.886456047247061,79.18429664999937
round_2,RS,2024-04-14,15.802249731206562,19.387759205294124,5.28701770951741,79.03812670409253
round_2,RS,2024-04-21,14.61132949492826,18.245201129283725,5.281060580230933,79.80013637399088
round_2,RS,2024-04-28,14.2924162950546,17.590456865918412,5.473650398820005,81.0636223903407
round_2,RS,2024-05-05,13.050866797214908,16.24775279680492,5.620491448032508,81.44966168222437
round_2,RS,2024-05-12,12.524422288313458,15.735398042838264,5.221455492644182,82.36743181033371
round_2,RS,2024-05-19,12.643674492180692,15.854147403813704,4.985237771073285,82.01859202223031
round_2,RS,2024-05-26,11.50354217878576,14.61896325522182,5.168233160154208,81.86806134886434
round_2,RS,2024-06-02,11.043793426637308,14.19547917391825,5.139127970504504,82.42671822443788
round_2,RS,2024-06-09,11.508913185264198,14.537246881434534,5.139629027054146,83.5859241295461
round_2,RS,2024-06-16,10.296450205240848,13.48051966671168,5.199607458966583,82.71724312171483
round_2,RS,2024-06-23,11.137335213134143,14.206575895499316,5.344417266748801,83.40829022793376
round_2,RS,2024-06-30,10.996283197033575,14.304559095521356,4.777678229999291,81.85824421078453
round_2,RS,2024-07-07,10.155429992960409,13.359028501659846,5.196486886273847,82.41518884407438
round_2,RS,2024-07-14,9.09802778932544,12.605974908746877,4.737129026302625,81.26795230375458
round_2,RS,2024-07-21,10.058072894277696,13.416107335353576,4.897037663945017,79.94378628217125
round_2,RS,2024-07-28,9.84882931789862,13.5871842387244,4.526094564748965,81.33839214044593
round_2,RS,2024-08-04,10.970128881026616,14.600841403226331,5.208195757159088,80.27730081788384
round_2,RS,2024-08-11,11.38177072839739,15.156109448564823,4.694121715356321,79.43992737549463
round_2,RS,2024-08-18,11.515553841078116,15.42538635737712,4.766096787340612,78.53661399551879
round_2,RS,2024-08-25,11.381603828585078,15.159291484992506,5.039598990032124,78.76936222062838
round_2,RS,2024-09-01,12.002097117222362,15.946662930640104,4.9201181696987195,78.45764565405965
round_2,RS,2024-09-08,13.049431799261503,16.61233054701451,5.567091716031606,79.57034565530523
round_2,RS,2024-09-15,12.803027840084294,16.443844849395965,5.970877531503884,80.18512518214207
round_2,RS,2024-09-22,12.543756783370991,16.536974972581138,5.395646150265471,78.20724229392808
round_2,RS,2024-09-29,14.132008014303214,17.784520751156688,6.117015006933078,79.61970244372355
round_2,SC,2023-06-25,12.40821243298871,15.262177104823884,5.962569895889451,84.77555179647666
round_2,SC,2023-07-02,12.33302491535377,15.535028458872963,5.3275678966771975,82.00419976981786
round_2,SC,2023-07-09,12.060946803878526,15.003816983028653,5.848954847542587,82.44250512565452
round_2,SC,2023-07-16,11.070814115562497,14.36999206360151,5.3637732904403865,81.16657925829138
round_2,SC,2023-07-23,11.616167818716075,14.835132752813175,5.615982018895244,80.67887070576025
round_2,SC,2023-07-30,11.68633011433695,14.892356887440878,5.673743695535101,81.92671644764692
round_2,SC,2023-08-06,11.703160602343075,14.899555542837074,5.8996954286124295,82.76519570358866
round_2,SC,2023-08-13,11.857939973308117,15.16612950682434,5.9099933778069,82.3020579275342
round_2,SC,2023-08-20,12.118439619683754,15.600632982404148,5.70837520519667,81.5282287416595
round_2,SC,2023-08-27,12.211503416759436,15.451480505737011,6.162440256038732,81.35677090108825
round_2,SC,2023-09-03,11.785539195308504,15.11121317505066,5.9899830467247,81.12071485066379
round_2,SC,2023-09-10,13.185444469860553,16.216785284503473,6.366796917416562,82.99101017510309
round_2,SC,2023-09-17,12.881289772028572,15.905487385402406,6.685031221736343,82.567166370092
round_2,SC,2023-09-24,12.637010695706325,15.72728499346455,6.449452871811273,80.97832471250129
round_2,SC,2023-10-01,13.581232322869472,16.44973517776598,6.758436169340976,82.1343889980439
round_2,SC,2023-10-08,14.207352130819975,17.016418307780512,6.772169074849454,82.91168044186361
round_2,SC,2023-10-15,14.394246763919153,17.265453243069366,6.770617267026107,82.4157126402266
round_2,SC,2023-10-22,14.6400249022403,17.68142746982162,6.661838107890993,80.7375442660338
round_2,SC,2023-10-29,14.629041219567812,17.763398283097686,6.609196454962876,79.75157442698628
round_2,SC,2023-11-05,14.729790831403813,17.658531709030395,6.826329838067764,82.02369121615696
round_2,SC,2023-11-12,15.23363096310065,18.35815706619526,6.527685663027084,81.19410133213628
round_2,SC,2023-11-19,15.742976659113149,18.90238144439337,6.67423969220623,81.18127758592743
round_2,SC,2023-11-26,16.49563589262313,19.33666307054943,6.775229939945247,82.7332256194028
round_2,SC,2023-12-03,16.23081447600088,19.2367191921994,6.810309852434816,80.59387505444947
round_2,SC,2023-12-10,16.694450244945884,19.671843815767463,6.830943668703687,80.5001456368419
round_2,SC,2023-12-17,17.159711358284074,20.25037609369573,6.877511142798327,81.37571308313193
round_2,SC,2023-12-24,17.3423372070652,20.256195202544127,6.604064551377551,81.39123405902396
round_2,SC,2023-12-31,18.035285091431465,20.96677615251767,6.935276780502426,82.2274092319172
round_2,SC,2024-01-07,20.355116798347595,23.33018530474954,6.91103977808474,82.37389103548037
round_2,SC,2024-01-14,20.241474704532987,23.176014543347357,6.883398498405222,82.70664014367532
round_2,SC,2024-01-21,20.055320101781763,22.953043214937995,6.835465669740105,81.6901473385409
round_2,SC,2024-01-28,20.514144934807128,23.560857005373624,6.906720801892848,82.43438066825824
round_2,SC,2024-02-04,20.158194569816228,23.230562696335323,6.838120015820147,81.37991792184467
round_2,SC,2024-02-11,20.03427658092279,22.982197841809764,6.89746855462871,82.29252375048806
round_2,SC,2024-02-18,20.30045206517791,23.053700743433023,6.954873907860837,83.5638643071963
round_2,SC,2024-02-25,19.90793724725707,22.743157717271796,6.935964926959462,83.14493023609184
round_2,SC,2024-03-03,19.97465678752489,22.94274376113641,6.830669180073341,82.65032650787207
round_2,SC,2024-03-10,19.863380446644623,22.649780584921356,6.872746552300393,83.14641251860986
round_2,SC,2024-03-17,19.390002657272383,22.108018310575993,6.903122182662355,83.16095047269145
round_2,SC,2024-03-24,18.191778963294883,21.090320377586657,6.706969061467027,81.7034136537936
round_2,SC,2024-03-31,18.286120983940325,21.081453813256008,6.725088913002915,82.84437215086488
round_2,SC,2024-04-07,17.865590230242923,20.82026541784928,6.573763658139397,82.52448866777428
round_2,SC,2024-04-14,16.84960115284625,19.8971578455787,6.287657438573463,81.78360643245044
round_2,SC,2024-04-21,16.201079273307045,19.21416172307359,6.257903920335448,82.20416170423064
round_2,SC,2024-04-28,15.487484223443428,18.550687564756977,6.247539817761322,82.55414192026068
round_2,SC,2024-05-05,14.277850841738717,17.209432728775255,6.306182346489795,82.08176279492027
round_2,SC,2024-05-12,13.838349399265988,16.7385191041259,5.976792715851705,82.70510725560575
round_2,SC,2024-05-19,13.806494038281617,16.750528838775395,5.8312110483953745,83.25249134183905
round_2,SC,2024-05-26,12.981632387833647,15.891148870530373,5.754396848356101,82.84643594346029
round_2,SC,2024-06-02,12.308183538225528,15.392474569178562,5.478269844083041,83.16974778085809
round_2,SC,2024-06-09,12.928501113781191,15.874905866571073,5.63054957624636,84.34060506217976
round_2,SC,2024-06-16,12.17274654016767,15.035370523908044,5.959680347209389,84.13401796895947
round_2,SC,2024-06-23,12.40821243298871,15.262177104823884,5.962569895889451,84.77555179647666
round_2,SC,2024-06-30,12.19679179719522,15.398795340714416,5.3275678966771975,83.07664666184189
round_2,SC,2024-07-07,11.924713685719976,14.867583864870102,5.848954847542587,83.51495201767855
round_2,SC,2024-07-14,10.934580997403948,14.23375894544296,5.3637732904403865,82.23902615031542
round_2,SC,2024-07-21,11.479934700557529,14.698899634654628,5.615982018895244,81.75131759778428
round_2,SC,2024-07-28,11.550096996178402,14.756123769282327,5.673743695535101,82.99916333967096
round_2,SC,2024-08-04,12.35602153360536,15.552416474099358,5.8996954286124295,82.28070769394682
round_2,SC,2024-08-11,12.5108009045704,15.818990438086624,5.9099933778069,81.81756991789237
round_2,SC,2024-08-18,12.771300550946036,16.25349391366643,5.70837520519667,81.04374073201767
round_2,SC,2024-08-25,12.864364348021716,16.104341436999295,6.162440256038732,80.87228289144643
round_2,SC,2024-09-01,13.20224453133705,16.5279185110792,5.9899830467247,80.54220467465568
round_2,SC,2024-09-08,14.602149805889091,17.633490620532015,6.366796917416562,82.41249999909499
round_2,SC,2024-09-15,14.297995108057115,17.322192721430948,6.685031221736343,81.98865619408389
round_2,SC,2024-09-22,14.053716031734863,17.143990329493093,6.449452871811273,80.3998145364932
round_2,SC,2024-09-29,15.408919905241808,18.277422760138315,6.758436169340976,82.67658399280994
round_2,SE,2023-06-25,21.558406260640233,23.37976172251056,7.0,82.06721997967058
round_2,SE,2023-07-02,22.233444044153742,24.08682581754254,6.993522407066795,83.31533793842661
round_2,SE,2023-07-09,22.12039603023371,23.946961568826023,7.0,83.96068279543266
round_2,SE,2023-07-16,21.98465349098264,23.92520823258243,6.975549010125877,82.24138868314087
round_2,SE,2023-07-23,21.9459890198627,23.830947907648376,6.972715504017781,81.92532424352166
round_2,SE,2023-07-30,21.751163847386486,23.717551618156072,6.951700911995484,80.84785192140251
round_2,SE,2023-08-06,21.160309454717424,23.29205070229991,6.963140501571518,80.39879487860362
round_2,SE,2023-08-13,21.160372342112783,23.162901995456444,6.996625923966814,80.51692137569482
round_2,SE,2023-08-20,21.31749567156086,23.34104873225866,7.0,81.64791542812611
round_2,SE,2023-08-27,21.436384517820763,23.61077232151001,6.980497997845397,79.93055950142664
round_2,SE,2023-09-03,20.97036626339829,23.153320115859515,6.961875137971639,77.94153103003991
round_2,SE,2023-09-10,21.10515301207493,23.203397362746447,6.99170053382911,78.36915462803637
round_2,SE,2023-09-17,21.246959543547113,23.54388747107612,6.930882191247244,77.38850086239512
round_2,SE,2023-09-24,21.65414691942295,24.000481210503143,6.874115390851493,76.81804823360196
round_2,SE,2023-10-01,21.656888450148134,24.06915445084437,6.814855131552264,73.98334023967227
round_2,SE,2023-10-08,21.806505035944863,24.06191880443506,6.960796267119711,74.36291154725153
round_2,SE,2023-10-15,22.02404713293333,24.320776151183573,6.9652300976945565,74.40022878234832
round_2,SE,2023-10-22,22.241801029837475,24.612143905145825,6.916351205003519,74.40641922284097
round_2,SE,2023-10-29,22.512462970109745,24.99048191122661,6.864133122127413,73.35729290965101
round_2,SE,2023-11-05,23.009837866496618,25.357570783046302,6.896208721367487,71.47614685321396
round_2,SE,2023-11-12,23.11562191555209,25.6733625113181,6.8230246786649404,69.6483013211407
round_2,SE,2023-11-19,23.23547348593429,25.787579376498748,6.837901441333869,69.99281098412436
round_2,SE,2023-11-26,23.404935587187666,25.930773098386148,6.857114845819205,69.6427881797368
round_2,SE,2023-12-03,24.003404361703563,26.64811115168353,6.578985653785847,68.07447497496189
round_2,SE,2023-12-10,24.025788967253277,26.547507785267257,6.72430194505148,67.86871863849429
round_2,SE,2023-12-17,24.036987985381288,26.500441603114105,6.9591955077616285,67.9102294547706
round_2,SE,2023-12-24,24.03656907174304,26.596068156749027,6.687493811858762,67.71976470097043
round_2,SE,2023-12-31,24.070197503611105,26.597333597824875,6.899141053379287,68.212252573773
round_2,SE,2024-01-07,23.81234770461352,26.3500929880102,6.915659222776708,74.55326290163094
round_2,SE,2024-01-14,23.790912436189792,26.30919729776,6.965949168451533,75.02454908675668
round_2,SE,2024-01-21,23.8573666233256,26.43717661420557,6.827904276793836,74.63665387970205
round_2,SE,2024-01-28,23.921523231709067,26.561074571555675,6.89789722793017,74.44403358740979
round_2,SE,2024-02-04,24.0601115132515,26.63691634707357,6.950392435065288,74.73964554907515
round_2,SE,2024-02-11,23.99091737987085,26.541177077934854,6.985181005396277,75.26106322435993
round_2,SE,2024-02-18,23.872788383656733,26.387096350592824,6.966732643305754,77.03285816800292
round_2,SE,2024-02-25,24.001141673449418,26.595081339988983,6.966877588962458,76.09335940331408
round_2,SE,2024-03-03,24.147896205374064,26.783933337432703,6.923654573063556,75.35216076060526
round_2,SE,2024-03-10,23.99857843006197,26.61891381308914,6.964425055539247,76.17537096014195
round_2,SE,2024-03-17,23.904683340633554,26.346660554010914,6.9555729330883445,78.50927802262574
round_2,SE,2024-03-24,23.931229249415615,26.39207071754197,6.974800239915051,78.1727503839042
round_2,SE,2024-03-31,23.88542910718156,26.346759735558372,6.923510171021016,77.42930316022536
round_2,SE,2024-04-07,23.79861838789252,26.281314511060735,6.857546469950821,78.33617810973034
round_2,SE,2024-04-14,23.68741497662226,26.04666125201461,6.969993458509555,79.31073116390874
round_2,SE,2024-04-21,23.43209613831382,25.670578445538144,6.945441704629055,79.87362626035546
round_2,SE,2024-04-28,23.27480188296246,25.355510196947787,6.978157129862176,81.15240220138756
round_2,SE,2024-05-05,23.083026062823937,25.239295350791114,6.940787479478566,80.63261228509276
round_2,SE,2024-05-12,23.01051977667631,25.014827880073277,6.949679611931968,81.7006880582115
round_2,SE,2024-05-19,22.743136747241937,24.627698205553457,6.99836504415959,83.10082568070537
round_2,SE,2024-05-26,22.656146204462864,24.580603981781675,6.961140719962599,82.46691239843632
round_2,SE,2024-06-02,22.263195034980537,24.230576058738286,6.997277417180382,82.33219619186474
round_2,SE,2024-06-09,22.077017171659374,23.87243149939193,6.978223631994955,82.30478662006729
round_2,SE,2024-06-16,21.899846077287695,23.702484920960053,6.999727051328049,82.39942805616596
round_2,SE,2024-06-23,21.558406260640233,23.37976172251056,7.0,82.06721997967058
round_2,SE,2024-06-30,21.36175919950552,23.21514097289431,6.993522407066795,81.94150668407231
round_2,SE,2024-07-07,21.24871118558549,23.075276724177805,7.0,82.58685154107836
round_2,SE,2024-07-14,21.112968646334416,23.05352338793421,6.975549010125877,80.86755742878658
round_2,SE,2024-07-21,21.07430417521448,22.95926306300015,6.972715504017781,80.55149298916736
round_2,SE,2024-07-28,20.87947900273826,22.84586677350785,6.951700911995484,79.47402066704821
round_2,SE,2024-08-04,20.78665759514791,22.918398842730394,6.963140501571518,79.00816363529715
round_2,SE,2024-08-11,20.786720482543267,22.78925013588693,6.996625923966814,79.12629013238835
round_2,SE,2024-08-18,20.943843811991343,22.967396872689143,7.0,80.25728418481964
round_2,SE,2024-08-25,21.06273265825125,23.237120461940492,6.980497997845397,78.53992825812017
round_2,SE,2024-09-01,21.24313842184932,23.426092274310545,6.961875137971639,77.95603512942994
round_2,SE,2024-09-08,21.377925170525955,23.476169521197473,6.99170053382911,78.3836587274264
round_2,SE,2024-09-15,21.519731701998143,23.816659629527148,6.930882191247244,77.40300496178514
round_2,SE,2024-09-22,21.92691907787398,24.273253368954176,6.874115390851493,76.83255233299197
round_2,SE,2024-09-29,22.25672720105033,24.668993201746563,6.814855131552264,75.73221910671457
round_2,SP,2023-06-25,13.441608481632478,17.448496921323827,4.353775750629417,74.7230296712837
round_2,SP,2023-07-02,13.42186517418273,17.618598958940648,3.738273536095367,77.1968772891685
round_2,SP,2023-07-09,13.487317008171615,17.573949553810547,4.3606122106736835,76.82531222136825
round_2,SP,2023-07-16,12.946317973661197,17.197334939599592,4.397457250272042,76.56619590082703
round_2,SP,2023-07-23,13.325561449163672,17.516780585959854,4.015542886819708,75.98319491979254
round_2,SP,2023-07-30,13.167882347594928,17.315108078237532,4.2862915081020345,77.88422814468913
round_2,SP,2023-08-06,13.139660875954249,17.58881272696548,4.192338386706491,73.21021413308398
round_2,SP,2023-08-13,13.181001800757748,17.704028940895775,4.2608679140892916,71.11892232729156
round_2,SP,2023-08-20,13.55122275058048,18.26931017529404,3.978263656197699,69.82008967193555
round_2,SP,2023-08-27,13.901060509646948,18.33236744234256,4.938329851262994,72.08041016059548
round_2,SP,2023-09-03,13.834013696931343,18.383083443417167,4.975886509145844,67.4216657185921
round_2,SP,2023-09-10,15.44827714889632,20.007776930627752,4.770343191494923,65.468261131292
round_2,SP,2023-09-17,15.172157281131009,19.613659668819334,5.61232394578917,67.51472942994151
round_2,SP,2023-09-24,14.64549255936698,18.52064023752297,6.032756052938198,72.17959051944287
round_2,SP,2023-10-01,16.65612353453201,20.651353744802172,6.315607701711741,68.01397355496962
round_2,SP,2023-10-08,16.99612398957236,20.953999141414755,6.205828044784968,67.51838559597604
round_2,SP,2023-10-15,17.236946351869907,21.181980357816855,6.327550742438099,67.66141976437562
round_2,SP,2023-10-22,17.44203239091025,21.220931232075845,6.643569126883357,69.46089464794902
round_2,SP,2023-10-29,17.26375052476095,20.904373582779748,6.637437747599809,69.63301255200315
round_2,SP,2023-11-05,18.0325502173843,21.417910893872772,6.804862022758559,73.55657291249922
round_2,SP,2023-11-12,18.584510826252824,22.07205945470749,6.715979116656336,72.80156102521168
round_2,SP,2023-11-19,18.83408019246976,22.3431237280685,6.717124258908726,73.55027553455392
round_2,SP,2023-11-26,19.335087535667956,22.536726142154738,6.878419975854223,74.84854740629811
round_2,SP,2023-12-03,19.03971648321179,22.32025192382629,6.868927974407945,75.6598769024717
round_2,SP,2023-12-10,19.36054342433485,22.353038558259684,6.907163661080603,77.0437570856988
round_2,SP,2023-12-17,19.349952637082183,22.759059147448163,6.958504764735365,75.3293826302883
round_2,SP,2023-12-24,19.651345577609895,22.708598249830036,6.699224796284908,77.15369501945625
round_2,SP,2023-12-31,20.073528557393587,22.953407057666205,6.983284962285508,78.14124085726122
round_2,SP,2024-01-07,19.89237947886536,23.010108993418147,6.9497357644507,82.33009733534833
round_2,SP,2024-01-14,19.905875396147607,23.038484219081035,6.952400203860667,82.24885250874314
round_2,SP,2024-01-21,19.6692933933851,22.854686403194115,6.907970184910958,81.85521541689974
round_2,SP,2024-01-28,19.92942607302269,23.206287124923477,6.780867331986439,81.70918878719169
round_2,SP,2024-02-04,19.64942745336701,22.991323682379203,6.732339503180442,80.88898499232985
round_2,SP,2024-02-11,19.663808424614047,22.982020874863657,6.9322963319438555,81.59789518076627
round_2,SP,2024-02-18,19.912544601954064,23.123297600701388,6.91954139697506,82.27992327532057
round_2,SP,2024-02-25,19.68864274040694,22.734773022188524,6.962462812416265,83.0291690598927
round_2,SP,2024-03-03,19.54655351274375,22.978466286198255,6.860655695726823,81.26949655920073
round_2,SP,2024-03-10,19.67843439666462,22.70538891446873,6.976832170867916,83.52865543925792
round_2,SP,2024-03-17,19.169613768685572,22.276771946150383,6.917604466385042,82.82179216194962
round_2,SP,2024-03-24,18.451524683752012,21.6034027095011,6.770518693124283,82.15609950353257
round_2,SP,2024-03-31,18.32990361459003,21.602292660659472,6.624880982480119,81.34857482246335
round_2,SP,2024-04-07,18.121485345412346,21.51904576757997,6.545738873501639,80.59625684898897
round_2,SP,2024-04-14,17.15832353494771,20.699778480530483,5.911305756944411,78.44519542500399
round_2,SP,2024-04-21,17.055266336960624,20.533664024928154,5.931670471169301,78.74809434304098
round_2,SP,2024-04-28,15.948119666422125,19.779490988324543,5.340840024170641,76.04394013890222
round_2,SP,2024-05-05,15.106413777720348,18.643212886769536,5.68683054690795,77.44297771679746
round_2,SP,2024-05-12,14.771630455547449,18.27663625264211,5.406277070746432,77.5336579219357
round_2,SP,2024-05-19,14.43115917795483,17.996732425427066,5.246527378201501,78.0809449630407
round_2,SP,2024-05-26,14.050204096155165,17.696882204750146,5.313683863506116,78.53330535114694
round_2,SP,2024-06-02,13.823362666796143,17.45982736559448,5.030676978459819,78.7008270113323
round_2,SP,2024-06-09,13.81726468717008,17.837566546173523,4.082019644081764,76.03236203476541
round_2,SP,2024-06-16,13.607877283569383,17.35184090344744,4.6893038624221015,77.03747835864401
round_2,SP,2024-06-23,13.441608481632478,17.448496921323827,4.353775750629417,74.7230296712837
round_2,SP,2024-06-30,13.271544557796782,17.4682783425547,3.738273536095367,72.95777716187581
round_2,SP,2024-07-07,13.336996391785666,17.423628937424596,4.3606122106736835,72.58621209407555
round_2,SP,2024-07-14,12.795997357275247,17.04701432321364,4.397457250272042,72.32709577353434
round_2,SP,2024-07-21,13.175240832777725,17.366459969573906,4.015542886819708,71.74409479249985
round_2,SP,2024-07-28,13.017561731208977,17.16478746185158,4.2862915081020345,73.64512801739644
round_2,SP,2024-08-04,13.789381793824711,18.238533644835947,4.192338386706491,71.69018209466223
round_2,SP,2024-08-11,13.830722718628214,18.353749858766243,4.2608679140892916,69.59889028886981
round_2,SP,2024-08-18,14.200943668450943,18.919031093164502,3.978263656197699,68.30005763351379
round_2,SP,2024-08-25,14.550781427517414,18.982088360213023,4.938329851262994,70.56037812217373
round_2,SP,2024-09-01,14.870128441174051,19.419198187659877,4.975886509145844,70.65771058390355
round_2,SP,2024-09-08,16.484391893139026,21.04389167487046,4.770343191494923,68.70430599660347
round_2,SP,2024-09-15,16.208272025373716,20.64977441306204,5.61232394578917,70.75077429525297
round_2,SP,2024-09-22,15.681607303609688,19.55675498176568,6.032756052938198,75.41563538475434
round_2,SP,2024-09-29,16.983046442073977,20.97827665234414,6.315607701711741,75.96420566312635
round_2,TO,2023-06-25,21.704753422018705,26.56806812949746,1.3099621710999938,50.833958520295994
round_2,TO,2023-07-02,21.708441421795143,26.735300201623332,1.0213639155962375,51.25032779277076
round_2,TO,2023-07-09,21.85054748101172,26.912422125429693,1.4919234625842897,51.165984471358286
round_2,TO,2023-07-16,21.899808093254276,27.069440876474353,1.4973974976051267,50.10454263704501
round_2,TO,2023-07-23,21.689296619738244,27.05857843788395,1.0122335736960493,47.6005829921805
round_2,TO,2023-07-30,21.79622830405361,27.249048287440928,0.8974400536449404,45.34489999063721
round_2,TO,2023-08-06,21.603724978855784,27.420029440488474,0.7469355719585726,37.822469136583464
round_2,TO,2023-08-13,22.037518397847457,27.654620034485408,1.0285723037719825,37.52024303679797
round_2,TO,2023-08-20,22.675271732054895,28.23871575542636,1.0942154335676024,36.404372107830625
round_2,TO,2023-08-27,23.218086319457775,28.86325005280524,1.838912895386969,37.30712238332994
round_2,TO,2023-09-03,24.296362936224064,29.713014379496514,2.72455723785985,28.24618423374563
round_2,TO,2023-09-10,24.37788197525433,30.02137991156782,2.2522237736417607,25.918271482207036
round_2,TO,2023-09-17,24.66561028406793,30.12405813992893,3.309971322347288,30.07546113704841
round_2,TO,2023-09-24,24.717798813416657,29.650197476197107,5.080803020306152,38.41726926470208
round_2,TO,2023-10-01,28.028831697848517,32.910610082119796,5.717888417088206,22.53600145113568
round_2,TO,2023-10-08,28.008476358332334,32.66434637424004,5.329827282262852,24.1496742421834
round_2,TO,2023-10-15,27.78076106490759,32.10910209965157,5.647413045135897,28.709091119651085
round_2,TO,2023-10-22,27.61940599568473,31.61317071412521,6.52903853790248,35.06487089198261
round_2,TO,2023-10-29,27.32625625952736,30.815676546934924,6.859936379104064,41.10439610450223
round_2,TO,2023-11-05,29.18375035431614,32.50642763642771,6.929011911608705,34.13774792925458
round_2,TO,2023-11-12,28.971155385283225,32.39335194969833,6.834937883991063,35.206270670435636
round_2,TO,2023-11-19,29.08745001386273,32.37832087454173,6.945628275184143,35.81540743630711
round_2,TO,2023-11-26,28.910612636400252,32.016294028491984,6.906879976213332,37.420022397235094
round_2,TO,2023-12-03,27.774865815543404,30.963953442147027,6.843735082131212,48.12319855787007
round_2,TO,2023-12-10,27.51801118038126,30.508172638289096,6.955226371856221,50.17654519342516
round_2,TO,2023-12-17,27.52055579488456,30.68942281945032,6.955676372112402,49.23638424793864
round_2,TO,2023-12-24,27.47427193313547,30.41938881366727,6.73675226238332,50.65989569314699
round_2,TO,2023-12-31,27.333638337594273,30.34384362765267,6.971717005102533,50.58265145354229
round_2,TO,2024-01-07,22.364900953166647,25.354893540832116,6.98603916605067,83.38171744830586
round_2,TO,2024-01-14,22.42525202197316,25.5076913527949,6.904492013258056,82.10317076891887
round_2,TO,2024-01-21,22.353310766457135,25.25081296689343,6.987545338516739,84.2511865956157
round_2,TO,2024-01-28,22.432247430673097,25.46597219285903,6.989030557640387,83.13066646093493
round_2,TO,2024-02-04,22.427688357651512,25.357003139511388,6.924622556257361,83.36248442595111
round_2,TO,2024-02-11,22.32255526477298,25.273580958576176,6.9686650116151885,83.51779077389074
round_2,TO,2024-02-18,22.316555114525585,25.267085928843663,6.974666910124549,83.99151979513422
round_2,TO,2024-02-25,22.432499467139177,25.47651261956046,6.992552767238089,83.44738287376758
round_2,TO,2024-03-03,22.48142821924775,25.43568968333978,6.989476722044408,83.92259560541603
round_2,TO,2024-03-10,22.4176863742211,25.34419226543225,6.994200886783262,84.16853588416159
round_2,TO,2024-03-17,22.27817543129001,25.269775830905058,6.974577241372211,84.15916448348968
round_2,TO,2024-03-24,22.323175390273445,25.309353035731952,6.879715105962996,83.92694775734194
round_2,TO,2024-03-31,22.48514290192022,25.780999411649947,6.862168204610492,81.1851427933053
round_2,TO,2024-04-07,22.49029954318,25.65797749916059,6.875641072500245,81.54395748813529
round_2,TO,2024-04-14,22.439716788266946,25.64528188638726,6.727501781821825,81.41277901089623
round_2,TO,2024-04-21,22.442871611428917,25.96744600922438,6.308122523803312,77.49438619413638
round_2,TO,2024-04-28,22.49905047014634,26.120495493937952,6.1518714013028255,75.29828726747829
round_2,TO,2024-05-05,22.53389758217446,26.37185795717207,5.276710338893794,71.75320534067725
round_2,TO,2024-05-12,22.56636911330061,26.414813185068517,5.324784369625783,70.02846041585288
round_2,TO,2024-05-19,22.543908155360462,26.55185669481572,4.843900382243581,67.26761944969253
round_2,TO,2024-05-26,22.260418530717043,26.5565778244708,4.25013139163593,65.12760861094861
round_2,TO,2024-06-02,22.205490691460376,26.67716916074384,3.181539207327179,60.90111978936137
round_2,TO,2024-06-09,22.01375808177732,26.711368478267293,2.248935659479933,56.33669649774334
round_2,TO,2024-06-16,21.973876952031535,26.7768549988452,2.11054697256236,53.601720350723014
round_2,TO,2024-06-23,21.704753422018705,26.56806812949746,1.3099621710999938,50.833958520295994
round_2,TO,2024-06-30,21.701842006590784,26.728700786418976,1.0213639155962375,48.815301109941785
round_2,TO,2024-07-07,21.843948065807364,26.905822710225333,1.4919234625842897,48.73095778852931
round_2,TO,2024-07-14,21.89320867804992,27.06284146126999,1.4973974976051267,47.66951595421604
round_2,TO,2024-07-21,21.682697204533888,27.05197902267959,1.0122335736960493,45.16555630935152
round_2,TO,2024-07-28,21.78962888884925,27.24244887223657,0.8974400536449404,42.90987330780824
round_2,TO,2024-08-04,21.84764187021137,27.663946331844055,0.7469355719585726,41.30232543161097
round_2,TO,2024-08-11,22.28143528920304,27.898536925840983,1.0285723037719825,41.000099331825474
round_2,TO,2024-08-18,22.919188623410477,28.482632646781944,1.0942154335676024,39.884228402858135
round_2,TO,2024-08-25,23.462003210813357,29.107166944160824,1.838912895386969,40.78697867835745
round_2,TO,2024-09-01,23.705797626847513,29.12244907011996,2.72455723785985,43.294793626542194
round_2,TO,2024-09-08,23.787316665877775,29.430814602191266,2.2522237736417607,40.9668808750036
round_2,TO,2024-09-15,24.075044974691384,29.533492830552376,3.309971322347288,45.12407052984497
round_2,TO,2024-09-22,24.127233504040102,29.059632166820553,5.080803020306152,53.465878657498635
round_2,TO,2024-09-29,24.062353035203937,28.944131419475212,5.717888417088206,56.87206993256952
round_3,AC,2024-06-23,20.85897503931496,24.191424335400065,5.81073570661818,82.43880658495654
round_3,AC,2024-06-30,21.116696614416917,24.54489416270273,5.959583090222968,81.26453690741579
round_3,AC,2024-07-07,20.952734070180252,24.37418533083269,6.1043915908690005,82.9990292360734
round_3,AC,2024-07-14,20.65728666501591,24.395395006384273,5.591174584903186,80.69082817869138
round_3,AC,2024-07-21,20.91950164396021,24.843460753317043,5.383039697472707,77.80805748881536
round_3,AC,2024-07-28,21.07750292662046,25.281954601795587,4.775496105334256,75.50854329923804
round_3,AC,2024-08-04,20.980024301995872,25.128384835747912,5.0720826473474965,69.82198912351929
round_3,AC,2024-08-11,21.113942940031844,25.203772353698504,5.728637524706798,70.21771261786786
round_3,AC,2024-08-18,21.427268585837165,25.572011315204392,5.6694480659722375,68.68105795592305
round_3,AC,2024-08-25,21.61420227734906,25.49299847401326,6.063692889794491,70.55692412492624
round_3,AC,2024-09-01,22.48683901436388,26.396505769601607,6.179397499016251,64.11201435727658
round_3,AC,2024-09-08,22.740190801247277,26.39744195910347,6.902776631327089,67.89013740277356
round_3,AC,2024-09-15,22.92078714460018,26.642703859645263,6.763661153526646,67.42942533748612
round_3,AC,2024-09-22,22.809979931763323,26.359124257783456,6.843147972044946,68.94108602956682
round_3,AC,2024-09-29,23.14689926773738,26.436377605915283,6.967328087049341,71.75628237207503
round_3,AC,2024-10-06,24.038892704629287,27.212297892563427,7.0,73.6147482259829
round_3,AC,2024-10-13,23.843511689061188,26.89157276854349,6.968304439006814,74.88325171185505
round_3,AC,2024-10-20,23.996298669253264,26.898625612965724,6.999482636643102,76.04069964075867
round_3,AC,2024-10-27,23.823717917257976,26.6366601508214,6.881922284966055,75.762179070243
round_3,AC,2024-11-03,23.69334629565734,26.483954292362913,6.878020504945883,81.03786307303749
round_3,AC,2024-11-10,23.935262500005088,26.545546047322663,6.967941610920894,81.8021692223661
round_3,AC,2024-11-17,23.92825696439621,26.555188165092993,7.0,82.04906226427555
round_3,AC,2024-11-24,24.179269394651396,26.720009575837,6.999592554566027,82.14326751239969
round_3,AC,2024-12-01,23.62247755040995,26.036224079662183,7.0,87.17444371239243
round_3,AC,2024-12-08,23.70177498190047,26.14800566964516,7.0,86.76665817956383
round_3,AC,2024-12-15,23.5507585683856,25.95952095970544,7.0,86.94862251052477
round_3,AC,2024-12-22,23.62402442047367,25.97899127539252,6.76,87.09256859774013
round_3,AC,2024-12-29,23.538278220272858,25.91590604129775,6.999073738200667,86.67622043101132
round_3,AC,2025-01-05,22.89056824661955,25.311259204274094,6.986378311389324,87.6722953794964
round_3,AC,2025-01-12,22.75254433427433,25.029989569708547,6.9992262532056655,89.29265055492031
round_3,AC,2025-01-19,22.850915333456314,25.182039767755136,7.0,88.82855157490224
round_3,AC,2025-01-26,22.96733069387285,25.27782962361217,7.0,88.5223467736085
round_3,AC,2025-02-02,22.93797674791926,25.23293416032878,6.998369961961708,88.91993406075206
round_3,AC,2025-02-09,22.8452421864432,25.11208516882682,7.0,89.3874359044313
round_3,AC,2025-02-16,22.762162027505557,24.937163617015077,7.0,90.11239821727185
round_3,AC,2025-02-23,22.73864734974875,25.056700745071726,6.962637804001031,89.01858697353408
round_3,AC,2025-03-02,22.8748207181309,25.17587115551956,7.0,89.6335197890584
round_3,AC,2025-03-09,22.854978286417932,25.248456885993033,7.0,88.75816581967963
round_3,AC,2025-03-16,22.69550753937871,24.89403086383364,7.0,90.5115696958578
round_3,AC,2025-03-23,22.5120196995311,24.76475960081181,7.0,90.3155762485302
round_3,AC,2025-03-30,22.687394780265706,24.954196224975785,6.939927360884333,90.15664026457516
round_3,AC,2025-04-06,22.636427849192746,24.98566990765941,6.899192421288778,89.34863829208652
round_3,AC,2025-04-13,22.47228929435512,24.8730394786835,6.987211580647059,88.79874909609595
round_3,AC,2025-04-20,22.17058163103503,24.59879034942503,6.872541193072599,89.32151624321634
round_3,AC,2025-04-27,22.05378102525892,24.566413343059903,6.910762846404002,88.47968178825975
round_3,AC,2025-05-04,21.642788579551205,24.241327240130364,6.38625157739051,86.6894208235513
round_3,AC,2025-05-11,21.775200832822776,24.325141676193148,6.70192439380713,88.0612311868102
round_3,AC,2025-05-18,21.62794022650068,24.229177134889586,6.931207772294917,88.47911182893624
round_3,AC,2025-05-25,21.28226046886604,23.95421505780954,6.748394159923651,87.77398051612863
round_3,AC,2025-06-01,21.214240940296616,23.926105527807625,6.770138267606844,87.83986479057099
round_3,AC,2025-06-08,21.10656398472524,24.07290912635084,6.660436739290706,86.56459389226771
round_3,AC,2025-06-15,20.647808038216624,23.880871905456072,6.304225687832723,84.06686550917745
round_3,AC,2025-06-22,20.85897503931496,24.191424335400065,5.81073570661818,82.43880658495654
round_3,AC,2025-06-29,21.116696614416917,24.54489416270273,5.959583090222968,81.26453690741579
round_3,AC,2025-07-06,20.88972928982239,24.311180550474827,6.1043915908690005,80.09306672108382
round_3,AC,2025-07-13,20.594281884658052,24.33239022602641,5.591174584903186,77.7848656637018
round_3,AC,2025-07-20,20.856496863602352,24.78045597295918,5.383039697472707,74.90209497382578
round_3,AC,2025-07-27,21.0144981462626,25.218949821437725,4.775496105334256,72.60258078424846
round_3,AC,2025-08-03,21.523716838148317,25.672077371900357,5.0720826473474965,72.65517898556223
round_3,AC,2025-08-10,21.65763547618428,25.747464889850946,5.728637524706798,73.05090247991082
round_3,AC,2025-08-17,21.970961121989603,26.11570385135683,5.6694480659722375,71.51424781796601
round_3,AC,2025-08-24,22.157894813501507,26.0366910101657,6.063692889794491,73.39011398696921
round_3,AC,2025-08-31,22.4346461315716,26.344312886809323,6.179397499016251,74.06385270890705
round_3,AC,2025-09-07,22.687997918454997,26.345249076311188,6.902776631327089,77.84197575440403
round_3,AC,2025-09-14,22.868594261807896,26.590510976852983,6.763661153526646,77.38126368911661
round_3,AC,2025-09-21,22.757787048971043,26.30693137499117,6.843147972044946,78.89292438119729
round_3,AC,2025-09-28,23.094706384945095,26.38418472312301,6.967328087049341,81.70812072370549
round_3,AL,2024-06-23,21.110986536126365,23.04455679501951,7.0,83.7026866403325
round_3,AL,2024-06-30,20.937356657977073,22.90095525893355,6.995612646110589,83.89205974507593
round_3,AL,2024-07-07,22.297087662481378,24.329973000357057,6.996664568875443,82.92362263767835
round_3,AL,2024-07-14,22.07203006759303,24.24687368652247,6.9737493692137384,81.185220257925
round_3,AL,2024-07-21,22.0951082992974,24.17123331269468,6.99153961161781,80.76767644819398
round_3,AL,2024-07-28,21.867991530189137,24.02001760237572,6.975751054794679,80.51374772889213
round_3,AL,2024-08-04,20.930512857142375,23.274269299076817,6.946253168420242,80.29904989068642
round_3,AL,2024-08-11,20.88754662050258,23.141278362985645,6.96705532466398,80.33921171807683
round_3,AL,2024-08-18,21.1798048343785,23.454449858931376,6.976964684455771,80.48890997551426
round_3,AL,2024-08-25,21.29658579795382,23.71907902198191,6.962641554336001,79.37143373583667
round_3,AL,2024-09-01,20.49369772071066,22.943360687150417,6.914137105093649,78.42425919645217
round_3,AL,2024-09-08,20.64521268377041,22.996009027853404,6.958890096645355,78.77890983494528
round_3,AL,2024-09-15,20.80318626930633,23.38432516407932,6.8371407157369735,77.49884456660989
round_3,AL,2024-09-22,21.170113559978027,23.896204584047176,6.74482298605833,75.92216759222431
round_3,AL,2024-09-29,21.53558307901777,24.270762513551265,6.727797280923119,74.74615906953979
round_3,AL,2024-10-06,21.30952179164274,23.882051163118856,6.855531175330223,74.27593621354018
round_3,AL,2024-10-13,21.451008967640337,24.152559258057416,6.882552514120505,73.8432831804869
round_3,AL,2024-10-20,21.67672343216068,24.5019122286654,6.714968257841827,72.96585585018538
round_3,AL,2024-10-27,21.92572107775447,24.933890194092296,6.607469497680943,71.22400028644468
round_3,AL,2024-11-03,22.35799502262422,25.23286586439145,6.618839329476791,71.44004502853835
round_3,AL,2024-11-10,22.356761383978657,25.40659122192576,6.463857227972261,69.94246054113043
round_3,AL,2024-11-17,22.533256098923996,25.577041100142175,6.604480662649505,70.07503005942134
round_3,AL,2024-11-24,22.646288069013124,25.640829810496115,6.668409233117075,69.96681153936152
round_3,AL,2024-12-01,23.44019593813654,26.56632751800271,6.439409732571464,66.73125495771033
round_3,AL,2024-12-08,23.48874680292894,26.421167811115104,6.605002135048493,66.65929413721202
round_3,AL,2024-12-15,23.48944707703266,26.299807389051495,6.838570114143852,67.84604167739528
round_3,AL,2024-12-22,23.441151644920737,26.36145921722467,6.56491516519873,67.73506099557923
round_3,AL,2024-12-29,23.53718361560228,26.447689783820092,6.680856718479109,67.90686172551406
round_3,AL,2025-01-05,23.318307428893792,26.192662959725073,6.804337516082721,73.23501924153568
round_3,AL,2025-01-12,23.287087451862543,26.096861997872608,6.856205918441355,74.19308150747008
round_3,AL,2025-01-19,23.395757314986792,26.309916099246088,6.810720878476724,73.51990246632741
round_3,AL,2025-01-26,23.419861314216096,26.376089475622567,6.8298595897726315,73.42373115956738
round_3,AL,2025-02-02,23.50168002272232,26.433370268157244,6.889373171289052,73.7323370310754
round_3,AL,2025-02-09,23.48196028895478,26.315897884561192,6.957420281863658,74.35366238108101
round_3,AL,2025-02-16,23.394598832905764,26.18398520768674,6.939652364843048,76.39237754589793
round_3,AL,2025-02-23,23.543790397189102,26.43658880972979,6.883706365528581,74.8561541197053
round_3,AL,2025-03-02,23.609687493276663,26.51672512520252,6.813462578799124,74.78146655797461
round_3,AL,2025-03-09,23.4899535121755,26.410305408197026,6.874810025185914,75.28259983918414
round_3,AL,2025-03-16,23.397664420373765,26.115618525317732,6.934869860359756,78.05554935514942
round_3,AL,2025-03-23,23.44726762060249,26.121423796557742,6.923757718464206,78.3170292187055
round_3,AL,2025-03-30,23.34199176923362,26.038523166239273,6.94531035304988,77.83302728899363
round_3,AL,2025-04-06,23.31950039198319,26.00062834106918,6.936000295574333,78.54697350820138
round_3,AL,2025-04-13,23.180382699813748,25.785294356469567,6.907312409651123,79.24359485001679
round_3,AL,2025-04-20,22.96265498657124,25.408359207389037,6.929128055717003,80.32220798309957
round_3,AL,2025-04-27,22.824110112586144,25.08554345506401,6.9216820787568984,81.83457747855223
round_3,AL,2025-05-04,22.66368478839149,24.987686218322803,6.932113654540667,81.29550763931681
round_3,AL,2025-05-11,22.542425395384253,24.832168105483845,6.8964144846326185,81.83465422162664
round_3,AL,2025-05-18,22.303815207292526,24.44920328730269,6.97325367729244,83.15586119595532
round_3,AL,2025-05-25,22.177850384448,24.273190041101863,6.936361802854403,83.6426932586774
round_3,AL,2025-06-01,21.83221322458114,23.93203890386028,6.9840592539604485,83.80840329296171
round_3,AL,2025-06-08,21.68761883990889,23.607440316901993,6.996474083843758,83.47843331403939
round_3,AL,2025-06-15,21.454120822932342,23.394643625001507,7.0,83.60367560493385
round_3,AL,2025-06-22,21.110986536126365,23.04455679501951,7.0,83.7026866403325
round_3,AL,2025-06-29,20.937356657977073,22.90095525893355,6.995612646110589,83.89205974507593
round_3,AL,2025-07-06,20.81986649115296,22.85275182902863,6.996664568875443,83.61839250226589
round_3,AL,2025-07-13,20.59480889626461,22.76965251519405,6.9737493692137384,81.87999012251255
round_3,AL,2025-07-20,20.617887127968984,22.69401214136626,6.99153961161781,81.46244631278154
round_3,AL,2025-07-27,20.39077035886072,22.5427964310473,6.975751054794679,81.20851759347967
round_3,AL,2025-08-03,20.34738213490966,22.691138576844107,6.946253168420242,79.82484269987967
round_3,AL,2025-08-10,20.30441589826987,22.55814764075293,6.96705532466398,79.86500452727009
round_3,AL,2025-08-17,20.59667411214579,22.871319136698663,6.976964684455771,80.01470278470751
round_3,AL,2025-08-24,20.71345507572111,23.135948299749195,6.962641554336001,78.89722654502992
round_3,AL,2025-08-31,20.773918709463683,23.223581675903436,6.914137105093649,78.14346777862464
round_3,AL,2025-09-07,20.925433672523436,23.27623001660643,6.958890096645355,78.49811841711777
round_3,AL,2025-09-14,21.083407258059356,23.664546152832337,6.8371407157369735,77.21805314878237
round_3,AL,2025-09-21,21.450334548731053,24.1764255728002,6.74482298605833,75.6413761743968
round_3,AL,2025-09-28,21.815804067770795,24.55098350230429,6.727797280923119,74.46536765171226
round_3,AM,2024-06-23,23.07605023462385,25.530180315839555,6.885703760275478,86.39862857587094
round_3,AM,2024-06-30,23.097576083034017,25.48498071638967,6.922528160376427,87.28046364663884
round_3,AM,2024-07-07,23.734116264310146,26.17478619816404,6.924648277789297,86.99519159933281
round_3,AM,2024-07-14,23.708368990714902,26.33854784309038,6.875999799611997,85.47298120928828
round_3,AM,2024-07-21,23.86690990525399,26.639850288298376,6.739895822534904,83.98245557399255
round_3,AM,2024-07-28,23.918563704549825,26.82546655184809,6.630041324047918,83.30389139734626
round_3,AM,2024-08-04,23.75484842906071,26.78947867936674,6.696420929886721,80.47763564646031
round_3,AM,2024-08-11,23.82905274847447,26.72930595387581,6.890929660340021,81.80204893191042
round_3,AM,2024-08-18,23.963740709438643,26.993156916801535,6.705818224787518,80.3767303020585
round_3,AM,2024-08-25,24.042086143503617,27.044513312288753,6.938778765474149,80.90182623752969
round_3,AM,2024-09-01,24.329747745171304,27.265478628489824,6.85047262027291,79.96683217703578
round_3,AM,2024-09-08,24.611936670142832,27.61316862244378,6.725476120121116,78.53314690586679
round_3,AM,2024-09-15,24.608358319477823,27.60035319207032,6.988853446257141,79.50663689067788
round_3,AM,2024-09-22,24.801758066088816,27.78613794915816,6.8045280110495705,78.72874120118777
round_3,AM,2024-09-29,24.976695983026243,28.042957282604615,6.9070250572933825,77.50440088096175
round_3,AM,2024-10-06,25.49321775990327,28.37281202678664,6.864828313066223,78.69443986481157
round_3,AM,2024-10-13,25.19338120122099,27.87253611599942,6.967448982047456,81.45683109258391
round_3,AM,2024-10-20,25.32531202018059,28.085704564171053,6.954148421177016,80.74331060057091
round_3,AM,2024-10-27,25.345561508902353,27.974080568770315,6.94993363979277,81.02910041819462
round_3,AM,2024-11-03,25.47607573318158,27.960921462154428,6.988798779206667,82.2636134744997
round_3,AM,2024-11-10,25.5707727049205,28.044525830464693,6.936890688961412,82.06123075647811
round_3,AM,2024-11-17,25.533583753296135,28.000496299848656,6.996475074370328,82.12164208558825
round_3,AM,2024-11-24,25.51291217182183,27.89955532585636,6.993619063254734,82.72970063377757
round_3,AM,2024-12-01,25.39575082604208,27.794535472360064,6.987176276574936,84.09786316243468
round_3,AM,2024-12-08,25.17440127845401,27.334711711812233,6.999795109437458,86.03242987298127
round_3,AM,2024-12-15,24.992006075823756,27.055245843663133,7.0,86.89069072566924
round_3,AM,2024-12-22,24.912887033815803,26.95092016893443,6.76,87.24596746151094
round_3,AM,2024-12-29,24.88761746227907,26.93841635454014,6.999678157429998,86.4663551798762
round_3,AM,2025-01-05,23.69561941163107,25.79409750894956,6.9981126689645725,87.46551192862076
round_3,AM,2025-01-12,23.58300127626068,25.600207618863468,7.0,88.33717214183675
round_3,AM,2025-01-19,23.726090226097963,25.852767488961668,6.998244184582804,87.11285990641359
round_3,AM,2025-01-26,23.75762725034326,25.75727706141843,6.999522660041984,87.81689681438557
round_3,AM,2025-02-02,23.741509231454422,25.80538927053663,6.9974255186023,87.2750757825279
round_3,AM,2025-02-09,23.68881203580314,25.739780428951576,6.999691865265215,87.618634282136
round_3,AM,2025-02-16,23.695417101337092,25.706476419598463,6.915436836590757,87.74321404103716
round_3,AM,2025-02-23,23.569314575998817,25.55958027731637,7.0,88.98496752207085
round_3,AM,2025-03-02,23.59048715696351,25.5655610034179,7.0,89.181451292949
round_3,AM,2025-03-09,23.76002182870323,25.84096933266127,7.0,87.87865530892716
round_3,AM,2025-03-16,23.635144037902887,25.6539275096374,7.0,88.85422250019583
round_3,AM,2025-03-23,23.577565620040943,25.573108093516208,7.0,89.29581335157681
round_3,AM,2025-03-30,23.646597154243626,25.670731900884956,6.9991830741093155,89.21526241629122
round_3,AM,2025-04-06,23.70808146097148,25.75954986664949,6.998585973395137,88.94589938299231
round_3,AM,2025-04-13,23.540960906978977,25.495365391284583,7.0,90.00980496683158
round_3,AM,2025-04-20,23.47509028992263,25.411329710782923,6.999568004191024,90.23910444502944
round_3,AM,2025-04-27,23.46840084931179,25.449668593441764,6.998690425063217,90.00046487780946
round_3,AM,2025-05-04,23.492734153217555,25.48230870069609,6.977666021229096,89.52562133383333
round_3,AM,2025-05-11,23.520821902503005,25.585867364232932,6.98694101465748,89.31540506786602
round_3,AM,2025-05-18,23.501817733408455,25.608579713708416,6.998897440216808,88.893241576718
round_3,AM,2025-05-25,23.32283312336325,25.448059201828737,6.986154697687162,88.96431072984142
round_3,AM,2025-06-01,23.239448749611125,25.45080127187568,6.993144221976224,88.56912697238548
round_3,AM,2025-06-08,23.124795362132,25.38712067565691,6.987277944176438,88.36098715634243
round_3,AM,2025-06-15,23.086833094767854,25.44344999024624,6.963558909444986,87.36586250131248
round_3,AM,2025-06-22,23.07605023462385,25.530180315839555,6.885703760275478,86.39862857587094
round_3,AM,2025-06-29,23.097576083034017,25.48498071638967,6.922528160376427,87.28046364663884
round_3,AM,2025-07-06,23.11552431128111,25.556194245135,6.924648277789297,86.60370867334255
round_3,AM,2025-07-13,23.089777037685863,25.71995589006134,6.875999799611997,85.08149828329802
round_3,AM,2025-07-20,23.24831795222496,26.02125833526934,6.739895822534904,83.59097264800229
round_3,AM,2025-07-27,23.299971751520783,26.206874598819052,6.630041324047918,82.91240847135599
round_3,AM,2025-08-03,23.637032104746265,26.67166235505229,6.696420929886721,80.94692991155529
round_3,AM,2025-08-10,23.71123642416002,26.611489629561355,6.890929660340021,82.2713431970054
round_3,AM,2025-08-17,23.84592438512419,26.875340592487085,6.705818224787518,80.84602456715349
round_3,AM,2025-08-24,23.924269819189167,26.9266969879743,6.938778765474149,81.37112050262468
round_3,AM,2025-08-31,23.86027409861306,26.796004981931585,6.85047262027291,82.33211048125547
round_3,AM,2025-09-07,24.14246302358459,27.143694975885538,6.725476120121116,80.89842521008647
round_3,AM,2025-09-14,24.138884672919584,27.13087954551208,6.988853446257141,81.87191519489758
round_3,AM,2025-09-21,24.332284419530573,27.31666430259992,6.8045280110495705,81.09401950540745
round_3,AM,2025-09-28,24.507222336468,27.573483636046376,6.9070250572933825,79.86967918518144
round_3,AP,2024-06-23,23.170449255351805,25.410613978763887,7.0,87.38066290311936
round_3,AP,2024-06-30,23.062916813357106,25.34453020219085,7.0,87.46387570403265
round_3,AP,2024-07-07,23.676285970237625,25.974593731454036,7.0,87.55674690359842
round_3,AP,2024-07-14,23.76755718716412,26.20482276052729,7.0,86.19213553956257
round_3,AP,2024-07-21,23.81689057346994,26.287837883606205,6.999024044130502,85.90420148777096
round_3,AP,2024-07-28,23.97557564353784,26.54802093701304,7.0,84.64225254256375
round_3,AP,2024-08-04,23.80285670866731,26.44620493126035,6.999024044130502,83.85438675898092
round_3,AP,2024-08-11,23.93698633157491,26.69876288665388,6.989960120700079,82.59742947922263
round_3,AP,2024-08-18,24.085567675304304,26.943044774900617,6.998409312306292,80.95649241311365
round_3,AP,2024-08-25,24.152079206004036,27.22878787277438,6.987662741971548,78.41976141255374
round_3,AP,2024-09-01,24.40860615676826,27.563614129594185,6.996456470642693,75.96755435842647
round_3,AP,2024-09-08,24.49908905068343,27.73088115222344,6.917014871767531,75.02287776759856
round_3,AP,2024-09-15,24.610172300431312,27.9608414348972,6.985413925972215,73.50702733138569
round_3,AP,2024-09-22,24.683671332353967,28.21723869916973,6.853274843142384,71.33403538730037
round_3,AP,2024-09-29,24.78253431683878,28.373273675168367,6.983206853255004,70.6688568120436
round_3,AP,2024-10-06,25.24217169578444,28.788063495408185,6.9736441286007205,65.2218522860909
round_3,AP,2024-10-13,25.19951891975138,28.763769078270307,6.9242351680125775,65.53212652777724
round_3,AP,2024-10-20,25.2220730056445,28.83028663576194,6.920364098545557,65.17723916320895
round_3,AP,2024-10-27,25.266697862474487,28.70858533228515,6.971908630981533,66.78712157626822
round_3,AP,2024-11-03,25.99658734735708,29.31965328966562,6.979794288279106,61.87512541960873
round_3,AP,2024-11-10,26.02577705499587,29.37815168059568,6.947565994682484,61.503584463008856
round_3,AP,2024-11-17,25.95623165152904,29.22690276416671,6.899331993828607,62.377324187192926
round_3,AP,2024-11-24,25.892571400667563,28.92381521129311,6.961432823693321,64.5981394481066
round_3,AP,2024-12-01,27.11325519494265,29.974723163388628,6.979295487055243,61.97565949699618
round_3,AP,2024-12-08,26.921513979094577,29.501980447679923,6.997523869098027,64.70547889906116
round_3,AP,2024-12-15,26.6664766010195,28.942662642924297,6.971784796022072,68.20790458867553
round_3,AP,2024-12-22,26.61344384391117,28.80720993277973,6.759999999999999,68.75986847246392
round_3,AP,2024-12-29,26.349695088975352,28.316151435566223,7.0,71.04640402257951
round_3,AP,2025-01-05,23.301858430805193,25.26064408690349,7.0,86.9001536316581
round_3,AP,2025-01-12,23.187249192638753,25.07172573963493,7.0,87.95804243177514
round_3,AP,2025-01-19,23.17882113345162,25.02961874666357,7.0,87.88974393678708
round_3,AP,2025-01-26,23.202380569762152,24.984259166884627,6.998698998285219,88.59980337404845
round_3,AP,2025-02-02,23.176657342588655,24.95169600054414,7.0,88.1523786268014
round_3,AP,2025-02-09,23.025129403062447,24.73293957878135,7.0,89.55030683874062
round_3,AP,2025-02-16,23.05461827684653,24.778971666563397,7.0,89.64760943363694
round_3,AP,2025-02-23,23.10531348071629,24.900327823019584,6.999063082365281,88.99041978807851
round_3,AP,2025-03-02,23.018194207560946,24.79120610323155,7.0,89.84449777520801
round_3,AP,2025-03-09,23.1639356863862,25.065418330814037,7.0,87.7453468449387
round_3,AP,2025-03-16,23.125079772909935,25.0406760828182,7.0,88.19489483779759
round_3,AP,2025-03-23,23.129002517038433,24.97587637714837,7.0,89.38224758282838
round_3,AP,2025-03-30,23.213834520417336,25.059535053348803,7.0,89.44375202175847
round_3,AP,2025-04-06,23.220464730931365,25.08426004266459,7.0,89.57168781624405
round_3,AP,2025-04-13,23.189965067605165,25.00315117257753,7.0,90.63235814698017
round_3,AP,2025-04-20,23.213136623432792,25.030640792560742,7.0,90.90444249792768
round_3,AP,2025-04-27,23.179771149467225,24.977027809778875,7.0,91.53185514000218
round_3,AP,2025-05-04,23.2851599403162,25.06746950719062,7.0,91.43277321403518
round_3,AP,2025-05-11,23.43311407081349,25.328326589418097,7.0,90.0720317892015
round_3,AP,2025-05-18,23.48272746218191,25.49191494509141,7.0,88.94840177246888
round_3,AP,2025-05-25,23.32301696702877,25.40082276028262,7.0,88.98992189153961
round_3,AP,2025-06-01,23.27373729482772,25.416965388139015,7.0,88.25225123495653
round_3,AP,2025-06-08,23.15640688097656,25.23420349112188,7.0,89.03172399560864
round_3,AP,2025-06-15,23.197717507910472,25.458670424577356,7.0,87.33521298476005
round_3,AP,2025-06-22,23.170449255351805,25.410613978763887,7.0,87.38066290311936
round_3,AP,2025-06-29,23.062916813357106,25.34453020219085,7.0,87.46387570403265
round_3,AP,2025-07-06,23.166783449879457,25.46509121109587,7.0,86.87036207133576
round_3,AP,2025-07-13,23.25805466680595,25.69532024016912,7.0,85.50575070729994
round_3,AP,2025-07-20,23.307388053111776,25.778335363248033,6.999024044130502,85.2178166555083
round_3,AP,2025-07-27,23.466073123179672,26.03851841665487,7.0,83.95586771030112
round_3,AP,2025-08-03,23.60059639433397,26.24394461692701,6.999024044130502,82.47286978283589
round_3,AP,2025-08-10,23.73472601724157,26.49650257232053,6.989960120700079,81.2159125030776
round_3,AP,2025-08-17,23.883307360970957,26.74078446056727,6.998409312306292,79.57497543696863
round_3,AP,2025-08-24,23.949818891670695,27.02652755844104,6.987662741971548,77.0382444364087
round_3,AP,2025-08-31,24.072333449956208,27.227341422782132,6.996456470642693,75.50151137645106
round_3,AP,2025-09-07,24.162816343871384,27.39460844541139,6.917014871767531,74.55683478562315
round_3,AP,2025-09-14,24.27389959361926,27.624568728085144,6.985413925972215,73.04098434941028
round_3,AP,2025-09-21,24.347398625541917,27.880965992357677,6.853274843142384,70.86799240532497
round_3,AP,2025-09-28,24.446261610026735,28.037000968356317,6.983206853255004,70.20281383006821
round_3,BA,2024-06-23,19.47730402783923,22.07056600089568,6.411941430898151,76.967959739073
round_3,BA,2024-06-30,19.207557100546502,21.975305058821593,6.262067177543374,75.94949553969413
round_3,BA,2024-07-07,20.061667334905593,22.89951708801869,6.276203392189416,77.4309548364148
round_3,BA,2024-07-14,19.99660551320708,22.87727839558798,6.221703034544788,76.66130288455277
round_3,BA,2024-07-21,19.860827353479504,22.76732768925417,6.278406698730615,76.26012093161442
round_3,BA,2024-07-28,19.74172690943111,22.687590600872195,6.203374977397142,75.36282799813984
round_3,BA,2024-08-04,18.659285107055556,21.8790430680764,6.069915862675133,74.39710366449187
round_3,BA,2024-08-11,18.65661000785319,21.710407361540113,6.204896435256661,74.38293545602565
round_3,BA,2024-08-18,18.984057090566075,22.084130424180422,6.317976880966306,75.28889844374407
round_3,BA,2024-08-25,19.15492402905648,22.50061353020579,6.118829408544706,73.23263853182591
round_3,BA,2024-09-01,18.382155832195576,21.796344404106527,6.092999421622366,71.99430638720322
round_3,BA,2024-09-08,18.521051877016795,22.002190981382014,6.1147238923176195,71.23143454286766
round_3,BA,2024-09-15,18.93207563213972,22.53506484841269,6.062021889451666,70.29117356928559
round_3,BA,2024-09-22,19.482997181700306,23.05384161413192,6.182974509669563,70.48879092055404
round_3,BA,2024-09-29,19.855084133773666,23.584717096151746,6.016193410955588,69.2999790518347
round_3,BA,2024-10-06,20.03821998538363,23.549130319398124,6.2538439512577595,65.58344160649142
round_3,BA,2024-10-13,20.205169772482073,23.6944023326211,6.284734806917515,66.06391756321521
round_3,BA,2024-10-20,20.640532686154,24.146084682533697,6.378854606850813,66.33064668266869
round_3,BA,2024-10-27,20.995337007279772,24.344348616306284,6.539479566265415,67.45140122196818
round_3,BA,2024-11-03,21.939976012892895,25.08021424253692,6.567713615248889,63.81513089796106
round_3,BA,2024-11-10,22.15113641630159,25.45855104504668,6.536686458779324,63.1001003206631
round_3,BA,2024-11-17,22.242497535729477,25.549299890594245,6.609101832748556,62.755999204722706
round_3,BA,2024-11-24,22.25305684331976,25.325618388788843,6.655993037837795,65.04979790476129
round_3,BA,2024-12-01,23.110509510152387,26.35717780064089,6.641928310649332,63.41440268677289
round_3,BA,2024-12-08,22.995161712556115,26.142047907246805,6.7155749673955105,63.6802714369873
round_3,BA,2024-12-15,22.87245432286851,26.092090769053975,6.62926680710643,63.5187650158975
round_3,BA,2024-12-22,23.031773177000517,26.30471526235123,6.419869862566777,62.62930503378305
round_3,BA,2024-12-29,23.02228048512242,26.279481799010416,6.717549128532196,63.29575077356426
round_3,BA,2025-01-05,22.332093841928753,25.543338488575905,6.829307608361301,73.0770921812462
round_3,BA,2025-01-12,22.28695248450551,25.529637063843747,6.7260463721771195,72.9584059009764
round_3,BA,2025-01-19,22.44177065090698,25.65346070859978,6.806384094684563,73.58113570954605
round_3,BA,2025-01-26,22.384439910257814,25.769766437278392,6.746918559730979,72.26300741715104
round_3,BA,2025-02-02,22.521609910342335,25.716723875179422,6.845307240394505,73.51990221646163
round_3,BA,2025-02-09,22.42549339656804,25.649820003192023,6.849016383353976,73.7048801918649
round_3,BA,2025-02-16,22.47847822187234,25.62861507882028,6.909486459590752,74.85089428425586
round_3,BA,2025-02-23,22.52134836570741,25.806844100788418,6.81277611905806,73.81003514309378
round_3,BA,2025-03-02,22.637557283664947,25.936167426237223,6.743600212033693,73.7192278185587
round_3,BA,2025-03-09,22.53103516086504,25.73206968668265,6.834403547701115,74.62806112126225
round_3,BA,2025-03-16,22.49131625513166,25.59557660318594,6.834152130622115,75.36469228548559
round_3,BA,2025-03-23,22.41634451808252,25.408613586213615,6.8347132019811125,76.34694092934491
round_3,BA,2025-03-30,22.28262428692728,25.382294809572983,6.6896282949206345,75.56845658510125
round_3,BA,2025-04-06,22.29370758622359,25.250341522735845,6.759758064409477,76.49487667548748
round_3,BA,2025-04-13,22.119954332948357,24.848687648460583,6.854421293760584,78.05807818950487
round_3,BA,2025-04-20,21.811682030062112,24.607211031059332,6.677157703853123,77.06582114469244
round_3,BA,2025-04-27,21.49048896728724,24.237938438347975,6.635588731631052,77.24778667740416
round_3,BA,2025-05-04,21.328648884761925,24.121207755962832,6.550779714938257,76.8807948672094
round_3,BA,2025-05-11,21.059488430517103,23.862414202916316,6.425652568356007,76.453392505286
round_3,BA,2025-05-18,20.82732851636891,23.48469168778319,6.4223050872642355,77.27686901191656
round_3,BA,2025-05-25,20.64659575315102,23.462002022583153,6.3379512169858465,76.91889501307378
round_3,BA,2025-06-01,20.385595426392317,23.10824696352824,6.307916602419296,77.01081472777767
round_3,BA,2025-06-08,20.05067410155211,22.634272319428018,6.406264677624124,77.24593220041979
round_3,BA,2025-06-15,19.83090146088192,22.524307583658345,6.3535801251620585,76.58719508039567
round_3,BA,2025-06-22,19.47730402783923,22.07056600089568,6.411941430898151,76.967959739073
round_3,BA,2025-06-29,19.207557100546502,21.975305058821593,6.262067177543374,75.94949553969413
round_3,BA,2025-07-06,19.17407834499968,22.01192809811278,6.276203392189416,75.87893451645908
round_3,BA,2025-07-13,19.109016523301168,21.98968940568207,6.221703034544788,75.10928256459704
round_3,BA,2025-07-20,18.973238363573596,21.87973869934826,6.278406698730615,74.70810061165871
round_3,BA,2025-07-27,18.854137919525197,21.800001610966284,6.203374977397142,73.81080767818412
round_3,BA,2025-08-03,18.840135142694223,22.059893103715066,6.069915862675133,72.64952488120016
round_3,BA,2025-08-10,18.837460043491856,21.89125739717878,6.204896435256661,72.63535667273395
round_3,BA,2025-08-17,19.164907126204746,22.26498045981909,6.317976880966306,73.54131966045237
round_3,BA,2025-08-24,19.335774064695144,22.681463565844457,6.118829408544706,71.48505974853423
round_3,BA,2025-08-31,19.46312030431742,22.877308876228376,6.092999421622366,70.80907357373516
round_3,BA,2025-09-07,19.602016349138637,23.083155453503867,6.1147238923176195,70.04620172939958
round_3,BA,2025-09-14,20.013040104261563,23.616029320534533,6.062021889451666,69.10594075581751
round_3,BA,2025-09-21,20.563961653822147,24.13480608625376,6.182974509669563,69.30355810708596
round_3,BA,2025-09-28,20.93604860589551,24.665681568273587,6.016193410955588,68.11474623836662
round_3,CE,2024-06-23,22.47930937415802,25.587050461967006,6.3980381768901005,70.53502402607204
round_3,CE,2024-06-30,22.518220168046245,25.63622120560108,6.495558216083803,70.27356116060929
round_3,CE,2024-07-07,23.60197549587713,26.81083389867352,6.218290462793818,70.14021042649583
round_3,CE,2024-07-14,23.496922687030057,27.02330457264481,5.812784888343405,67.09181477943274
round_3,CE,2024-07-21,23.536999382035493,27.144242883581256,5.495338335004165,65.3526009397831
round_3,CE,2024-07-28,23.500065263280103,27.257567183634055,5.389451954017383,63.57085334217085
round_3,CE,2024-08-04,23.190097004720624,27.117165022329385,4.778911460223629,59.17751131244019
round_3,CE,2024-08-11,23.27916561032688,27.26820090049702,4.666076112469786,57.672211797227774
round_3,CE,2024-08-18,23.494865744531783,27.45004239516329,4.7007105764592945,57.92661339803866
round_3,CE,2024-08-25,23.573772271404916,27.598130395680627,4.73802744307196,58.35197291473301
round_3,CE,2024-09-01,23.259920810808737,27.243656910183773,4.776502159134832,56.31934535438169
round_3,CE,2024-09-08,23.39952882896271,27.427067283900577,4.407937203945206,55.60267787192752
round_3,CE,2024-09-15,23.560919953073963,27.546059344713154,4.861640240838584,56.561007041808814
round_3,CE,2024-09-22,23.79305778369248,27.68539900826313,5.278796496129611,56.82277685820819
round_3,CE,2024-09-29,23.96655472191175,27.87458338693249,5.032248687069948,56.408981438278595
round_3,CE,2024-10-06,24.14338376378243,27.9414117600065,5.5199986636222,55.54742160838427
round_3,CE,2024-10-13,24.25742226936569,27.91938252266939,5.583438875172676,56.74614327471524
round_3,CE,2024-10-20,24.32703668719575,27.99034888137353,5.821408696841761,56.86043138473038
round_3,CE,2024-10-27,24.410240704847013,27.99311943083216,6.027694069855877,57.53764444371746
round_3,CE,2024-11-03,24.70131913469046,28.225414156807545,6.0901029985498365,57.31541432471688
round_3,CE,2024-11-10,24.738870192983505,28.32662006487494,6.138316397010369,56.81982560569451
round_3,CE,2024-11-17,24.880131102373657,28.410848044765928,6.1867760417812985,57.446951608749586
round_3,CE,2024-11-24,24.910736034963797,28.300411707023834,6.525904731547017,58.604086760835465
round_3,CE,2024-12-01,25.5557237276233,28.968608351195503,6.546145721533966,55.75246382685996
round_3,CE,2024-12-08,25.466692529761858,28.73407161597607,6.759179361896142,56.949339429550186
round_3,CE,2024-12-15,25.45732531208819,28.635150170228933,6.7957857428555934,58.509941783192026
round_3,CE,2024-12-22,25.36676177166928,28.558182406668173,6.549242908170993,59.132389877365014
round_3,CE,2024-12-29,25.246968315161222,28.33356525065413,6.860542872913061,61.11932489031445
round_3,CE,2025-01-05,23.86582758103434,26.866520747737656,6.955896080155049,72.46754037547011
round_3,CE,2025-01-12,23.75163909561059,26.62300020912023,6.8944418306678426,74.27703387070264
round_3,CE,2025-01-19,23.589514450886572,26.34750182926184,6.944503508315391,76.68435745428623
round_3,CE,2025-01-26,23.65748913274288,26.58107937447242,6.896595503469907,75.0694285430536
round_3,CE,2025-02-02,23.660770199012383,26.49287958354333,6.939417147956874,76.3583632591963
round_3,CE,2025-02-09,23.449491443778268,26.091528150371666,6.964497354360353,79.00877854667903
round_3,CE,2025-02-16,23.28761631580356,25.841955885022887,6.969586929793558,80.93387614300721
round_3,CE,2025-02-23,23.37219234664103,26.025996897264893,6.944263025044353,79.9259841950694
round_3,CE,2025-03-02,23.41120603911658,26.038197103846603,6.944397156234073,80.20906669616866
round_3,CE,2025-03-09,23.324876677808582,25.85869626229331,6.994047735875356,81.45562750409769
round_3,CE,2025-03-16,23.194980066751487,25.670077761875724,6.998451503511337,82.65402765501835
round_3,CE,2025-03-23,23.201876865552663,25.56732042620849,6.987756719398207,83.52372687420599
round_3,CE,2025-03-30,23.24673965866585,25.72245940210628,6.957552417585121,82.60967972712722
round_3,CE,2025-04-06,23.214908177849058,25.689307220429225,6.979137544347532,82.82893136961675
round_3,CE,2025-04-13,23.18370453257567,25.66121573242163,6.988605270392097,82.7888567533169
round_3,CE,2025-04-20,23.16541722440771,25.72499194555661,6.934586193994585,81.52444818688653
round_3,CE,2025-04-27,23.114847483668253,25.706068949196645,6.869754320823025,81.0637780177215
round_3,CE,2025-05-04,23.22527794079534,25.921390592013,6.804280002364914,79.17259483587448
round_3,CE,2025-05-11,23.235959813428753,26.02311137949472,6.8187389311883395,77.9783530625545
round_3,CE,2025-05-18,23.189487151422806,26.01321311239254,6.783096151447711,77.23333615206064
round_3,CE,2025-05-25,23.087855579890043,25.903082970907057,6.792316411683193,76.6794326673741
round_3,CE,2025-06-01,22.868431332750735,25.81464852536823,6.747686786129347,74.98208639889958
round_3,CE,2025-06-08,22.75012933652017,25.717893422195285,6.6228503816444695,73.25835542470821
round_3,CE,2025-06-15,22.618277758585187,25.65475015704034,6.670985897258297,72.60048320548358
round_3,CE,2025-06-22,22.47930937415802,25.587050461967006,6.3980381768901005,70.53502402607204
round_3,CE,2025-06-29,22.518220168046245,25.63622120560108,6.495558216083803,70.27356116060929
round_3,CE,2025-07-06,22.48306061100086,25.691919013797257,6.218290462793818,69.46580988888188
round_3,CE,2025-07-13,22.378007802153792,25.904389687768543,5.812784888343405,66.4174142418188
round_3,CE,2025-07-20,22.41808449715922,26.025327998704988,5.495338335004165,64.67820040216915
round_3,CE,2025-07-27,22.38115037840383,26.138652298757787,5.389451954017383,62.89645280455691
round_3,CE,2025-08-03,22.3901496595743,26.31721767718306,4.778911460223629,62.14797928898496
round_3,CE,2025-08-10,22.479218265180556,26.468253555350692,4.666076112469786,60.64267977377255
round_3,CE,2025-08-17,22.694918399385458,26.650095050016965,4.7007105764592945,60.89708137458344
round_3,CE,2025-08-24,22.77382492625859,26.7981830505343,4.73802744307196,61.322440891277786
round_3,CE,2025-08-31,22.89553406001734,26.879270159392373,4.776502159134832,60.76401244663872
round_3,CE,2025-09-07,23.03514207817131,27.062680533109177,4.407937203945206,60.04734496418454
round_3,CE,2025-09-14,23.196533202282563,27.181672593921757,4.861640240838584,61.00567413406583
round_3,CE,2025-09-21,23.42867103290108,27.321012257471732,5.278796496129611,61.267443950465214
round_3,CE,2025-09-28,23.602167971120352,27.510196636141092,5.032248687069948,60.85364853053561
round_3,DF,2024-06-23,14.9063,19.77759761904762,1.375,55.6810119047619
round_3,DF,2024-06-30,14.61544880952381,19.647291666666668,1.3333333333333333,53.201408333333326
round_3,DF,2024-07-07,16.046960466959497,21.173225943149973,1.4583333333333333,54.45757894622591
round_3,DF,2024-07-14,16.368547966959497,21.47675332410235,1.5833333333333333,53.49024025574972
round_3,DF,2024-07-21,16.273327133626164,21.435667014578545,1.8333333333333333,51.68756287479733
round_3,DF,2024-07-28,16.407256300292833,21.69682534791188,1.1666666666666667,49.45995037479734
round_3,DF,2024-08-04,15.331820524682996,20.89962647706395,0.4166666666666667,44.76320720524724
round_3,DF,2024-08-11,15.34037885801633,20.76408004849252,1.2083333333333333,44.5337125623901
round_3,DF,2024-08-18,15.812846715159187,21.26540921515919,1.7916666666666667,45.07122446715201
round_3,DF,2024-08-25,16.878688381825853,22.27187528658776,2.5,45.487608990961526
round_3,DF,2024-09-01,17.308823521493494,22.759905069112538,2.4583333333333335,35.235641532180345
round_3,DF,2024-09-08,17.78498602149349,23.51533304530302,1.5416666666666667,31.472937365513683
round_3,DF,2024-09-15,18.54194614054111,23.95911756911254,3.125,35.63587486551368
round_3,DF,2024-09-22,18.70510387863635,23.71807471196968,4.541666666666667,44.12104272265653
round_3,DF,2024-09-29,18.877171735779207,23.86496459292206,5.375,46.58943319884701
round_3,DF,2024-10-06,22.242051199208753,27.198917865875423,4.458333333333333,26.577738924864065
round_3,DF,2024-10-13,22.451644056351608,27.337306556351617,3.9583333333333335,26.972937139149774
round_3,DF,2024-10-20,22.48346012778018,26.907719056351617,6.0,34.52760678200693
round_3,DF,2024-10-27,22.05527322301828,25.902967865875414,6.541666666666667,44.16143654391168
round_3,DF,2024-11-03,23.23343017147101,26.697720052423396,6.875,44.41716547068473
round_3,DF,2024-11-10,23.32654505242339,27.07600279051863,6.541666666666667,43.01228987544665
round_3,DF,2024-11-17,23.312244457185297,26.74578612385196,6.75,46.31281189925617
round_3,DF,2024-11-24,23.113380171471007,26.37538671909006,7.0,48.47603154211331
round_3,DF,2024-12-01,22.141907055164925,25.482326698022067,6.708333333333333,61.755423136481014
round_3,DF,2024-12-08,21.999329674212547,25.00200229326017,6.791666666666667,63.93557611267149
round_3,DF,2024-12-15,21.96427848373635,25.57346300754588,6.666666666666667,59.075799326957195
round_3,DF,2024-12-22,22.051716293260164,25.343220293260163,6.6,62.00079082695721
round_3,DF,2024-12-29,21.931849436117307,25.297638578974453,6.76,61.9126908269572
round_3,DF,2025-01-05,18.823261714285714,22.175732571428572,6.919999999999999,78.69764342857142
round_3,DF,2025-01-12,18.905226285714285,22.639042857142854,6.6,74.52028057142857
round_3,DF,2025-01-19,18.964846857142856,22.46322114285714,6.4799999999999995,77.44341142857142
round_3,DF,2025-01-26,18.958338285714284,22.46720914285714,6.8,77.55746971428572
round_3,DF,2025-02-02,18.844068,22.24385542857143,6.880000000000001,78.56372571428572
round_3,DF,2025-02-09,18.829709714285713,22.460981142857143,6.880000000000001,76.44099314285714
round_3,DF,2025-02-16,18.762654857142856,22.259774285714283,7.0,79.174868
round_3,DF,2025-02-23,18.778461142857143,22.38715485714286,6.76,78.31510171428572
round_3,DF,2025-03-02,18.83648857142857,22.42490514285715,6.64,77.81762342857144
round_3,DF,2025-03-09,18.86670171428571,22.254035428571427,6.96,79.76072
round_3,DF,2025-03-16,18.62091142857143,22.18437257142857,6.76,78.59851485714286
round_3,DF,2025-03-23,18.53793142857143,22.069858857142854,6.2,77.81213885714286
round_3,DF,2025-03-30,18.458136,22.23347885714286,6.2,75.64605714285715
round_3,DF,2025-04-06,18.28254457142857,22.00171428571428,6.32,76.24418399999999
round_3,DF,2025-04-13,18.12264857142857,21.932656,6.16,73.8834822857143
round_3,DF,2025-04-20,17.808216,21.826045142857144,5.68,71.106248
round_3,DF,2025-04-27,17.046908000000002,21.545902285714288,4.16,66.258844
round_3,DF,2025-05-04,16.897899428571428,21.48862971428571,3.84,64.00517142857143
round_3,DF,2025-05-11,16.59499542857143,21.10729542857143,3.959999999999999,64.63596571428572
round_3,DF,2025-05-18,16.546026285714287,20.92686228571429,4.08,64.14327885714286
round_3,DF,2025-05-25,16.240552571428573,20.967314857142856,3.48,62.53617942857144
round_3,DF,2025-06-01,16.033242285714287,20.659019428571423,3.2,62.33278685714286
round_3,DF,2025-06-08,15.503998285714284,20.36352742857143,2.16,58.5486857142857
round_3,DF,2025-06-15,15.277723428571427,20.157666857142857,1.8,57.14932114285715
round_3,DF,2025-06-22,14.9063,19.77759761904762,1.375,55.6810119047619
round_3,DF,2025-06-29,14.61544880952381,19.647291666666668,1.3333333333333333,53.201408333333326
round_3,DF,2025-07-06,15.1102125,20.236477976190475,1.4583333333333333,52.27015952380952
round_3,DF,2025-07-13,15.4318,20.540005357142856,1.5833333333333333,51.302820833333335
round_3,DF,2025-07-20,15.336579166666668,20.498919047619047,1.8333333333333333,49.50014345238095
round_3,DF,2025-07-27,15.470508333333337,20.76007738095238,1.1666666666666667,47.272530952380954
round_3,DF,2025-08-03,16.14648095238095,21.714286904761902,0.4166666666666667,43.741794047619045
round_3,DF,2025-08-10,16.155039285714285,21.578740476190475,1.2083333333333333,43.512299404761904
round_3,DF,2025-08-17,16.627507142857144,22.080069642857143,1.7916666666666667,44.04981130952381
round_3,DF,2025-08-24,17.69334880952381,23.086535714285713,2.5,44.46619583333333
round_3,DF,2025-08-31,17.982714880952383,23.433796428571423,2.4583333333333335,43.44197857142857
round_3,DF,2025-09-07,18.45887738095238,24.189224404761905,1.5416666666666667,39.679274404761905
round_3,DF,2025-09-14,19.2158375,24.633008928571428,3.125,43.8422119047619
round_3,DF,2025-09-21,19.37899523809524,24.39196607142857,4.541666666666667,52.32737976190476
round_3,DF,2025-09-28,19.551063095238096,24.53885595238095,5.375,54.79577023809523
round_3,GO,2024-06-23,16.31947026334561,21.44032573059931,0.8172956189396497,52.42122630562724
round_3,GO,2024-06-30,15.990484572513164,21.32401117554148,0.5665809695859891,50.429145133063095
round_3,GO,2024-07-07,16.525946936654776,21.90768839537756,0.9959882715942118,52.60651773819524
round_3,GO,2024-07-14,16.78535554814633,22.214592653153083,0.9784717712410826,51.36625896959548
round_3,GO,2024-07-21,16.90233155676523,22.270286193589335,1.2032351248515607,49.62796957390649
round_3,GO,2024-07-28,17.09485693425725,22.67331558324651,0.6526614936800677,47.27097176630538
round_3,GO,2024-08-04,15.855238079865911,21.69707251519181,0.4547564775933711,42.8813902063583
round_3,GO,2024-08-11,16.17061919781712,21.85882384417056,0.9548643257899876,41.723515840253675
round_3,GO,2024-08-18,16.749903767628165,22.411624395817796,1.140818212583989,41.34028111447484
round_3,GO,2024-08-25,17.593625401097455,23.18462932161149,2.3763173307825594,43.647274921310775
round_3,GO,2024-09-01,18.376002396407756,24.068284358395125,2.410108979943188,31.934162102312076
round_3,GO,2024-09-08,19.12269677366463,25.012640277873498,1.6352232120346173,28.605517340127463
round_3,GO,2024-09-15,19.671471500778104,25.295264973524933,3.123709902079787,32.86419925484893
round_3,GO,2024-09-22,19.590112852751663,24.69857357138009,4.621668447691373,42.11078636636329
round_3,GO,2024-09-29,19.60706897077335,24.691774977235237,5.482166084134862,46.71676554012522
round_3,GO,2024-10-06,23.481917981123967,28.524279829774656,4.759479544977261,25.373519224675174
round_3,GO,2024-10-13,23.76583736291174,28.73249738677696,4.459532595176833,25.712417499093608
round_3,GO,2024-10-20,23.563909146161773,28.02887797123436,6.276097888467576,34.187790006496115
round_3,GO,2024-10-27,23.09476922406848,27.015439860485543,6.6405287146847805,42.41971115995358
round_3,GO,2024-11-03,23.718288562377698,27.35263173246234,6.813029292457009,46.32671048530989
round_3,GO,2024-11-10,23.83436751948042,27.64083688279629,6.704473187349925,45.76354182499668
round_3,GO,2024-11-17,23.856262551887685,27.44145797868515,6.869312131573386,48.15225777570904
round_3,GO,2024-11-24,23.70311657902907,27.09131380484118,6.911415074083039,50.25783908757708
round_3,GO,2024-12-01,22.77394719456267,26.108561895194033,6.734985140017099,63.76329450049709
round_3,GO,2024-12-08,22.55250011375649,25.51646674695834,6.890605962393864,66.51935338761145
round_3,GO,2024-12-15,22.40524672398235,26.094990399351325,6.695412215732584,62.00278222392162
round_3,GO,2024-12-22,22.552128696536265,25.920103811650907,6.6647173397269714,64.44873200993197
round_3,GO,2024-12-29,22.499988275181,25.764427993256273,6.828957152896515,65.10987023911079
round_3,GO,2025-01-05,20.060250463294977,23.306229361454736,6.89798902396658,80.38314203297406
round_3,GO,2025-01-12,20.096728935973577,23.780169821670544,6.55986410420025,77.13221350444134
round_3,GO,2025-01-19,20.204950212049507,23.657590718369296,6.722258146251651,79.04885248979357
round_3,GO,2025-01-26,20.118512425178423,23.60234252085011,6.774758797887125,79.32311898122241
round_3,GO,2025-02-02,20.1132294966289,23.439498600645972,6.7678266788386106,80.01408360356515
round_3,GO,2025-02-09,19.984961562118706,23.59399050149793,6.806638489073201,78.80260148027578
round_3,GO,2025-02-16,19.99150721558226,23.4900175960208,6.9873692394918985,80.33819116226948
round_3,GO,2025-02-23,19.966978231736064,23.483406845457544,6.781839852180113,80.14784485409747
round_3,GO,2025-03-02,19.98963088287744,23.637923002997745,6.722794218299432,78.8813061596915
round_3,GO,2025-03-09,20.130051223674876,23.47580379251503,6.941331631739678,80.61934251371406
round_3,GO,2025-03-16,19.817778570502224,23.377819413104447,6.778537892990072,79.91572406636747
round_3,GO,2025-03-23,19.699817848564287,23.33304430121033,6.28671496380005,78.64363064563213
round_3,GO,2025-03-30,19.628610480243555,23.51886846642979,6.179370439982925,76.19983535906589
round_3,GO,2025-04-06,19.485707058226566,23.35799830881596,5.953037917169622,75.90907532718481
round_3,GO,2025-04-13,19.24060321785108,23.222941487175767,6.01364037453919,73.35567265855722
round_3,GO,2025-04-20,18.95165943768026,23.188955159837864,5.164254743872572,69.8747363001286
round_3,GO,2025-04-27,18.13410780910761,22.895811033996985,3.5355539346052987,64.45881897932354
round_3,GO,2025-05-04,17.782952590875663,22.65350941283592,3.3284822342280305,62.211895717074995
round_3,GO,2025-05-11,17.559046849080186,22.33031518254874,3.450726090972488,62.848401747593265
round_3,GO,2025-05-18,17.562152993975243,22.231580246826606,3.406113597541041,62.11650830804734
round_3,GO,2025-05-25,17.16842905766477,22.14244721396965,3.081435012444722,61.40478209992052
round_3,GO,2025-06-01,17.199951303739915,22.006356413372416,2.73075582306174,60.28804926011062
round_3,GO,2025-06-08,16.865837384613144,21.917397420667516,1.408933883953522,55.641056305367705
round_3,GO,2025-06-15,16.487677576344552,21.63880375440483,1.4576476922540176,55.14801291927662
round_3,GO,2025-06-22,16.31947026334561,21.44032573059931,0.8172956189396497,52.42122630562724
round_3,GO,2025-06-29,15.990484572513164,21.32401117554148,0.5665809695859891,50.429145133063095
round_3,GO,2025-07-06,16.312666715445914,21.694408174168704,0.9959882715942118,50.13265915031119
round_3,GO,2025-07-13,16.572075326937473,22.001312431944225,0.9784717712410826,48.89240038171142
round_3,GO,2025-07-20,16.68905133555637,22.057005972380477,1.2032351248515607,47.15411098602244
round_3,GO,2025-07-27,16.881576713048393,22.46003536203765,0.6526614936800677,44.79711317842133
round_3,GO,2025-08-03,17.549337750701657,23.39117218602755,0.4547564775933711,41.5419447971194
round_3,GO,2025-08-10,17.86471886865286,23.552923515006302,0.9548643257899876,40.38407043101478
round_3,GO,2025-08-17,18.444003438463906,24.105724066653536,1.140818212583989,40.00083570523594
round_3,GO,2025-08-24,19.287725071933195,24.87872899244723,2.3763173307825594,42.30782951207187
round_3,GO,2025-08-31,19.63516327567778,25.32744523766514,2.410108979943188,41.17336541821136
round_3,GO,2025-09-07,20.381857652934652,26.27180115714352,1.6352232120346173,37.84472065602675
round_3,GO,2025-09-14,20.930632380048127,26.55442585279495,3.123709902079787,42.103402570748216
round_3,GO,2025-09-21,20.84927373202169,25.95773445065011,4.621668447691373,51.349989682262574
round_3,GO,2025-09-28,20.86622985004337,25.950935856505257,5.482166084134862,55.955968856024505
round_3,MA,2024-06-23,23.311062841674207,26.57628895639103,5.614225809587848,71.74995543320102
round_3,MA,2024-06-30,23.40367812944407,26.605580208512524,5.788120837822251,71.64020981320358
round_3,MA,2024-07-07,24.515068638116965,27.85092416242943,5.704660584679866,66.78680413563617
round_3,MA,2024-07-14,24.354040125017427,27.8891617764487,5.672057273570145,65.38520425633203
round_3,MA,2024-07-21,24.510344023223247,28.139063299076675,5.203402856748916,63.11814839087834
round_3,MA,2024-07-28,24.51059515547464,28.33106008464444,5.004017928025627,60.801307741956194
round_3,MA,2024-08-04,24.59432652797925,28.54097275779717,5.171007676790187,54.0856289476659
round_3,MA,2024-08-11,24.694277595381745,28.739322728722215,5.061575408367365,52.67704619966191
round_3,MA,2024-08-18,25.057519049426308,29.02612307180025,5.21478042979899,52.09120568406096
round_3,MA,2024-08-25,25.157781717993043,29.13885569926222,5.892440680395617,53.430278566710726
round_3,MA,2024-09-01,25.32647693051545,29.35347476962186,5.778824653462257,49.882574425336394
round_3,MA,2024-09-08,25.49625895792956,29.63117139571912,5.553865840359222,48.144871033352544
round_3,MA,2024-09-15,25.59492824531531,29.640618649234963,5.924317025616167,49.60908512636968
round_3,MA,2024-09-22,25.69081692974431,29.615199739981964,6.411005436428172,51.11176525308361
round_3,MA,2024-09-29,25.75204458726264,29.76389212573468,6.33717475626386,50.510139583489554
round_3,MA,2024-10-06,26.643353666749892,30.557039746986536,6.384833186121078,47.39598792497256
round_3,MA,2024-10-13,26.63379591630617,30.34216612388861,6.507652751534543,49.514742480552016
round_3,MA,2024-10-20,26.61063008155438,30.314075436750414,6.5756913632738225,50.16231995762168
round_3,MA,2024-10-27,26.60798022804776,30.160406036572898,6.7101803199324355,51.624364097364165
round_3,MA,2024-11-03,27.2223531245703,30.63133383088919,6.735026021351215,49.988481810720046
round_3,MA,2024-11-10,27.19863798602209,30.585217379145785,6.805816147448402,50.49867514176836
round_3,MA,2024-11-17,27.25091945894032,30.588988612620096,6.815615813631138,50.8134301832753
round_3,MA,2024-11-24,27.16975187725584,30.353192317934703,6.859085195168208,52.571168138681934
round_3,MA,2024-12-01,27.915594058257295,31.10829353482644,6.814208415553955,49.12948820740907
round_3,MA,2024-12-08,27.695747441785592,30.64280482321391,6.9799911615652475,51.90766742323374
round_3,MA,2024-12-15,27.591862322700397,30.44352433462119,6.977546254308969,53.759474024120586
round_3,MA,2024-12-22,27.439920888307466,30.206944605917062,6.7360090541592434,55.34616752701925
round_3,MA,2024-12-29,27.106993351307104,29.72987742523144,6.993491030691439,57.85822366330062
round_3,MA,2025-01-05,23.671111806085463,26.229400302119977,6.999764561082589,81.82428629373773
round_3,MA,2025-01-12,23.525387983200844,26.00340471751431,6.999442535996709,83.11010689099356
round_3,MA,2025-01-19,23.423647026623897,25.818626233958486,6.9999530592625385,84.52724773774351
round_3,MA,2025-01-26,23.530792589533224,26.028288554566807,6.996884379794224,83.69616647965594
round_3,MA,2025-02-02,23.45637490015724,25.830586757465195,6.99421345981191,84.99492999321654
round_3,MA,2025-02-09,23.23313281219379,25.52478611882055,6.999935071772565,86.36177502548735
round_3,MA,2025-02-16,23.199122056410427,25.520087636256346,6.999920589449363,86.73386117001816
round_3,MA,2025-02-23,23.30884101094131,25.648219715644505,6.999870143545128,86.25385101925401
round_3,MA,2025-03-02,23.302881049596586,25.610585612275106,6.9995832328210135,86.55986037220377
round_3,MA,2025-03-09,23.248155275573627,25.521800160612276,6.999935071772565,87.02397614062949
round_3,MA,2025-03-16,23.146280367772196,25.39638064972162,7.0,87.49716281819063
round_3,MA,2025-03-23,23.141961571958113,25.347561218793384,6.9972026375382566,87.95318100924857
round_3,MA,2025-03-30,23.278783598511684,25.639167335366807,6.991811856326349,86.93220811380019
round_3,MA,2025-04-06,23.251630533531287,25.52942540193912,6.996782553274617,87.45498028471717
round_3,MA,2025-04-13,23.26137643831162,25.57194648615381,6.991609240588521,87.41775568135006
round_3,MA,2025-04-20,23.34998233145097,25.791964233551504,6.971263736584722,85.97261360826097
round_3,MA,2025-04-27,23.31199365662609,25.771985426699604,6.973645038600293,85.81500284125188
round_3,MA,2025-05-04,23.493291410556665,26.092764797024607,6.847830229099695,83.90685952639107
round_3,MA,2025-05-11,23.56893162678067,26.267509820015956,6.862986188360537,82.54831163986353
round_3,MA,2025-05-18,23.577009340577288,26.317452641172355,6.737378576962135,81.36832636938225
round_3,MA,2025-05-25,23.471742946009787,26.279039691753272,6.640738934751321,80.73034289300125
round_3,MA,2025-06-01,23.376808016514588,26.312069714719687,6.502804204661273,78.60718306155474
round_3,MA,2025-06-08,23.39676371038814,26.439601272727277,6.207816276826103,75.78944081480977
round_3,MA,2025-06-15,23.394851746222503,26.562205212263187,6.083122396861537,73.80025804429566
round_3,MA,2025-06-22,23.311062841674207,26.57628895639103,5.614225809587848,71.74995543320102
round_3,MA,2025-06-29,23.40367812944407,26.605580208512524,5.788120837822251,71.64020981320358
round_3,MA,2025-07-06,23.440407228610496,26.776262752922957,5.704660584679866,70.34359398515213
round_3,MA,2025-07-13,23.27937871551096,26.814500366942227,5.672057273570145,68.94199410584801
round_3,MA,2025-07-20,23.43568261371678,27.064401889570203,5.203402856748916,66.6749382403943
round_3,MA,2025-07-27,23.43593374596817,27.25639867513797,5.004017928025627,64.35809759147216
round_3,MA,2025-08-03,23.57397543184218,27.520621661660098,5.171007676790187,63.6712681431929
round_3,MA,2025-08-10,23.673926499244676,27.718971632585145,5.061575408367365,62.26268539518891
round_3,MA,2025-08-17,24.03716795328924,28.00577197566318,5.21478042979899,61.676844879587954
round_3,MA,2025-08-24,24.137430621855973,28.11850460312515,5.892440680395617,63.01591776223772
round_3,MA,2025-08-31,24.217782345113783,28.244780184220193,5.778824653462257,62.20939870990084
round_3,MA,2025-09-07,24.38756437252789,28.522476810317457,5.553865840359222,60.47169531791699
round_3,MA,2025-09-14,24.486233659913644,28.531924063833294,5.924317025616167,61.93590941093413
round_3,MA,2025-09-21,24.58212234434264,28.5065051545803,6.411005436428172,63.43858953764806
round_3,MA,2025-09-28,24.643350001860973,28.655197540333013,6.33717475626386,62.836963868054006
round_3,MG,2024-06-23,13.526351296296616,18.19122921735229,3.6277376167147057,68.47115333451465
round_3,MG,2024-06-30,13.331092626145796,18.145574763824506,3.2026149763222604,66.41631115715538
round_3,MG,2024-07-07,14.561053807002764,19.421910831716776,3.411562672409735,65.48646126131833
round_3,MG,2024-07-14,14.522231105052896,19.42060094576012,3.5709000599763265,65.30099830405538
round_3,MG,2024-07-21,14.886586495280715,19.66090757273493,3.6252203109043246,64.2332448768914
round_3,MG,2024-07-28,14.600994497652463,19.62917429889238,3.3747465578351794,63.2212690420631
round_3,MG,2024-08-04,13.454280406485,18.804151491543237,2.909999568715165,61.03567408930689
round_3,MG,2024-08-11,13.490346912293704,18.634814141695845,3.504051901935738,60.78367625980176
round_3,MG,2024-08-18,13.881643390241525,19.14905205684531,3.664147257407851,59.66881778484564
round_3,MG,2024-08-25,14.53872521213706,19.667124697055208,4.265205291191819,60.786365516430855
round_3,MG,2024-09-01,14.512419254283998,19.819254713918458,4.052999065227516,53.73796316902317
round_3,MG,2024-09-08,15.311328434287432,20.794358088833523,3.631634619149548,51.91013452604187
round_3,MG,2024-09-15,15.750826713112732,21.0076944458771,4.3279326437793095,53.92293747595105
round_3,MG,2024-09-22,15.990534353740903,20.74919213008552,5.1916389973606085,58.10110130676575
round_3,MG,2024-09-29,16.803255944293525,21.47049100647489,5.774796396708692,60.346322196598265
round_3,MG,2024-10-06,18.26567331419567,22.87609675774007,5.257748075683571,47.88242066546215
round_3,MG,2024-10-13,18.843121248119697,23.4955335703213,5.356212812687153,46.94845101493157
round_3,MG,2024-10-20,19.19437098629713,23.452924667202204,6.269156956019058,51.19823664527717
round_3,MG,2024-10-27,19.10913220748804,22.8125598109038,6.655702186556462,57.03347756519298
round_3,MG,2024-11-03,19.746067723216775,23.32159122359972,6.518324578625133,56.845753292659126
round_3,MG,2024-11-10,20.369867638076865,23.985312244696768,6.655930200366862,57.625357350430136
round_3,MG,2024-11-17,20.283765115397134,23.656628232246295,6.736292389413496,60.07427247720285
round_3,MG,2024-11-24,20.42200599398008,23.62692355347758,6.831699771906726,60.952333314955034
round_3,MG,2024-12-01,20.15243402328817,23.38398938934575,6.8458900012080015,68.35913379484731
round_3,MG,2024-12-08,20.106275592712887,23.163869007093233,6.851940099304268,69.70187520723958
round_3,MG,2024-12-15,20.011306657436847,23.61003989021224,6.646471649106534,66.29174751607195
round_3,MG,2024-12-22,20.252766314043058,23.466685601549617,6.626098651451162,68.96874853037177
round_3,MG,2024-12-29,20.242914656251973,23.578995750369796,6.602956653864144,68.32825245280569
round_3,MG,2025-01-05,19.378204844409915,22.841727381122386,6.745962164758816,77.62101409186839
round_3,MG,2025-01-12,19.434160568694463,23.211897045313332,6.4390173118948,75.30256371982615
round_3,MG,2025-01-19,19.417548877868477,23.108587413661706,6.429222909956374,75.47236002148085
round_3,MG,2025-01-26,19.53421977035485,23.219131073431814,6.644455040215363,76.18803066181856
round_3,MG,2025-02-02,19.364629792567303,23.039555765802778,6.616689904162683,76.11281101741017
round_3,MG,2025-02-09,19.281426107691523,23.127979415432183,6.672407026059997,74.87991223493049
round_3,MG,2025-02-16,19.39397428525874,23.149118352909134,6.87710443027842,75.83520460650907
round_3,MG,2025-02-23,19.310749295892887,23.009066663334615,6.629067103323865,76.59591831300901
round_3,MG,2025-03-02,19.302099247298724,23.076257829900484,6.730039104976146,76.57519635724425
round_3,MG,2025-03-09,19.358153860357582,22.9430589271558,6.802951323258376,77.12358289510003
round_3,MG,2025-03-16,19.010640295760957,22.70764028881351,6.778747344104204,76.80129187269527
round_3,MG,2025-03-23,18.585758331243355,22.24861993860193,6.625147746919255,76.6050539178746
round_3,MG,2025-03-30,18.372536412915313,22.207733940840573,6.45202662068248,75.45106428889778
round_3,MG,2025-04-06,18.223227581394664,21.95829601824284,6.461478865414872,76.32973592464256
round_3,MG,2025-04-13,17.58485090978393,21.444340783047984,6.067788924652187,74.18531061658406
round_3,MG,2025-04-20,17.241725932569892,21.28787944049706,5.785421812227402,73.2835542963741
round_3,MG,2025-04-27,16.038093764973453,20.54144368140975,4.554208034135322,70.40148566509282
round_3,MG,2025-05-04,15.630741884964303,19.98635515313614,5.104546143839133,70.99201018768701
round_3,MG,2025-05-11,15.223089525241846,19.51204806979154,4.818237642088526,71.52138510189188
round_3,MG,2025-05-18,15.06854677805608,19.193099920805555,4.992948820154738,72.42254584683687
round_3,MG,2025-05-25,14.759755597673191,19.14150859193064,4.752349462622679,72.33744375624457
round_3,MG,2025-06-01,14.415633798312005,18.85543906233811,4.431729754928158,71.83483029370355
round_3,MG,2025-06-08,13.888024192938897,18.66183503479517,3.495212088602296,69.5447108658158
round_3,MG,2025-06-15,13.893061910756131,18.525267071164503,3.828049277346267,69.24512793982326
round_3,MG,2025-06-22,13.526351296296616,18.19122921735229,3.6277376167147057,68.47115333451465
round_3,MG,2025-06-29,13.331092626145796,18.145574763824506,3.2026149763222604,66.41631115715538
round_3,MG,2025-07-06,13.551799326169617,18.412656350883623,3.411562672409735,65.7719540152987
round_3,MG,2025-07-13,13.512976624219752,18.411346464926975,3.5709000599763265,65.58649105803576
round_3,MG,2025-07-20,13.87733201444757,18.65165309190179,3.6252203109043246,64.51873763087177
round_3,MG,2025-07-27,13.59174001681932,18.61991981805923,3.3747465578351794,63.50676179604348
round_3,MG,2025-08-03,14.235218733640554,19.58508981869879,2.909999568715165,60.57340428607064
round_3,MG,2025-08-10,14.27128523944926,19.4157524688514,3.504051901935738,60.321406456565526
round_3,MG,2025-08-17,14.66258171739708,19.929990384000867,3.664147257407851,59.2065479816094
round_3,MG,2025-08-24,15.319663539292614,20.448063024210764,4.265205291191819,60.32409571319462
round_3,MG,2025-08-31,15.6772154633605,20.984050922994953,4.052999065227516,58.83169216962561
round_3,MG,2025-09-07,16.476124643363935,21.959154297910025,3.631634619149548,57.00386352664432
round_3,MG,2025-09-14,16.915622922189236,22.1724906549536,4.3279326437793095,59.01666647655349
round_3,MG,2025-09-21,17.155330562817404,21.913988339162017,5.1916389973606085,63.1948303073682
round_3,MG,2025-09-28,17.968052153370028,22.63528721555139,5.774796396708692,65.44005119720072
round_3,MS,2024-06-23,16.24178910946332,20.439372161074704,2.6487993129161707,66.291895814277
round_3,MS,2024-06-30,16.524684863119727,20.933684341202035,2.015197287566648,61.924232537906576
round_3,MS,2024-07-07,17.389626903518128,21.62854455968061,3.3209399322512825,59.51320346467069
round_3,MS,2024-07-14,16.925711170532537,21.50241319915699,3.1940314008844193,59.25268729187585
round_3,MS,2024-07-21,17.459478544131283,22.020550519229328,2.7989870915909276,55.93150112663358
round_3,MS,2024-07-28,17.680245106578454,22.49453059754092,2.3565857254014837,55.36858070027588
round_3,MS,2024-08-04,16.548184324243078,21.574492562095095,2.253688157582957,51.22864082364113
round_3,MS,2024-08-11,16.76137658313362,21.8417605963305,2.585425349385957,48.59646960571023
round_3,MS,2024-08-18,17.117490959729945,22.29401028068303,2.680792408797326,47.476796038249525
round_3,MS,2024-08-25,17.06364166334985,22.01073709914341,3.591995081316811,51.058304670245896
round_3,MS,2024-09-01,18.13652817802473,23.42538244674863,3.750711443027627,40.42911722835825
round_3,MS,2024-09-08,19.167782059222127,24.401982774268987,3.8000042711940982,41.196835265988675
round_3,MS,2024-09-15,19.227719062705685,24.46221092087595,4.8664516423895305,43.18712596798338
round_3,MS,2024-09-22,19.11268939984211,23.82309818145829,5.22312132425139,48.152668494954135
round_3,MS,2024-09-29,20.271388285522452,24.765202716513308,6.012274725141964,51.905575522010146
round_3,MS,2024-10-06,22.192767861618947,26.519228714717244,6.03897377709074,44.53081314079364
round_3,MS,2024-10-13,22.36656047526914,26.80286242853468,6.105263037171755,44.93975638131535
round_3,MS,2024-10-20,22.528915703077818,26.699000994489666,6.231778413527495,47.52921689057031
round_3,MS,2024-10-27,22.224449720005932,26.221814986879405,6.440072853065338,48.83263773453686
round_3,MS,2024-11-03,21.518652735249137,25.47815816827295,6.339155663284246,62.903383963399435
round_3,MS,2024-11-10,21.751005548221016,25.875497216724906,6.099915311253511,61.10081967002687
round_3,MS,2024-11-17,22.115314092412653,26.15850033016245,6.331833913406512,62.06560294087349
round_3,MS,2024-11-24,22.625994505002677,26.43540529250357,6.554857703986133,64.37682501379625
round_3,MS,2024-12-01,22.37132522426741,26.03787321233981,6.502254443950935,68.67986872643422
round_3,MS,2024-12-08,22.3434443196145,25.88398870293646,6.741419430348649,69.9499837229256
round_3,MS,2024-12-15,22.502203451030606,26.334979393987982,6.752732367490691,67.85173003610112
round_3,MS,2024-12-22,22.81146133070092,26.39666807563094,6.6397186653632545,69.91828118028262
round_3,MS,2024-12-29,22.72974070875462,26.15927388373186,6.944120444596259,72.04645904761014
round_3,MS,2025-01-05,22.63856672618343,25.909402887896434,6.899870787118101,77.73710995171913
round_3,MS,2025-01-12,22.67580093244486,26.175346433332223,6.7160760041181256,76.44401220203711
round_3,MS,2025-01-19,22.709107902305625,26.08024509414184,6.911890395745651,76.99493838568138
round_3,MS,2025-01-26,22.618612750285813,26.08575318573415,6.857094806148194,76.54397967902354
round_3,MS,2025-02-02,22.50999596034039,26.066410250525085,6.554058286327403,75.52383121627896
round_3,MS,2025-02-09,22.37371453053677,25.71471055375318,6.676538065827791,77.41472418523519
round_3,MS,2025-02-16,22.46510998115738,25.74990100453112,6.777379505311952,77.98179771392405
round_3,MS,2025-02-23,22.31901039544886,25.639201889719033,6.9129253434022955,78.24691160984578
round_3,MS,2025-03-02,22.426252849029012,26.26876314001322,6.386651334817965,73.84472651375457
round_3,MS,2025-03-09,22.403639499842544,25.845436899225337,6.680763857047264,76.90796735898726
round_3,MS,2025-03-16,22.056482236277233,25.414648671399764,6.852302269927386,77.32044427009805
round_3,MS,2025-03-23,21.297059104062217,25.016538044638303,6.0520076413058606,73.6377184730567
round_3,MS,2025-03-30,21.653727650271485,25.42221676074046,6.0720647767188405,72.43709181308509
round_3,MS,2025-04-06,21.2885571493109,25.172622824979193,5.77224107930197,71.64678263537539
round_3,MS,2025-04-13,20.27522243424135,24.282612736336112,5.0589452686509855,70.04513495983362
round_3,MS,2025-04-20,19.78930383096671,23.82061523384835,4.862805584704533,70.31523405507751
round_3,MS,2025-04-27,18.98081173053909,23.166855363831637,3.957344348740063,67.14877128308865
round_3,MS,2025-05-04,17.80848235804302,21.944618850399344,4.056232912801649,68.14071586685813
round_3,MS,2025-05-11,17.512805507070123,21.383228257354077,4.62009095848331,69.71270780891831
round_3,MS,2025-05-18,17.28842509933888,21.063395152520975,4.02606745261197,70.6265394414172
round_3,MS,2025-05-25,16.63037761498801,20.35484118675152,4.597203913929655,72.68828707199546
round_3,MS,2025-06-01,16.58912881988834,20.34010956265516,4.1744564698931255,71.64285419131
round_3,MS,2025-06-08,16.807199258316594,20.956592845113303,3.000467477777538,67.96887095296643
round_3,MS,2025-06-15,16.43728887259008,20.53421172778378,2.9918020974269917,67.85624741891512
round_3,MS,2025-06-22,16.24178910946332,20.439372161074704,2.6487993129161707,66.291895814277
round_3,MS,2025-06-29,16.524684863119727,20.933684341202035,2.015197287566648,61.924232537906576
round_3,MS,2025-07-06,15.967247827381188,20.20616548354366,3.3209399322512825,62.454237254292366
round_3,MS,2025-07-13,15.503332094395594,20.080034123020052,3.1940314008844193,62.19372108149753
round_3,MS,2025-07-20,16.03709946799434,20.59817144309239,2.7989870915909276,58.87253491625525
round_3,MS,2025-07-27,16.257866030441512,21.072151521403978,2.3565857254014837,58.309614489897555
round_3,MS,2025-08-03,17.47222237953816,22.498530617390177,2.253688157582957,55.34372528518473
round_3,MS,2025-08-10,17.685414638428703,22.765798651625584,2.585425349385957,52.71155406725384
round_3,MS,2025-08-17,18.04152901502503,23.21804833597811,2.680792408797326,51.591880499793135
round_3,MS,2025-08-24,17.98767971864493,22.93477515443849,3.591995081316811,55.17338913178949
round_3,MS,2025-08-31,18.98240959121811,24.271263859942017,3.750711443027627,52.95510372827538
round_3,MS,2025-09-07,20.013663472415512,25.247864187462373,3.8000042711940982,53.722821765905806
round_3,MS,2025-09-14,20.07360047589907,25.30809233406934,4.8664516423895305,55.713112467900515
round_3,MS,2025-09-21,19.958570813035493,24.66897959465167,5.22312132425139,60.678654994871266
round_3,MS,2025-09-28,21.117269698715837,25.611084129706693,6.012274725141964,64.43156202192728
round_3,MT,2024-06-23,19.29484290262953,24.199410330050075,1.4769635360213098,57.855070465049074
round_3,MT,2024-06-30,19.381838527622747,24.525215561367578,0.985302416647847,54.64834072542335
round_3,MT,2024-07-07,19.42314970718543,24.45268060767473,1.43310846432919,54.19364423790055
round_3,MT,2024-07-14,19.536858325214084,24.686283269812037,1.5384716144063633,53.67326841676672
round_3,MT,2024-07-21,19.50774372029772,24.701285950008675,1.5247788670592468,51.58557157449128
round_3,MT,2024-07-28,19.78520319270904,25.32690932114444,0.936243145834823,48.6164480003589
round_3,MT,2024-08-04,19.351837508275366,25.015370232867223,0.9542845916600604,38.747571924020114
round_3,MT,2024-08-11,19.874802612568462,25.47050554085459,1.3955795039433796,37.922869895149674
round_3,MT,2024-08-18,20.38083794624972,25.9692882731888,1.5000196020078629,36.74137170864927
round_3,MT,2024-08-25,20.906099973989228,26.068251750093587,3.242447010917793,43.12186417269907
round_3,MT,2024-09-01,22.451465830018112,27.808823191442617,3.492359900409368,27.69274690624474
round_3,MT,2024-09-08,23.013079734399017,28.34368664001138,3.51800336712981,28.3086434310577
round_3,MT,2024-09-15,23.42816530982709,28.55733128788501,4.618087425340892,31.69359775489609
round_3,MT,2024-09-22,23.3192799938279,27.796445059421764,6.103564330938995,40.01313708202461
round_3,MT,2024-09-29,23.55891890490484,27.841907720822245,6.613455649862398,44.62237601593805
round_3,MT,2024-10-06,26.43516989719913,30.605886028074774,6.347326487613418,34.51617850808151
round_3,MT,2024-10-13,26.35109354227047,30.461160780031832,6.489752779776919,35.977755244028
round_3,MT,2024-10-20,26.351571459769755,30.09661345414301,6.901574299519194,40.56945409035561
round_3,MT,2024-10-27,26.008212891769624,29.39776118392475,6.906183300658319,43.7485150080161
round_3,MT,2024-11-03,25.094889853517724,28.430197971060252,6.750672277063546,59.609927035190154
round_3,MT,2024-11-10,25.28756588475696,28.709542956648924,6.859325627911578,59.02382284569755
round_3,MT,2024-11-17,25.28740090335313,28.417949074163666,6.973236335867941,61.850606738310944
round_3,MT,2024-11-24,25.36761484148139,28.493667485279197,6.894846063042287,61.680383990122635
round_3,MT,2024-12-01,24.59996415356329,27.572045646109004,6.953565469120097,72.49800126823831
round_3,MT,2024-12-08,24.321644407520704,27.079375465663237,6.96132176606953,74.46041802876174
round_3,MT,2024-12-15,24.28346462409492,27.344304589632035,6.958838441387231,73.16470174855364
round_3,MT,2024-12-22,24.409715967513225,27.367634449216744,6.759154829154515,74.10316169226476
round_3,MT,2024-12-29,24.342929372017167,27.163912278268153,6.99997038928623,74.68460144163004
round_3,MT,2025-01-05,22.485054764877837,25.20284215106285,6.973955792788793,84.52868612834581
round_3,MT,2025-01-12,22.540413189116354,25.596557602221527,6.977333739391766,82.60995502995208
round_3,MT,2025-01-19,22.579599524417485,25.353660363933542,6.949156398172532,84.34846934016097
round_3,MT,2025-01-26,22.506560742839564,25.333830665899622,6.981660216545064,84.13369929746958
round_3,MT,2025-02-02,22.55538916949194,25.35291902749574,6.972838322724885,84.57560212414937
round_3,MT,2025-02-09,22.41360861362847,25.17130844317667,6.982782018127559,85.04963252319908
round_3,MT,2025-02-16,22.440120441112622,25.144801759545302,7.0,85.24318724723146
round_3,MT,2025-02-23,22.40278896019258,25.24938703321269,6.992729952451038,84.8597135163337
round_3,MT,2025-03-02,22.54261919305705,25.601908757789698,6.938810684343927,83.56113810705142
round_3,MT,2025-03-09,22.53892287445188,25.369481338988507,6.990502800825767,84.7474457763443
round_3,MT,2025-03-16,22.329137149327963,25.150689485265083,6.970963587978955,85.26690921685835
round_3,MT,2025-03-23,22.158069778696735,25.04865082156679,6.889186955441431,84.69639208387684
round_3,MT,2025-03-30,22.271821999420897,25.421045900467817,6.800458194415221,83.07985051403514
round_3,MT,2025-04-06,22.21117821798694,25.424626858471267,6.7124069405126106,82.05895989022416
round_3,MT,2025-04-13,21.878247768757905,25.22044950410432,6.431385298867066,80.67927328321906
round_3,MT,2025-04-20,21.594321910012297,25.18042093791017,6.247307745135915,78.12959438411693
round_3,MT,2025-04-27,21.18157425653187,25.10560443358266,5.400420445385055,74.16866301031709
round_3,MT,2025-05-04,20.606492833258507,24.71843658429349,4.551543682233212,70.8781666234825
round_3,MT,2025-05-11,20.65301977275666,24.61780090473503,4.924410092952743,71.5922307000485
round_3,MT,2025-05-18,20.496180794978144,24.58467545898407,4.706459436254399,70.7784549754646
round_3,MT,2025-05-25,20.0783974270612,24.340084858851803,4.461981654321153,69.62150358917376
round_3,MT,2025-06-01,19.956848389871947,24.335773871607,3.632949769302909,66.79079878733206
round_3,MT,2025-06-08,19.807490587408008,24.54823210176438,2.1381834989719075,61.604557986986634
round_3,MT,2025-06-15,19.326424745219764,24.164525413349235,1.8433083748008503,60.85783729445015
round_3,MT,2025-06-22,19.29484290262953,24.199410330050075,1.4769635360213098,57.855070465049074
round_3,MT,2025-06-29,19.381838527622747,24.525215561367578,0.985302416647847,54.64834072542335
round_3,MT,2025-07-06,19.19670698860436,24.226237889093653,1.43310846432919,55.086728955671255
round_3,MT,2025-07-13,19.31041560663301,24.45984055123097,1.5384716144063633,54.56635313453744
round_3,MT,2025-07-20,19.28130100171665,24.4748432314276,1.5247788670592468,52.47865629226198
round_3,MT,2025-07-27,19.558760474127972,25.10046660256337,0.936243145834823,49.509532718129606
round_3,MT,2025-08-03,20.301383677321397,25.964916401913246,0.9542845916600604,46.67810910301032
round_3,MT,2025-08-10,20.82434878161449,26.420051709900612,1.3955795039433796,45.85340707413988
round_3,MT,2025-08-17,21.33038411529575,26.918834442234825,1.5000196020078629,44.67190888763947
round_3,MT,2025-08-24,21.855646143035255,27.017797919139618,3.242447010917793,51.05240135168928
round_3,MT,2025-08-31,22.132567631196455,27.48992499262096,3.492359900409368,50.103570077066955
round_3,MT,2025-09-07,22.694181535577357,28.024788441189727,3.51800336712981,50.719466601879915
round_3,MT,2025-09-14,23.109267111005433,28.23843308906335,4.618087425340892,54.1044209257183
round_3,MT,2025-09-21,23.00038179500625,27.47754686060011,6.103564330938995,62.42396025284682
round_3,MT,2025-09-28,23.240020706083182,27.52300952200059,6.613455649862398,67.03319918676026
round_3,PA,2024-06-23,23.10492396824634,26.02814195765515,6.30920031914485,79.39445837250543
round_3,PA,2024-06-30,23.111490952036036,26.044405993405945,6.407404376505821,79.18901003253778
round_3,PA,2024-07-07,23.777978999778313,26.790008329394286,6.421231998453484,78.39902981933929
round_3,PA,2024-07-14,23.71348035078506,26.954367027575216,6.28514555674483,76.4581255884795
round_3,PA,2024-07-21,23.828343328123427,27.13268662508411,6.080686753575514,74.8797155920188
round_3,PA,2024-07-28,23.89102241647783,27.413003323443707,5.869177272940861,72.97048129193736
round_3,PA,2024-08-04,23.89376758732695,27.49152760543427,5.899012159179979,67.81893270597006
round_3,PA,2024-08-11,23.989437892155344,27.666290356393812,6.029136661219271,67.2353602166096
round_3,PA,2024-08-18,24.189715915369323,27.845963384245668,6.168702848992646,66.82266177486926
round_3,PA,2024-08-25,24.288679345739837,27.924160654402435,6.605947597972387,67.69738327568948
round_3,PA,2024-09-01,25.107438934015622,28.76788161507317,6.645312375399811,60.827234971319626
round_3,PA,2024-09-08,25.25575880929657,28.97344455142426,6.5559895277296025,59.78831313837989
round_3,PA,2024-09-15,25.39187955364569,29.10727366086572,6.749562540933913,59.68264194997743
round_3,PA,2024-09-22,25.43444242818744,29.11543062586718,6.845294171814448,60.07378204428346
round_3,PA,2024-09-29,25.48213350247939,29.203950974039422,6.92540818543554,59.82563159501659
round_3,PA,2024-10-06,26.645464364882244,30.216150560063944,6.931283971607726,54.37610417198513
round_3,PA,2024-10-13,26.5830278293626,30.023209783330568,6.894266676087493,55.947090573785104
round_3,PA,2024-10-20,26.5367604809113,30.03381036041571,6.900621567922476,55.97066001681299
round_3,PA,2024-10-27,26.599656233926133,29.976866300329128,6.9301155088233575,56.715332571103225
round_3,PA,2024-11-03,27.12058368772298,30.324461277347503,6.951498661416106,55.19020082174136
round_3,PA,2024-11-10,27.1111133618527,30.352343956975496,6.8995713007337525,55.02235929756347
round_3,PA,2024-11-17,27.089130580123957,30.2384308729767,6.971109592758561,55.82065747010111
round_3,PA,2024-11-24,27.07947727822784,30.105876480546105,6.963229546780947,56.81460393557647
round_3,PA,2024-12-01,27.464198745989023,30.41870066541629,6.978369526794407,57.59853696790211
round_3,PA,2024-12-08,27.343425664805626,30.00339448804265,6.997825580819596,59.8043526603211
round_3,PA,2024-12-15,27.153442552126208,29.715438482599104,6.990727741824046,61.68720074274408
round_3,PA,2024-12-22,27.077240556735624,29.505532570441208,6.76,62.85680140663472
round_3,PA,2024-12-29,26.80258293483027,29.116277653246303,7.0,64.74275243911332
round_3,PA,2025-01-05,23.455243651828884,25.72746480185991,7.0,85.19521692189973
round_3,PA,2025-01-12,23.33435916381382,25.54875460894594,6.999171071343131,86.09785162239976
round_3,PA,2025-01-19,23.30841157958543,25.456913566171497,6.9989834828650395,86.70587909355875
round_3,PA,2025-01-26,23.35433691766458,25.50450427750692,6.999957907042845,86.70286255285811
round_3,PA,2025-02-02,23.30334539907087,25.348055394181728,6.999915814085689,87.59930478192754
round_3,PA,2025-02-09,23.13771602943713,25.17052875845692,7.0,88.17877399132446
round_3,PA,2025-02-16,23.156618499637084,25.193616746643613,6.9962073221633405,88.27397679225835
round_3,PA,2025-02-23,23.178652853481363,25.230619687989243,7.0,88.37762578747527
round_3,PA,2025-03-02,23.16201139625407,25.19188184593292,7.0,88.66779874155485
round_3,PA,2025-03-09,23.161195263204142,25.183401412914534,7.0,88.62696265462364
round_3,PA,2025-03-16,23.116386577013635,25.179676467234778,7.0,88.54198985479789
round_3,PA,2025-03-23,23.09121771066456,25.05700502505275,7.0,89.60835349540116
round_3,PA,2025-03-30,23.23260383773551,25.30057450487855,6.998991647071194,88.94659103648495
round_3,PA,2025-04-06,23.196877582135976,25.266005515711637,6.998598158048562,89.02727606826132
round_3,PA,2025-04-13,23.165465140734817,25.21600844545197,6.997338905013732,89.58318910241454
round_3,PA,2025-04-20,23.24784607714499,25.392906264080448,6.995312189049587,88.89641509725591
round_3,PA,2025-04-27,23.22627601921691,25.399253698815837,6.9965923301461705,88.97432998921231
round_3,PA,2025-05-04,23.352567408629668,25.629686746919976,6.963519732537301,87.8410320815901
round_3,PA,2025-05-11,23.427147327739547,25.791506389988243,6.966124495419458,86.75695455184025
round_3,PA,2025-05-18,23.427687268616356,25.876728990101608,6.931392819080181,85.84090990087489
round_3,PA,2025-05-25,23.28278205698532,25.818068197282408,6.856474509355547,85.35272522898742
round_3,PA,2025-06-01,23.199283775904743,25.816248791976605,6.8017043997173285,84.24844534116384
round_3,PA,2025-06-08,23.117026299884948,25.84189985354532,6.704755558249406,82.91147672801543
round_3,PA,2025-06-15,23.131647101809673,25.96488552678074,6.629502672193347,81.3367164727696
round_3,PA,2025-06-22,23.10492396824634,26.02814195765515,6.30920031914485,79.39445837250543
round_3,PA,2025-06-29,23.111490952036036,26.044405993405945,6.407404376505821,79.18901003253778
round_3,PA,2025-07-06,23.20028488104404,26.21231421066001,6.421231998453484,78.31718490677973
round_3,PA,2025-07-13,23.13578623205078,26.37667290884094,6.28514555674483,76.37628067591996
round_3,PA,2025-07-20,23.250649209389152,26.554992506349834,6.080686753575514,74.79787067945924
round_3,PA,2025-07-27,23.313328297743556,26.835309204709432,5.869177272940861,72.88863637937781
round_3,PA,2025-08-03,23.50668852105601,27.104448539163332,5.899012159179979,71.61306922466228
round_3,PA,2025-08-10,23.602358825884405,27.279211290122877,6.029136661219271,71.02949673530185
round_3,PA,2025-08-17,23.802636849098384,27.458884317974725,6.168702848992646,70.6167982935615
round_3,PA,2025-08-24,23.901600279468894,27.5370815881315,6.605947597972387,71.4915197943817
round_3,PA,2025-08-31,23.92243293373578,27.58287561479332,6.645312375399811,71.18282931028568
round_3,PA,2025-09-07,24.07075280901672,27.78843855114441,6.5559895277296025,70.14390747734595
round_3,PA,2025-09-14,24.20687355336584,27.922267660585874,6.749562540933913,70.0382362889435
round_3,PA,2025-09-21,24.249436427907582,27.93042462558733,6.845294171814448,70.42937638324953
round_3,PA,2025-09-28,24.297127502199537,28.018944973759577,6.92540818543554,70.18122593398265
round_3,PB,2024-06-23,21.1159725699307,23.736722273106643,6.602413021303081,77.40358021474857
round_3,PB,2024-06-30,21.04998378005792,23.685324939078995,6.618862691465032,77.46761995063628
round_3,PB,2024-07-07,22.42344498929386,25.173822485814505,6.503214986484068,75.33072247801068
round_3,PB,2024-07-14,22.189295576862907,25.11280690044985,6.274635689760773,73.40236763658926
round_3,PB,2024-07-21,22.13354224691662,25.05901449309777,6.28384198774009,73.04201892021432
round_3,PB,2024-07-28,22.0001033769024,24.972054719208995,6.301554614338895,72.52754271319068
round_3,PB,2024-08-04,21.16920537564314,24.39380960166327,5.9884004591542865,70.78074559904422
round_3,PB,2024-08-11,21.144011976540877,24.370582550857392,5.9808678243335445,70.16224527671741
round_3,PB,2024-08-18,21.408674270638368,24.642245636179965,6.119454183583594,70.29891750734593
round_3,PB,2024-08-25,21.50828989417674,24.963459821225705,5.801381823160445,68.95916121240037
round_3,PB,2024-09-01,20.8844953472821,24.295672198208223,5.905455420716404,67.91812736400425
round_3,PB,2024-09-08,20.97656775715148,24.353306725580055,5.870787777294322,68.12004903813954
round_3,PB,2024-09-15,21.198167575515207,24.766694040156786,5.725427423542856,66.73092868708784
round_3,PB,2024-09-22,21.48351191107148,25.170265212813455,5.556549630108816,65.52503945553815
round_3,PB,2024-09-29,21.744149704193436,25.48288611390926,5.563777434076413,64.56973317052966
round_3,PB,2024-10-06,21.681250158330588,25.28044283283093,5.7664958645377995,64.16840448925942
round_3,PB,2024-10-13,21.86109142152992,25.466456103114673,5.894343457155472,64.12355623379283
round_3,PB,2024-10-20,22.005692549769982,25.699735602342113,5.83021488779199,63.4001275851405
round_3,PB,2024-10-27,22.18755147537814,25.91937910693676,5.85375968190895,62.89808461609417
round_3,PB,2024-11-03,22.731672292469263,26.338008389336142,6.035049574959714,62.21427244933167
round_3,PB,2024-11-10,22.689896301046108,26.40074127031478,5.7740147521043905,61.73668684704091
round_3,PB,2024-11-17,22.909743172594,26.56116783628254,5.918649633038362,61.75621024481502
round_3,PB,2024-11-24,22.962611977943492,26.531265577389707,6.1718005757278,62.43832440318196
round_3,PB,2024-12-01,23.614612637212453,27.22960414159477,6.140689388976775,59.53106033549712
round_3,PB,2024-12-08,23.646927469151542,27.07243356239082,6.345843974948702,60.094715126044555
round_3,PB,2024-12-15,23.707681158215188,27.037086045775396,6.532700585444928,61.27388925026314
round_3,PB,2024-12-22,23.66963046536148,27.064843249851464,6.14557699086654,60.68324950899896
round_3,PB,2024-12-29,23.678723575353096,27.02239141188485,6.519077164238024,61.83903044962633
round_3,PB,2025-01-05,23.10311516663957,26.342898347297044,6.768015410371746,70.30560262148099
round_3,PB,2025-01-12,23.032018013656348,26.210290466777785,6.690447913154813,71.6159526975209
round_3,PB,2025-01-19,23.079292285436154,26.16729672059844,6.771702978627762,72.78057966903047
round_3,PB,2025-01-26,23.13403366954846,26.420679721170497,6.6588754674066415,70.95946109591759
round_3,PB,2025-02-02,23.168582721989253,26.46202577014125,6.7611454524323396,71.39629936283174
round_3,PB,2025-02-09,23.14526187837719,26.21474075878833,6.859325023028151,73.34850449451888
round_3,PB,2025-02-16,23.06014471192177,26.014414916958557,6.887537106780505,75.5985941700362
round_3,PB,2025-02-23,23.110035073446664,26.161132524937297,6.750180267923778,74.66047316629172
round_3,PB,2025-03-02,23.20695797540279,26.29395474191785,6.781601097667217,74.23762151532222
round_3,PB,2025-03-09,23.148203588863964,26.14382677738978,6.903387313817755,75.12167135152218
round_3,PB,2025-03-16,23.0808515553372,25.980628381369925,6.91452275776882,76.65659918410968
round_3,PB,2025-03-23,23.11431986887902,25.91679485505348,6.939359226676733,77.65334068095078
round_3,PB,2025-03-30,23.071250322272824,25.945498647694873,6.827236362483755,76.63886330325096
round_3,PB,2025-04-06,23.017521590503,25.79210202403339,6.903683793464134,78.19487255910774
round_3,PB,2025-04-13,22.969671661329816,25.745419693675434,6.8853678405020755,77.75815479684225
round_3,PB,2025-04-20,22.861116149056393,25.66554112532789,6.8038514499331,77.23546967356131
round_3,PB,2025-04-27,22.721082038466516,25.426818282289393,6.776401096130406,77.81278670743565
round_3,PB,2025-05-04,22.592295015084485,25.367406610572793,6.645830583882503,77.48220622386711
round_3,PB,2025-05-11,22.550064545301137,25.38482248930304,6.645800923431277,76.55990226137601
round_3,PB,2025-05-18,22.3799402917545,25.156946011198823,6.699754033408349,77.02339709603395
round_3,PB,2025-05-25,22.209989789157223,24.865968798626724,6.7006357306623565,78.05391277243645
round_3,PB,2025-06-01,21.859117858368737,24.588874486126095,6.664764690231742,77.61716742916009
round_3,PB,2025-06-08,21.65616498946694,24.26119984032754,6.643075456456863,77.3745159839181
round_3,PB,2025-06-15,21.419916792554673,24.00391216930978,6.712320699786863,77.923669952133
round_3,PB,2025-06-22,21.1159725699307,23.736722273106643,6.602413021303081,77.40358021474857
round_3,PB,2025-06-29,21.04998378005792,23.685324939078995,6.618862691465032,77.46761995063628
round_3,PB,2025-07-06,20.947975427808174,23.698352924328823,6.503214986484068,76.76896073720867
round_3,PB,2025-07-13,20.713826015377222,23.63733733896417,6.274635689760773,74.84060589578723
round_3,PB,2025-07-20,20.658072685430938,23.583544931612085,6.28384198774009,74.48025717941228
round_3,PB,2025-07-27,20.52463381541672,23.496585157723313,6.301554614338895,73.96578097238866
round_3,PB,2025-08-03,20.478877734942316,23.70348196096245,5.9884004591542865,72.26532166176591
round_3,PB,2025-08-10,20.453684335840048,23.680254910156563,5.9808678243335445,71.6468213394391
round_3,PB,2025-08-17,20.718346629937543,23.95191799547914,6.119454183583594,71.78349357006762
round_3,PB,2025-08-24,20.817962253475915,24.273132180524872,5.801381823160445,70.44373727512206
round_3,PB,2025-08-31,20.963134168960135,24.37431101988626,5.905455420716404,69.75989520227391
round_3,PB,2025-09-07,21.05520657882952,24.431945547258092,5.870787777294322,69.9618168764092
round_3,PB,2025-09-14,21.276806397193244,24.845332861834816,5.725427423542856,68.5726965253575
round_3,PB,2025-09-21,21.562150732749515,25.248904034491492,5.556549630108816,67.3668072938078
round_3,PB,2025-09-28,21.822788525871477,25.561524935587293,5.563777434076413,66.41150100879933
round_3,PE,2024-06-23,20.76146877593775,22.985796683505953,6.922728905134664,80.58422736552252
round_3,PE,2024-06-30,20.665140634810975,22.905760494632247,6.900159401682094,80.53876533903035
round_3,PE,2024-07-07,22.17108752059881,24.523113258001903,6.878827395580586,78.384946099453
round_3,PE,2024-07-14,21.93192820271687,24.413026651049627,6.796926428032664,76.82354306586686
round_3,PE,2024-07-21,21.88631549137743,24.343146002949165,6.866378784286605,76.46338935550456
round_3,PE,2024-07-28,21.710117705762244,24.19743031715361,6.817257894533369,76.41301724516883
round_3,PE,2024-08-04,20.809012853668193,23.529921835111317,6.671024028567783,75.18858196467603
round_3,PE,2024-08-11,20.780001747269825,23.4437561980099,6.764508395047191,75.1023641685215
round_3,PE,2024-08-18,21.02148484613094,23.74169369345996,6.751219631506231,75.14476254289265
round_3,PE,2024-08-25,21.123719144118738,24.0731416961578,6.5571306098883495,73.59188252370474
round_3,PE,2024-09-01,20.358254280363695,23.310069264519964,6.5260868612624945,72.9515958120595
round_3,PE,2024-09-08,20.4824419409467,23.366198103080514,6.602123509042958,73.24183576431943
round_3,PE,2024-09-15,20.67579990730475,23.815203310699324,6.407150315479445,71.55800180482422
round_3,PE,2024-09-22,21.010780142712793,24.320592676211938,6.226542903946142,69.75353180730615
round_3,PE,2024-09-29,21.354757112761945,24.69128136173157,6.154931983247171,68.55475004681202
round_3,PE,2024-10-06,21.161459574283963,24.364115075652496,6.355529736940512,68.43925708508897
round_3,PE,2024-10-13,21.343893615911703,24.603113401178245,6.381098009375368,68.18259919620358
round_3,PE,2024-10-20,21.55003227097916,24.924108533445988,6.339191530780794,67.07872323577554
round_3,PE,2024-10-27,21.79956942378709,25.24817635239441,6.326490213647965,66.15885388143455
round_3,PE,2024-11-03,22.34460051759038,25.66711645862586,6.434028219703248,65.71936329463699
round_3,PE,2024-11-10,22.32784141864086,25.78906313432861,6.280048072020864,64.66695072332395
round_3,PE,2024-11-17,22.54533944348145,25.96186354826268,6.305476559471249,64.57034624607383
round_3,PE,2024-11-24,22.55717547891693,25.875901929190263,6.492805733670766,65.68221096760485
round_3,PE,2024-12-01,23.390583421937865,26.800295291629055,6.426908528024852,61.72694712071954
round_3,PE,2024-12-08,23.380544961539083,26.581682062037313,6.636982914082089,62.37450309247521
round_3,PE,2024-12-15,23.39794353414828,26.49584152088613,6.706845827450241,63.78424331124259
round_3,PE,2024-12-22,23.393776417451203,26.56954775219706,6.39511751455526,63.2153772986276
round_3,PE,2024-12-29,23.417468306659877,26.548090506369004,6.6787514420351295,63.98650265598389
round_3,PE,2025-01-05,22.80961855117153,25.87598135866334,6.812952427246707,71.60242754733021
round_3,PE,2025-01-12,22.72515993829909,25.750315021702193,6.753705279655201,72.75311607138646
round_3,PE,2025-01-19,22.834512312552917,25.81483237236108,6.840940999101966,73.45204254448927
round_3,PE,2025-01-26,22.89636083151456,25.99336224532645,6.828646178568997,72.1877718073973
round_3,PE,2025-02-02,22.903488495952427,26.002031982048695,6.83175758394655,72.76582454930998
round_3,PE,2025-02-09,22.864058855677655,25.825522113289377,6.879542840744626,73.90487979551838
round_3,PE,2025-02-16,22.813431904608137,25.70648231480977,6.9125847073736715,75.82040999860405
round_3,PE,2025-02-23,22.911581171242997,25.87553836784179,6.853856446664388,74.87245228653282
round_3,PE,2025-03-02,22.97949439894742,26.017098375159325,6.826876240521472,74.21538143593712
round_3,PE,2025-03-09,22.922597766553704,25.933142092995126,6.873597871241885,74.70382284373218
round_3,PE,2025-03-16,22.861651948659496,25.689261687281377,6.922837358307728,76.99573514242896
round_3,PE,2025-03-23,22.8799164542414,25.65771128867298,6.923945535701867,77.60945889944612
round_3,PE,2025-03-30,22.824520061304828,25.630495645105803,6.821928024106236,76.61056099786477
round_3,PE,2025-04-06,22.759591269180028,25.50126153336163,6.8944550239296,78.20927520008917
round_3,PE,2025-04-13,22.684660358218466,25.395183430335887,6.908327019630921,78.06803186042933
round_3,PE,2025-04-20,22.54848931691917,25.20429478686972,6.831877387247259,78.16743366085278
round_3,PE,2025-04-27,22.436013335130347,24.940712101957473,6.856164493500162,78.98326392933238
round_3,PE,2025-05-04,22.235505792607945,24.80711206327964,6.791930995239807,78.98463113191556
round_3,PE,2025-05-11,22.16707087683956,24.72398393452825,6.802773702215445,78.92388826307797
round_3,PE,2025-05-18,21.96495608601458,24.40677714147379,6.846443513375382,80.00174757898517
round_3,PE,2025-05-25,21.792179608819723,24.16147341475515,6.864526800701986,80.70384865508862
round_3,PE,2025-06-01,21.469813756844445,23.876808057935698,6.881252766286408,80.38311839448292
round_3,PE,2025-06-08,21.289100272460978,23.522816502199028,6.917956424838425,80.32868443918451
round_3,PE,2025-06-15,21.08259750775203,23.32574557255149,6.930850328806494,80.52161145923776
round_3,PE,2025-06-22,20.76146877593775,22.985796683505953,6.922728905134664,80.58422736552252
round_3,PE,2025-06-29,20.665140634810975,22.905760494632247,6.900159401682094,80.53876533903035
round_3,PE,2025-07-06,20.540642206008197,22.892667943411293,6.878827395580586,79.89969841828074
round_3,PE,2025-07-13,20.301482888126255,22.782581336459018,6.796926428032664,78.33829538469458
round_3,PE,2025-07-20,20.255870176786814,22.712700688358552,6.866378784286605,77.97814167433229
round_3,PE,2025-07-27,20.07967239117163,22.56698500256299,6.817257894533369,77.92776956399656
round_3,PE,2025-08-03,20.061468002954484,22.782376984397605,6.671024028567783,75.96034963617521
round_3,PE,2025-08-10,20.032456896556116,22.696211347296188,6.764508395047191,75.87413184002068
round_3,PE,2025-08-17,20.27393999541723,22.994148842746252,6.751219631506231,75.91653021439183
round_3,PE,2025-08-24,20.37617429340503,23.32559684544409,6.5571306098883495,74.3636501952039
round_3,PE,2025-08-31,20.48218418671664,23.43399917087291,6.5260868612624945,73.5847171575496
round_3,PE,2025-09-07,20.606371847299645,23.49012800943346,6.602123509042958,73.87495710980956
round_3,PE,2025-09-14,20.799729813657695,23.93913321705227,6.407150315479445,72.19112315031435
round_3,PE,2025-09-21,21.13471004906574,24.44452258256488,6.226542903946142,70.38665315279628
round_3,PE,2025-09-28,21.47868701911489,24.81521126808451,6.154931983247171,69.18787139230214
round_3,PI,2024-06-23,22.789543078983932,26.992274045416497,4.2835211157258755,56.95797241946475
round_3,PI,2024-06-30,22.95182788967788,27.14709179959259,4.250950619585625,56.20141623842163
round_3,PI,2024-07-07,23.40762100100104,27.80153861084309,3.9902031448620257,55.598710253186105
round_3,PI,2024-07-14,23.281548906559564,27.90204225009621,3.6987295000877025,53.199781998655645
round_3,PI,2024-07-21,23.327692929929043,28.075130525183404,2.924749690775949,51.115990535874325
round_3,PI,2024-07-28,23.33782610003803,28.191052754003657,2.5010309848457317,49.212649052912695
round_3,PI,2024-08-04,22.96090636813526,28.088670911377857,2.2619481523918368,44.68442605591239
round_3,PI,2024-08-11,23.020249657089614,28.260378198347624,1.9222184312996689,43.47768367757279
round_3,PI,2024-08-18,23.47651393834702,28.67198487521042,2.1870461788042337,43.23012251799396
round_3,PI,2024-08-25,23.633378610536496,29.05550968064985,2.5842972855747015,42.88148756166859
round_3,PI,2024-09-01,23.34298732618699,28.783174271800885,2.603587570212498,40.87825524126006
round_3,PI,2024-09-08,23.5439168999439,29.096982278490305,1.858583598238307,39.10844479259212
round_3,PI,2024-09-15,23.78518218568968,29.36583401211209,2.637060218103043,39.91429981443091
round_3,PI,2024-09-22,24.06242362766249,29.68724094609852,2.906705843253666,40.536980287676734
round_3,PI,2024-09-29,24.23876437063394,29.932824543543656,2.691112343345604,40.01207971750881
round_3,PI,2024-10-06,25.506210022968133,30.967679029164845,3.1981599876339923,34.56017028766173
round_3,PI,2024-10-13,25.489396370230516,30.64841507768763,3.855638016943873,37.944554545485914
round_3,PI,2024-10-20,25.57930306073743,30.737898373280807,4.087639559543222,38.71905265303142
round_3,PI,2024-10-27,25.6310091879371,30.497485399603256,4.949693981695827,41.50647281758389
round_3,PI,2024-11-03,26.797188703178204,31.439467316114232,4.949258977641616,38.09273003042294
round_3,PI,2024-11-10,26.930983352129395,31.681350888104916,5.470099925238641,36.714904188075565
round_3,PI,2024-11-17,26.999506565825772,31.674207422325004,5.306193081378394,37.21878416914485
round_3,PI,2024-11-24,26.736523178717924,31.05590731746871,5.866215872710095,41.69374682738241
round_3,PI,2024-12-01,28.038316536966903,32.35763580121074,5.869333929080219,34.84452154286568
round_3,PI,2024-12-08,27.739301900823257,31.729682487967175,6.606380373798916,38.71586067472629
round_3,PI,2024-12-15,27.693558420353504,31.631262252170373,6.524257308289706,39.8035473164724
round_3,PI,2024-12-22,27.55287497630412,31.379772120136785,6.421680916234876,41.90965136381593
round_3,PI,2024-12-29,27.136217571927784,30.684437994242497,6.8309881351920945,46.40854385284648
round_3,PI,2025-01-05,23.457217285227408,26.824336753247877,6.912496933858505,73.60818660323608
round_3,PI,2025-01-12,23.266653905603487,26.55879155396521,6.855383671729185,75.03940849810607
round_3,PI,2025-01-19,23.10113083333026,26.21912578508903,6.944375705227317,78.22530781155461
round_3,PI,2025-01-26,23.16224184812021,26.547141399830636,6.910775427258064,75.92441973587789
round_3,PI,2025-02-02,23.14558432671838,26.31079256280636,6.907527287994524,78.01208161037461
round_3,PI,2025-02-09,22.86689371524115,25.850128003242467,6.942520366831957,80.56146566214285
round_3,PI,2025-02-16,22.74147366113068,25.79285869751652,6.9658237631210325,81.54578176030833
round_3,PI,2025-02-23,22.884674213189367,26.00316440763438,6.948053810450852,80.4172807116359
round_3,PI,2025-03-02,22.92936365976388,26.049769185716816,6.948073653579046,80.44185311053089
round_3,PI,2025-03-09,22.85365386733257,25.872946909076035,6.972559329210084,81.45935058584628
round_3,PI,2025-03-16,22.64841073141546,25.534161195499937,6.994171686787036,83.4232595809546
round_3,PI,2025-03-23,22.648017794629872,25.531145555570063,6.940849147611187,83.54116529518072
round_3,PI,2025-03-30,22.77617257707896,25.865481359862255,6.820637633337637,81.23995599766079
round_3,PI,2025-04-06,22.788164085300632,25.78301928403687,6.9193738600764,82.02870513191193
round_3,PI,2025-04-13,22.82617506215936,25.881624537294776,6.881590357586997,81.01355339456147
round_3,PI,2025-04-20,22.907312010650593,26.164664002692746,6.65904102380614,77.80191038541837
round_3,PI,2025-04-27,22.85957048027537,26.122040732327083,6.603442469553532,77.14051092265844
round_3,PI,2025-05-04,23.017456407964115,26.50316330863641,6.11587589121971,73.83709233649745
round_3,PI,2025-05-11,23.114593400075613,26.69802949299406,6.260072062819633,71.95748494607166
round_3,PI,2025-05-18,23.14228931966443,26.790350491196268,6.042151555289379,69.81054650236821
round_3,PI,2025-05-25,23.035786110095597,26.826543542828713,5.8692918609196445,68.06562976785912
round_3,PI,2025-06-01,22.95764031815492,26.93332913941866,5.495776551485324,64.4792524545373
round_3,PI,2025-06-08,22.95181654654911,26.96733827191763,5.076657407918991,61.29356707783481
round_3,PI,2025-06-15,22.918331533650356,27.05763096528394,4.9920149904846935,59.20841762486822
round_3,PI,2025-06-22,22.789543078983932,26.992274045416497,4.2835211157258755,56.95797241946475
round_3,PI,2025-06-29,22.95182788967788,27.14709179959259,4.250950619585625,56.20141623842163
round_3,PI,2025-07-06,22.826678708599108,27.220596318441164,3.9902031448620257,55.14821096561164
round_3,PI,2025-07-13,22.700606614157635,27.321099957694276,3.6987295000877025,52.74928271108118
round_3,PI,2025-07-20,22.74675063752711,27.49418823278147,2.924749690775949,50.66549124829985
round_3,PI,2025-07-27,22.756883807636097,27.610110461601725,2.5010309848457317,48.76214976533823
round_3,PI,2025-08-03,22.80940322419335,27.937167767435945,2.2619481523918368,47.3726434453993
round_3,PI,2025-08-10,22.868746513147705,28.10887505440571,1.9222184312996689,46.1659010670597
round_3,PI,2025-08-17,23.325010794405102,28.52048173126851,2.1870461788042337,45.91833990748086
round_3,PI,2025-08-24,23.481875466594584,28.90400653670794,2.5842972855747015,45.569704951155494
round_3,PI,2025-08-31,23.633612480637133,29.073799426251032,2.603587570212498,45.281708144592976
round_3,PI,2025-09-07,23.83454205439405,29.387607432940452,1.858583598238307,43.51189769592504
round_3,PI,2025-09-14,24.07580734013982,29.65645916656224,2.637060218103043,44.31775271776383
round_3,PI,2025-09-21,24.353048782112634,29.977866100548667,2.906705843253666,44.94043319100965
round_3,PI,2025-09-28,24.529389525084085,30.223449697993804,2.691112343345604,44.41553262084174
round_3,PR,2024-06-23,12.396126976850594,15.759242516641674,4.688760246225347,80.73994908093248
round_3,PR,2024-06-30,12.31194091070896,15.973968077488866,3.8083745538566576,78.13258897630014
round_3,PR,2024-07-07,14.216292140496426,17.54872662709903,5.057316273548072,76.8429448927385
round_3,PR,2024-07-14,13.311673235040688,17.04164393957105,4.482898847740038,76.38865519897435
round_3,PR,2024-07-21,13.910668337549184,17.637061718766333,4.3686178377833915,74.02370692527886
round_3,PR,2024-07-28,13.845787039747664,17.68517925314443,4.294383204700014,75.6287852423401
round_3,PR,2024-08-04,12.690356405673189,16.69852824570661,4.488264972694908,74.16203074359902
round_3,PR,2024-08-11,12.802011993069309,16.83460395929512,4.609013559573006,72.43188793632288
round_3,PR,2024-08-18,13.115503034559406,17.412524065092704,4.220878782366373,70.38004170414746
round_3,PR,2024-08-25,13.034640006541943,17.134766461562833,4.956685160676081,72.23244946077752
round_3,PR,2024-09-01,13.087358152765384,17.3616700600867,4.802223945210569,68.42712632767117
round_3,PR,2024-09-08,14.641964498586114,18.83029864343293,5.18512913133494,68.08064016093724
round_3,PR,2024-09-15,14.28347041638889,18.497787870165592,5.7760190852088265,69.02710278264736
round_3,PR,2024-09-22,14.016228323516687,17.936958593342265,5.75764963934425,70.58258402428169
round_3,PR,2024-09-29,15.32202664034285,19.16078466740776,6.287236238340183,73.3152440213242
round_3,PR,2024-10-06,16.08103956400128,19.820455198777463,6.230721587491387,70.07326043093566
round_3,PR,2024-10-13,16.27250546434088,20.084174779110892,6.432855292022485,69.99316790057347
round_3,PR,2024-10-20,16.493975740468827,20.250731978276413,6.400994089800021,70.18994957929424
round_3,PR,2024-10-27,16.342848116535553,20.173700387628227,6.303508354598879,69.39884285368767
round_3,PR,2024-11-03,15.979811762370392,19.669549568302763,6.4116395723864095,76.43432492443064
round_3,PR,2024-11-10,16.488492025818438,20.303889265809687,6.277936716292488,75.16809297735107
round_3,PR,2024-11-17,16.830009082985818,20.6276313443555,6.35706716256885,76.28324316400436
round_3,PR,2024-11-24,17.548209476258446,21.039457640073667,6.647765837964264,77.98151056659978
round_3,PR,2024-12-01,17.555250400564464,21.131424132475605,6.608534813218523,77.21590274209615
round_3,PR,2024-12-08,17.7947650715042,21.248526265726547,6.696072501865703,76.96229903117877
round_3,PR,2024-12-15,18.05391053795248,21.72014498065836,6.711382506889033,76.54477070295331
round_3,PR,2024-12-22,18.338563333750542,21.702720642997857,6.603622580918896,77.97443481449403
round_3,PR,2024-12-29,18.71390992174451,21.964554817334697,6.893243010375411,79.7198353706806
round_3,PR,2025-01-05,19.73139796469564,22.90200932894022,6.94686339374478,82.44225162700182
round_3,PR,2025-01-12,19.720120423254695,22.878265568045865,6.818563182744703,82.8990376284366
round_3,PR,2025-01-19,19.361852916461658,22.517549153250876,6.821767662415351,81.80139788948814
round_3,PR,2025-01-26,19.63560433522858,22.962631065089457,6.772908000552037,81.67605762760867
round_3,PR,2025-02-02,19.445990675090027,22.91192317841054,6.57891743142876,79.78151771136093
round_3,PR,2025-02-09,19.36060579662187,22.49793471132947,6.799532935363533,82.17787665421652
round_3,PR,2025-02-16,19.614192205013985,22.63503154707109,6.8660781326833815,83.39994826876423
round_3,PR,2025-02-23,19.33835273808181,22.421664949925727,6.9509528643708265,82.78106742144931
round_3,PR,2025-03-02,19.277760820359763,22.798107879054303,6.547709900250762,80.08966670405962
round_3,PR,2025-03-09,19.346609384901218,22.49168566765172,6.805552179102052,82.35770224134477
round_3,PR,2025-03-16,18.9131533138579,22.00488385579774,6.825894635195425,82.01521892943974
round_3,PR,2025-03-23,17.74474381024033,21.1316218150351,6.2961535886118325,79.40963096097003
round_3,PR,2025-03-30,17.957463957785617,21.349806944513272,6.20822102184455,79.01928292275043
round_3,PR,2025-04-06,17.61507246648886,21.06517094754109,6.208687928371828,78.90175981836354
round_3,PR,2025-04-13,16.49407396286431,19.97522592975408,5.521155731075444,78.11812712629565
round_3,PR,2025-04-20,16.0618908639194,19.548870902655526,5.532017522871377,79.09122995395767
round_3,PR,2025-04-27,15.309357291335656,18.913604213030982,5.156940092680579,77.68626570307453
round_3,PR,2025-05-04,14.136738192344804,17.54404876631852,5.395276494705823,78.88395232632296
round_3,PR,2025-05-11,13.744941740810235,16.99473666849877,5.5240484497015565,79.44745633678804
round_3,PR,2025-05-18,13.486227854382545,16.766904893421394,5.111089467346122,79.98327903442045
round_3,PR,2025-05-25,12.707314897925272,15.903217366348567,5.391886522680217,81.82373440402864
round_3,PR,2025-06-01,12.441356555700745,15.749672864983896,4.9627012517622235,81.51659774910193
round_3,PR,2025-06-08,13.030197436772994,16.442410150506998,4.475822664397183,80.42294525336806
round_3,PR,2025-06-15,12.5203125331983,15.830739458367995,4.941835841116076,80.61388799888694
round_3,PR,2025-06-22,12.396126976850594,15.759242516641674,4.688760246225347,80.73994908093248
round_3,PR,2025-06-29,12.31194091070896,15.973968077488866,3.8083745538566576,78.13258897630014
round_3,PR,2025-07-06,12.18308763478538,15.515522121387985,5.057316273548072,78.47806976176717
round_3,PR,2025-07-13,11.27846872932964,15.008439433860003,4.482898847740038,78.02378006800303
round_3,PR,2025-07-20,11.87746383183814,15.60385721305529,4.3686178377833915,75.65883179430753
round_3,PR,2025-07-27,11.812582534036617,15.651974747433387,4.294383204700014,77.26391011136877
round_3,PR,2025-08-03,12.818693181284264,16.826865021317687,4.488264972694908,75.46975193037588
round_3,PR,2025-08-10,12.930348768680387,16.962940734906198,4.609013559573006,73.73960912309974
round_3,PR,2025-08-17,13.243839810170485,17.540860840703782,4.220878782366373,71.68776289092432
round_3,PR,2025-08-24,13.162976782153024,17.26310323717391,4.956685160676081,73.54017064755439
round_3,PR,2025-08-31,13.786399148872816,18.060711056194133,4.802223945210569,73.09733660238024
round_3,PR,2025-09-07,15.341005494693547,19.529339639540364,5.18512913133494,72.75085043564629
round_3,PR,2025-09-14,14.982511412496324,19.196828866273023,5.7760190852088265,73.69731305735641
round_3,PR,2025-09-21,14.715269319624122,18.635999589449696,5.75764963934425,75.25279429899074
round_3,PR,2025-09-28,16.021067636450283,19.859825663515192,6.287236238340183,77.98545429603327
round_3,RJ,2024-06-23,16.07024090398795,19.66682599188653,4.555865578481986,79.72204917658794
round_3,RJ,2024-06-30,15.898675829798895,19.55922801774727,4.560701020237005,78.91844018634474
round_3,RJ,2024-07-07,16.575206841437275,20.275035975885416,4.204572060563367,77.65192813601978
round_3,RJ,2024-07-14,16.301683081510948,19.912878706223843,4.559376082638495,77.97414677450432
round_3,RJ,2024-07-21,16.548335465874533,20.259527771193767,4.378300563854046,76.86550933121475
round_3,RJ,2024-07-28,16.449549591696382,20.021772889948576,5.04824661939069,78.40017698737863
round_3,RJ,2024-08-04,15.56925071955794,19.363342818124057,4.689731665028115,77.1834735566155
round_3,RJ,2024-08-11,15.447347430661496,19.266831182716334,5.007019827758668,75.62459395068409
round_3,RJ,2024-08-18,15.65152158251617,19.7661128292177,4.67925708527595,74.6124246523399
round_3,RJ,2024-08-25,16.217617691883298,19.766345070218755,5.448683271608727,76.11315939180224
round_3,RJ,2024-09-01,15.748273335665852,19.40019220043462,5.374110103936974,74.00018423733128
round_3,RJ,2024-09-08,16.623741616792813,20.57959092923872,4.625120455250401,72.95293743437122
round_3,RJ,2024-09-15,16.797105831032724,20.476655476335477,5.4294013983685625,73.65239576633111
round_3,RJ,2024-09-22,16.757265646932403,19.848988384962382,6.31931981693434,76.96713877608148
round_3,RJ,2024-09-29,17.744597282932155,20.985538035131224,6.146095020864943,77.1044523470434
round_3,RJ,2024-10-06,17.98636637541451,21.30583359973959,5.9365367365967066,71.76264502527864
round_3,RJ,2024-10-13,18.38433076134268,21.456212284694395,6.200893237902739,72.70183488527114
round_3,RJ,2024-10-20,18.677341923597453,21.690736360538377,6.760933667825023,73.20962703981445
round_3,RJ,2024-10-27,18.76817420231767,21.572899524425395,6.749846513419486,73.58667047506626
round_3,RJ,2024-11-03,18.500012550135025,21.217020327732975,6.621996572966842,76.7410205747574
round_3,RJ,2024-11-10,19.31020117326263,22.140430750822485,6.75716313689625,77.3517416406013
round_3,RJ,2024-11-17,19.245542884087005,22.037183117489565,6.670322744302707,77.86031893575708
round_3,RJ,2024-11-24,19.78586870736628,22.38594398721092,6.868173219488413,78.24392178483087
round_3,RJ,2024-12-01,19.38684783286204,22.087654283635604,6.94199059045929,79.78389631434509
round_3,RJ,2024-12-08,19.65128925976513,22.38429544754855,6.793806365785165,80.15510226797215
round_3,RJ,2024-12-15,19.925992369465146,22.828454876451325,6.906070690607458,78.68613431682046
round_3,RJ,2024-12-22,20.20472319855184,22.837003361668927,6.5610850494384225,80.28729701422367
round_3,RJ,2024-12-29,20.633805489678817,23.387874894354137,6.780750148619212,79.60398509333591
round_3,RJ,2025-01-05,22.54270024568681,25.580573526260267,6.752828917295607,79.90322222251396
round_3,RJ,2025-01-12,22.733324530776414,25.767097809903348,6.703440658303426,79.17891667973598
round_3,RJ,2025-01-19,22.304690379306024,25.335869420088144,6.550662562130785,79.23261569450155
round_3,RJ,2025-01-26,22.598334743777254,25.788640980113627,6.534693842098844,79.72088140042386
round_3,RJ,2025-02-02,22.40368884079111,25.458485164680855,6.53959662315782,79.49311977600075
round_3,RJ,2025-02-09,22.49580818089637,25.74347378249519,6.361240278788103,78.75949502459311
round_3,RJ,2025-02-16,22.50403634239372,25.70302985035389,6.743043796960056,79.78498559715514
round_3,RJ,2025-02-23,22.313273301253723,25.391552508959776,6.494901573990538,79.63698797019585
round_3,RJ,2025-03-02,22.270321543414656,25.458359196645187,6.649214185672672,80.28505106437338
round_3,RJ,2025-03-09,22.316130350672633,25.28782349320232,6.729319648269894,80.824798605016
round_3,RJ,2025-03-16,21.950467227123855,24.9091248987206,6.794379645493463,81.27382517539027
round_3,RJ,2025-03-23,21.280781071620417,23.896894792816894,6.97247941321262,82.97900920417206
round_3,RJ,2025-03-30,20.946637259537873,23.72901561631016,6.572541590881367,82.55313573087292
round_3,RJ,2025-04-06,20.809192735938502,23.713582635519884,6.730867603519763,82.05481195013334
round_3,RJ,2025-04-13,20.03944026791435,22.93232527128438,6.379239514369486,80.60367993355035
round_3,RJ,2025-04-20,19.77933332686557,22.835578633831368,6.157107891887774,81.02844157791118
round_3,RJ,2025-04-27,18.77238046781544,22.13727156722593,5.596995410991708,79.89543115341297
round_3,RJ,2025-05-04,18.203790478488216,21.199698112024993,6.044412972542764,81.00974232497293
round_3,RJ,2025-05-11,17.78008493797613,20.79164596808421,5.704437867531003,80.80474068744509
round_3,RJ,2025-05-18,17.340867274238327,20.53861429485277,5.671761994204794,80.88268261146992
round_3,RJ,2025-05-25,17.302935419058073,20.389409249836135,5.853554104738124,81.54035251662656
round_3,RJ,2025-06-01,16.75490705887784,20.05826991827877,5.184009967284903,81.08743085961761
round_3,RJ,2025-06-08,16.620322595336326,20.335865663254943,4.515807927368271,79.39269311646805
round_3,RJ,2025-06-15,16.458822930731284,19.86862013066179,5.111345436570064,80.0085083555842
round_3,RJ,2025-06-22,16.07024090398795,19.66682599188653,4.555865578481986,79.72204917658794
round_3,RJ,2025-06-29,15.898675829798895,19.55922801774727,4.560701020237005,78.91844018634474
round_3,RJ,2025-07-06,15.964542024995808,19.66437115944395,4.204572060563367,77.77616808387758
round_3,RJ,2025-07-13,15.691018265069486,19.302213889782383,4.559376082638495,78.09838672236212
round_3,RJ,2025-07-20,15.937670649433068,19.6488629547523,4.378300563854046,76.98974927907256
round_3,RJ,2025-07-27,15.838884775254916,19.411108073507112,5.04824661939069,78.52441693523642
round_3,RJ,2025-08-03,16.331315803394766,20.12540790196088,4.689731665028115,77.23721765223372
round_3,RJ,2025-08-10,16.209412514498318,20.028896266553165,5.007019827758668,75.67833804630233
round_3,RJ,2025-08-17,16.413586666352998,20.528177913054527,4.67925708527595,74.66616874795814
round_3,RJ,2025-08-24,16.97968277572012,20.52841015405558,5.448683271608727,76.16690348742047
round_3,RJ,2025-08-31,17.138453816289783,20.790372681058553,5.374110103936974,75.3456777106238
round_3,RJ,2025-09-07,18.013922097416742,21.96977140986265,4.625120455250401,74.29843090766377
round_3,RJ,2025-09-14,18.187286311656653,21.86683595695941,5.4294013983685625,74.99788923962363
round_3,RJ,2025-09-21,18.147446127556336,21.239168865586308,6.31931981693434,78.312632249374
round_3,RJ,2025-09-28,19.134777763556084,22.375718515755157,6.146095020864943,78.44994582033593
round_3,RN,2024-06-23,22.43974864181526,25.06397421238668,6.489728921555575,75.23101738478074
round_3,RN,2024-06-30,22.347178467389607,24.985797820501364,6.543562919194715,75.42297193913403
round_3,RN,2024-07-07,23.736292672261552,26.454083138787432,6.421558469522776,75.7156714234929
round_3,RN,2024-07-14,23.519097307747582,26.457858853548583,6.06100093452372,73.48070258940176
round_3,RN,2024-07-21,23.4651260406254,26.46034273097472,6.041368110118479,72.73307837915985
round_3,RN,2024-07-28,23.36721107033672,26.47841938807485,5.949440248075674,71.34979833502021
round_3,RN,2024-08-04,22.7110465061347,26.008441779593102,5.41344595082169,69.28845024268341
round_3,RN,2024-08-11,22.700050893327443,26.04014047384517,5.426767833900009,68.37256792866006
round_3,RN,2024-08-18,22.904362599461543,26.216762017091256,5.613521490765513,68.86304002957598
round_3,RN,2024-08-25,23.07089021169576,26.486427829251472,5.443408279492341,67.89472113665452
round_3,RN,2024-09-01,22.51993393019993,25.901941065114332,5.4744046547519964,66.36534870043306
round_3,RN,2024-09-08,22.647969487396416,25.99807088678673,5.477320856906252,66.43635375662893
round_3,RN,2024-09-15,22.829019473987675,26.240248322436813,5.380368229550745,66.15130841398894
round_3,RN,2024-09-22,23.099866989105724,26.519820995914426,5.2751783332117785,65.40843176855864
round_3,RN,2024-09-29,23.33457015162349,26.76178179866111,5.259412815796084,64.7985322470395
round_3,RN,2024-10-06,23.22318300386009,26.5425712313986,5.583676761394398,64.64764186881294
round_3,RN,2024-10-13,23.39655603200611,26.676949861635432,5.651318595410945,64.93396114056611
round_3,RN,2024-10-20,23.505050036363865,26.810417556008584,5.57557200868479,64.57255537156662
round_3,RN,2024-10-27,23.65817586773065,26.916232148556023,5.815330631540074,64.76748678462745
round_3,RN,2024-11-03,23.950291746436648,27.174658371165236,5.964651317112154,64.17425453029466
round_3,RN,2024-11-10,23.945004429962975,27.202168206653734,5.720246955152509,64.30553416258506
round_3,RN,2024-11-17,24.10715975470866,27.321738025895694,5.945811347377333,64.55427751105522
round_3,RN,2024-11-24,24.180337425955283,27.31693358585528,6.17235356716589,65.08026066656491
round_3,RN,2024-12-01,24.606811068862275,27.746889654900833,6.261184510985646,63.59342288511151
round_3,RN,2024-12-08,24.584064486033583,27.59692164608616,6.5849517466631315,64.38278713695
round_3,RN,2024-12-15,24.694139089013124,27.67782282392212,6.580845382196759,64.68747626244213
round_3,RN,2024-12-22,24.645207634320336,27.67040933716536,6.264291712635547,64.40705397309118
round_3,RN,2024-12-29,24.626324571308388,27.59455439847604,6.626996511960398,65.66184075493912
round_3,RN,2025-01-05,24.196042331697832,27.1017708620492,6.7880529376285725,70.92800029567879
round_3,RN,2025-01-12,24.114473646056513,26.969977405191592,6.76919679003113,72.25675263498958
round_3,RN,2025-01-19,24.128398060735645,26.921315392936403,6.773766631280758,73.35057032061387
round_3,RN,2025-01-26,24.214506788755383,27.140306795488023,6.734719747073717,71.83296028521434
round_3,RN,2025-02-02,24.200278511142592,27.118030233864367,6.821385815614331,72.6786146513505
round_3,RN,2025-02-09,24.153886722969183,26.899018235819497,6.888308688610561,74.48698725712
round_3,RN,2025-02-16,24.02074179876239,26.710718341135266,6.902647356070613,76.5905222575609
round_3,RN,2025-02-23,24.085703583634643,26.803212847758175,6.8397956145397885,75.86547179191679
round_3,RN,2025-03-02,24.12682520698276,26.865942665712144,6.860874904058652,75.95553291659218
round_3,RN,2025-03-09,24.070708278219907,26.721924042164908,6.919962294905471,76.87664511703265
round_3,RN,2025-03-16,23.98974567613856,26.572881606590776,6.928853207132595,78.21340205305208
round_3,RN,2025-03-23,24.01191741434523,26.500221658308888,6.967817156338959,79.16104266281121
round_3,RN,2025-03-30,23.997318754867273,26.53335882433633,6.872600621202141,78.52011628695794
round_3,RN,2025-04-06,23.931010601815743,26.41704494142323,6.943309435303406,79.61568493368291
round_3,RN,2025-04-13,23.90779707243483,26.413637614071597,6.912693083771991,79.06488723934888
round_3,RN,2025-04-20,23.890964865580404,26.41494221488877,6.8423857357355615,78.37912222268464
round_3,RN,2025-04-27,23.731646902545258,26.25047221704467,6.772945813252698,78.51245987075697
round_3,RN,2025-05-04,23.692444204692404,26.28217661247898,6.731985600983551,77.74361949273624
round_3,RN,2025-05-11,23.656288747266053,26.339252067772424,6.521704740284021,76.49189709686748
round_3,RN,2025-05-18,23.58047159671442,26.28103211376126,6.657956816842613,76.00159523425201
round_3,RN,2025-05-25,23.41389957869175,26.039459487937727,6.670661407788065,76.60372441997131
round_3,RN,2025-06-01,23.09205677234352,25.76659509525171,6.569153944911433,76.28775289710374
round_3,RN,2025-06-08,22.9090060102139,25.53972328165238,6.56446751538824,75.38074000206693
round_3,RN,2025-06-15,22.63510494641888,25.236493905636216,6.676816090131036,76.27297441522953
round_3,RN,2025-06-22,22.43974864181526,25.06397421238668,6.489728921555575,75.23101738478074
round_3,RN,2025-06-29,22.347178467389607,24.985797820501364,6.543562919194715,75.42297193913403
round_3,RN,2025-07-06,22.272954123347837,24.990744589873717,6.421558469522776,74.92567263077447
round_3,RN,2025-07-13,22.055758758833864,24.994520304634868,6.06100093452372,72.69070379668332
round_3,RN,2025-07-20,22.00178749171168,24.997004182061005,6.041368110118479,71.94307958644141
round_3,RN,2025-07-27,21.903872521423008,25.015080839161136,5.949440248075674,70.55979954230179
round_3,RN,2025-08-03,21.91263713172938,25.210032405187786,5.41344595082169,69.13177020695272
round_3,RN,2025-08-10,21.901641518922123,25.241731099439857,5.426767833900009,68.21588789292936
round_3,RN,2025-08-17,22.105953225056226,25.418352642685935,5.613521490765513,68.7063599938453
round_3,RN,2025-08-24,22.27248083729044,25.68801845484615,5.443408279492341,67.73804110092384
round_3,RN,2025-08-31,22.39685333137192,25.778860466286325,5.4744046547519964,66.91535898153091
round_3,RN,2025-09-07,22.524888888568405,25.874990287958727,5.477320856906252,66.98636403772677
round_3,RN,2025-09-14,22.70593887515967,26.117167723608805,5.380368229550745,66.70131869508678
round_3,RN,2025-09-21,22.976786390277717,26.39674039708641,5.2751783332117785,65.95844204965648
round_3,RN,2025-09-28,23.211489552795484,26.638701199833108,5.259412815796084,65.34854252813734
round_3,RO,2024-06-23,21.14194953921141,25.356814447316527,3.729781386455093,71.11425166374612
round_3,RO,2024-06-30,21.46882379932225,25.87609841569156,3.5178512990287016,67.9946496968181
round_3,RO,2024-07-07,21.037500753927805,25.450652682537964,3.9889592073594184,70.21903293317472
round_3,RO,2024-07-14,21.04402635727047,25.612407288018044,3.529671199710798,67.56785304230753
round_3,RO,2024-07-21,21.129626213101865,25.893813981837457,3.2952649428731795,64.51888788099137
round_3,RO,2024-07-28,21.277025800903687,26.36679273597298,2.54860269984874,61.94396923997436
round_3,RO,2024-08-04,21.75913353840696,26.796942199554262,3.1453776030518377,47.91725827268455
round_3,RO,2024-08-11,21.98419544740768,26.889920602005823,3.7489506930372825,49.77116971152753
round_3,RO,2024-08-18,22.268474409768668,27.137677697928183,4.173251947829561,49.63280837138206
round_3,RO,2024-08-25,22.454041824087273,26.67032391462312,5.563098000323449,57.013382025878954
round_3,RO,2024-09-01,23.956208595863597,28.27039629000203,5.808843550519898,46.26742662075174
round_3,RO,2024-09-08,24.233297127447113,28.38855926453143,6.260879852925788,49.069673966404
round_3,RO,2024-09-15,24.429288605375785,28.51509860377417,6.566386883187306,50.48472935812057
round_3,RO,2024-09-22,24.248224408896757,27.916769469911426,6.868850637860669,55.36490315240354
round_3,RO,2024-09-29,24.329951989521884,27.920038511685284,6.965929749707469,57.69586265919122
round_3,RO,2024-10-06,25.26970613596859,28.657666165378675,6.9916960862657795,63.87031854236217
round_3,RO,2024-10-13,25.107521510234545,28.36471454692054,6.974902917701228,65.41119831371999
round_3,RO,2024-10-20,25.114336281794195,28.194462032910636,6.994851903117478,66.79794746189944
round_3,RO,2024-10-27,24.888010029782148,27.822850209354844,6.9051543993835445,67.58174898003433
round_3,RO,2024-11-03,24.67684350399772,27.53603758600362,6.902263525405024,77.35486935560313
round_3,RO,2024-11-10,24.732695598738747,27.49551821158511,6.983647768676808,78.15128094965854
round_3,RO,2024-11-17,24.68822409831677,27.24557335487069,6.9998652929592735,79.6878791770385
round_3,RO,2024-11-24,24.779042244696516,27.37676978734118,6.996818830446075,79.32666023056085
round_3,RO,2024-12-01,24.385924096107892,26.89894662186525,7.0,84.61029444165558
round_3,RO,2024-12-08,24.342293810455104,26.706298733498677,6.998824761931942,85.30854612895811
round_3,RO,2024-12-15,24.15458105137712,26.637465444212864,6.995080006088453,85.02051287301406
round_3,RO,2024-12-22,24.253572964141583,26.65667162826393,6.76,85.23098410321806
round_3,RO,2024-12-29,24.12145494404316,26.440084103071015,7.0,85.48082508239311
round_3,RO,2025-01-05,22.834627164012673,25.150829350549305,7.0,89.54825823558076
round_3,RO,2025-01-12,22.769512478767744,25.202945725807897,6.999821067952852,89.08721241269345
round_3,RO,2025-01-19,22.87177145861501,25.251377884269036,6.999691543708439,89.27312674323124
round_3,RO,2025-01-26,22.85775525328332,25.154715818938403,7.0,89.60821318245873
round_3,RO,2025-02-02,22.893887091073537,25.198049028582194,7.0,89.76216185941901
round_3,RO,2025-02-09,22.785885629445392,24.977185346200844,7.0,90.44585444156937
round_3,RO,2025-02-16,22.739286482401567,24.923122265313832,7.0,90.72636110919636
round_3,RO,2025-02-23,22.729289635018286,25.055626506632855,6.999304181055396,89.91580622425428
round_3,RO,2025-03-02,22.87049098277952,25.276716566600644,7.0,89.56300683583665
round_3,RO,2025-03-09,22.887004787382875,25.23593035279448,7.0,90.01111830666726
round_3,RO,2025-03-16,22.76586068013618,25.0203865068204,7.0,90.72847524648208
round_3,RO,2025-03-23,22.655168268956796,24.88307261583395,6.9990010902137625,91.20029414328428
round_3,RO,2025-03-30,22.780207797632517,25.157064643353976,6.9544252975256144,90.1870813797468
round_3,RO,2025-04-06,22.769231776231056,25.19408461353349,6.961039961186106,89.83533028466337
round_3,RO,2025-04-13,22.700940485501462,25.145484109075845,6.996213796055823,89.47520940953925
round_3,RO,2025-04-20,22.50144189095351,25.082521175770673,6.940017968549331,88.50885391054571
round_3,RO,2025-04-27,22.43039470229793,25.09693810858203,6.845516093495819,87.42108902900785
round_3,RO,2025-05-04,21.99173186512466,24.898664244834123,6.350187368360969,84.50569563242004
round_3,RO,2025-05-11,22.140993219761818,24.93800010830218,6.640444807214817,85.85658865840823
round_3,RO,2025-05-18,22.02664708101063,24.965227323690417,6.674355797825281,85.58198132475242
round_3,RO,2025-05-25,21.642433471884143,24.8016067988819,6.075279591312538,83.7435183174187
round_3,RO,2025-06-01,21.627674125181656,24.911198887829972,6.183468683466994,82.15623559719823
round_3,RO,2025-06-08,21.4519779281594,25.1845987922108,5.509532486657724,78.61928314223611
round_3,RO,2025-06-15,21.079094318613137,25.154387541003533,4.424154661948116,74.37974342307062
round_3,RO,2025-06-22,21.14194953921141,25.356814447316527,3.729781386455093,71.11425166374612
round_3,RO,2025-06-29,21.46882379932225,25.87609841569156,3.5178512990287016,67.9946496968181
round_3,RO,2025-07-06,21.3660032963436,25.77915522495376,3.9889592073594184,66.9132559597017
round_3,RO,2025-07-13,21.37252889968627,25.94090983043384,3.529671199710798,64.26207606883453
round_3,RO,2025-07-20,21.45812875551766,26.222316524253248,3.2952649428731795,61.21311090751835
round_3,RO,2025-07-27,21.605528343319484,26.695295278388777,2.54860269984874,58.63819226650134
round_3,RO,2025-08-03,22.16303385405888,27.200842515206183,3.1453776030518377,58.34069122410538
round_3,RO,2025-08-10,22.388095763059596,27.29382091765774,3.7489506930372825,60.194602662948355
round_3,RO,2025-08-17,22.67237472542059,27.541578013580104,4.173251947829561,60.05624132280289
round_3,RO,2025-08-24,22.857942139739187,27.07422423027504,5.563098000323449,67.43681497729978
round_3,RO,2025-08-31,23.050138700235724,27.36432639437416,5.808843550519898,68.04719934224448
round_3,RO,2025-09-07,23.327227231819236,27.48248936890356,6.260879852925788,70.84944668789676
round_3,RO,2025-09-14,23.523218709747912,27.609028708146298,6.566386883187306,72.26450207961332
round_3,RO,2025-09-21,23.342154513268888,27.010699574283553,6.868850637860669,77.14467587389629
round_3,RO,2025-09-28,23.423882093894015,27.01396861605741,6.965929749707469,79.47563538068397
round_3,RR,2024-06-23,22.442407722495027,24.68280785514356,7.0,88.89789132378831
round_3,RR,2024-06-30,22.394044667147774,24.715245275677713,7.0,88.71023221474607
round_3,RR,2024-07-07,22.80299873019679,25.14967316349785,7.0,89.58328292667109
round_3,RR,2024-07-14,22.76422540968429,25.17216824168004,7.0,89.15374529158125
round_3,RR,2024-07-21,22.77226950279389,25.225103407900537,7.0,89.23923571954819
round_3,RR,2024-07-28,22.841754937792125,25.39346709891736,6.995182038572117,88.79129188772887
round_3,RR,2024-08-04,22.490765366994665,25.171773007948328,6.997775869957172,88.6281354918656
round_3,RR,2024-08-11,22.61159645124744,25.30932662225452,7.0,88.29839551754803
round_3,RR,2024-08-18,22.70152850446903,25.567365516593785,6.943934777351245,87.12227706193374
round_3,RR,2024-08-25,22.91559977252877,26.01969450043776,6.99863675802548,84.7786594900479
round_3,RR,2024-09-01,22.640201297748156,25.74997333680579,6.920525265801447,87.76074253632886
round_3,RR,2024-09-08,22.864088128950087,26.119579991579013,6.892474042510183,85.35422636167156
round_3,RR,2024-09-15,22.880253881635433,26.14996151139855,6.940973895419246,86.01003546215955
round_3,RR,2024-09-22,23.18310055209716,26.80601617331676,6.770781163426153,81.59172786005817
round_3,RR,2024-09-29,23.54244222025924,27.30063417551855,6.736897175312546,77.84622347315714
round_3,RR,2024-10-06,24.106008692588343,27.757281354254953,6.546908473340444,75.14488302725537
round_3,RR,2024-10-13,24.028189425485053,27.5221931241937,6.961021803750007,76.91477043556444
round_3,RR,2024-10-20,24.023604467103834,27.582694096038903,6.813461505489289,76.70734071051783
round_3,RR,2024-10-27,24.17345036162381,27.52454985615985,6.8356265532532365,76.85920908863943
round_3,RR,2024-11-03,24.671814548005973,27.926350933949227,6.936892573080734,74.45593318316313
round_3,RR,2024-11-10,24.88231419933615,28.226476489265057,6.842819796455019,72.11709357298989
round_3,RR,2024-11-17,24.827177633401476,28.210612791274784,6.7887686706227806,71.54389827845688
round_3,RR,2024-11-24,24.97651582322301,28.219344113763977,6.970395015873187,70.96160592612858
round_3,RR,2024-12-01,24.114334909455668,27.435336144753656,6.871538625358477,79.92943176328545
round_3,RR,2024-12-08,24.067001727449703,27.26813290405651,6.753646817511583,79.72604751012939
round_3,RR,2024-12-15,24.010771620936715,27.106713064028547,6.700880819792846,79.99584224855616
round_3,RR,2024-12-22,23.808560985311917,26.94427216798416,6.5648086283724885,79.93442264133088
round_3,RR,2024-12-29,23.66621900593997,26.895897025374538,6.154741273356326,77.82618467087798
round_3,RR,2025-01-05,23.94502855685226,27.36172419522745,6.1221444775925455,66.52002542263648
round_3,RR,2025-01-12,24.057779465238458,27.40864008059552,6.171344393128055,66.40761527053851
round_3,RR,2025-01-19,24.04698569066737,27.668199953135357,5.6959897234870835,63.42204297537226
round_3,RR,2025-01-26,24.108270804443823,27.55295743651821,5.730443546858842,64.76950989832626
round_3,RR,2025-02-02,24.1385231311698,27.65291155631624,5.940861375363441,63.75303794425034
round_3,RR,2025-02-09,24.204905976782317,27.790205351799244,5.529199536528185,62.80200986519406
round_3,RR,2025-02-16,24.154150040945943,27.70487192632871,5.766397589513409,63.9764827074543
round_3,RR,2025-02-23,24.417830972302298,27.929314704254395,6.313409604045633,63.96515612106963
round_3,RR,2025-03-02,24.46744391878956,27.972436018836664,5.9850321344068265,64.2851920668569
round_3,RR,2025-03-09,24.39295642106631,28.062920524622715,5.632535071713601,63.37519868757343
round_3,RR,2025-03-16,24.525636636695953,28.08221236779567,6.028349639672321,64.83237086543384
round_3,RR,2025-03-23,24.44863137748124,27.95615263074167,6.361497295512012,66.23700142610711
round_3,RR,2025-03-30,24.25870959473907,27.41009965942556,6.248151797848321,70.42647963177969
round_3,RR,2025-04-06,24.30026037112707,27.498424751749425,6.166672857119653,71.08011688326575
round_3,RR,2025-04-13,23.846631601126504,26.634040224188247,6.852034727899813,77.73367019791142
round_3,RR,2025-04-20,23.532645001199676,26.109722840132388,6.97018663403594,81.82077983877802
round_3,RR,2025-04-27,23.40605444729439,25.858967392426504,6.966057511654475,82.98491734770906
round_3,RR,2025-05-04,23.185207494118817,25.362381088652135,7.0,87.04715297481535
round_3,RR,2025-05-11,23.22938024224524,25.38696800059094,7.0,86.93119819418942
round_3,RR,2025-05-18,23.08045524643753,25.35965171167675,7.0,87.06207022670361
round_3,RR,2025-05-25,22.96272726103627,25.16547935365792,6.99661346125733,87.61638271713136
round_3,RR,2025-06-01,22.743254930521772,25.03432288291535,6.973714380079375,87.85774558931307
round_3,RR,2025-06-08,22.607240027438586,24.817823438071365,7.0,89.06255736502584
round_3,RR,2025-06-15,22.48926897383225,24.758594997617667,7.0,88.85437715824483
round_3,RR,2025-06-22,22.442407722495027,24.68280785514356,7.0,88.89789132378831
round_3,RR,2025-06-29,22.394044667147774,24.715245275677713,7.0,88.71023221474607
round_3,RR,2025-07-06,22.39063874452825,24.737313177829304,7.0,88.67001033719035
round_3,RR,2025-07-13,22.351865424015735,24.759808256011485,7.0,88.2404727021005
round_3,RR,2025-07-20,22.35990951712533,24.81274342223198,7.0,88.32596313006744
round_3,RR,2025-07-27,22.429394952123573,24.981107113248804,6.995182038572117,87.87801929824812
round_3,RR,2025-08-03,22.60973254623809,25.29074018719175,6.997775869957172,86.94948509500192
round_3,RR,2025-08-10,22.730563630490867,25.428293801497944,7.0,86.61974512068434
round_3,RR,2025-08-17,22.82049568371246,25.686332695837212,6.943934777351245,85.44362666507006
round_3,RR,2025-08-24,23.034566951772188,26.13866167968119,6.99863675802548,83.10000909318421
round_3,RR,2025-08-31,23.053492378260177,26.163264417317812,6.920525265801447,83.164077893563
round_3,RR,2025-09-07,23.277379209462108,26.53287107209103,6.892474042510183,80.7575617189057
round_3,RR,2025-09-14,23.293544962147443,26.563252591910565,6.940973895419246,81.41337081939369
round_3,RR,2025-09-21,23.596391632609183,27.21930725382878,6.770781163426153,76.99506321729231
round_3,RR,2025-09-28,23.95573330077125,27.713925256030564,6.736897175312546,73.2495588303913
round_3,RS,2024-06-23,11.24188124879278,14.3096958061237,5.375724277531827,83.2664591188063
round_3,RS,2024-06-30,11.094966166848838,14.391160921812766,4.782207697947308,81.96462277534067
round_3,RS,2024-07-07,12.392061955610728,15.563926174368682,5.267432568346348,82.43214965405308
round_3,RS,2024-07-14,11.312765691995557,14.823117251337504,4.667149010191132,80.9409818401712
round_3,RS,2024-07-21,12.384365902246447,15.711488160475628,4.9350294411338895,79.80594859094225
round_3,RS,2024-07-28,12.157235070755348,15.925136517222809,4.426909586881983,81.23653841149338
round_3,RS,2024-08-04,10.335027204191736,13.932126945064374,5.264657736432712,81.20456935926016
round_3,RS,2024-08-11,10.592206524792124,14.406118910621688,4.633297934001901,80.27813303214388
round_3,RS,2024-08-18,10.745822684754105,14.662283265138068,4.806430279133202,79.43024103497457
round_3,RS,2024-08-25,10.513092912868728,14.342798510648686,4.918306261502112,79.66412662980458
round_3,RS,2024-09-01,10.233163874020685,14.135927470305472,5.006332958790929,78.86735636409183
round_3,RS,2024-09-08,11.151099049480008,14.749077815995378,5.574878940636691,79.67300136047027
round_3,RS,2024-09-15,11.174744772152836,14.817392153807168,5.973122257531049,80.41667113436003
round_3,RS,2024-09-22,10.773235165130888,14.709169316200214,5.458828384652497,78.59302129265728
round_3,RS,2024-09-29,12.213594073430995,15.874468495961134,6.108191882892798,79.79043324463863
round_3,RS,2024-10-06,12.079864935938849,15.70846347839533,6.060287617824551,80.28629480507216
round_3,RS,2024-10-13,12.40553221879319,16.19655430489936,6.072762992670369,80.13091346477728
round_3,RS,2024-10-20,12.534624561408451,16.592046351737018,5.683988295891111,77.70676902251628
round_3,RS,2024-10-27,12.768839906281707,16.847128109647812,5.710987530218661,77.5100541224932
round_3,RS,2024-11-03,12.638238713953037,16.70902462017917,5.907348255207177,78.34126086620806
round_3,RS,2024-11-10,13.37810512212211,17.392311675947955,5.758618025026803,77.90426167081085
round_3,RS,2024-11-17,13.717987553823049,17.940884790674705,5.492264547264673,77.45619180096834
round_3,RS,2024-11-24,14.67829177843195,18.653327511091508,5.854498328609713,77.76050651154814
round_3,RS,2024-12-01,14.777233921273163,18.705189556733732,6.110446782025846,76.26804399332565
round_3,RS,2024-12-08,15.209684581694368,19.430511807261293,6.020846591947504,74.86874817341662
round_3,RS,2024-12-15,16.034447715427618,20.033504581722624,6.401739796501397,77.28331954216338
round_3,RS,2024-12-22,16.032071496042956,20.054575133093028,5.764153667549669,75.95274660619016
round_3,RS,2024-12-29,16.842013091109933,20.695585667692637,6.442157641995919,77.08216487111594
round_3,RS,2025-01-05,20.320613525678617,24.289109516466997,6.348961736229269,76.00637783740109
round_3,RS,2025-01-12,20.010703822504645,23.75243097644451,6.391700748037324,77.49089755412001
round_3,RS,2025-01-19,19.880304911876653,23.62174822668086,6.530557954532001,76.19912106090558
round_3,RS,2025-01-26,20.363929230551037,24.17486383433278,6.365164511860891,77.32218436290059
round_3,RS,2025-02-02,20.11020092185101,24.063791137253045,6.426496443642422,75.84236255323756
round_3,RS,2025-02-09,19.775118807271276,23.4538015469423,6.47161476411618,76.753159125377
round_3,RS,2025-02-16,19.88914964602884,23.461990868324342,6.567097606456824,78.05881505443497
round_3,RS,2025-02-23,19.55491524400503,23.11264133118858,6.478238267901321,78.60208144842967
round_3,RS,2025-03-02,19.41275143364183,23.096181289772908,6.1475758308160335,78.30015217702466
round_3,RS,2025-03-09,19.192269664271855,22.819577934750953,6.152417757867862,78.01169640544089
round_3,RS,2025-03-16,18.74803571695145,21.903185677653997,6.507056085128604,79.95796590006509
round_3,RS,2025-03-23,17.379389820666404,21.027052426568336,5.9619430614239155,78.11325344439014
round_3,RS,2025-03-30,17.661250161560968,21.10404250068711,6.065513242234247,79.213211175953
round_3,RS,2025-04-06,17.11277636834279,20.473794221620555,5.93086116117819,79.45192736788351
round_3,RS,2025-04-13,15.849832860078754,19.41776810797794,5.264488799024825,79.09570643584931
round_3,RS,2025-04-20,14.730393703346165,18.345036547679513,5.304364553736523,79.9520870908974
round_3,RS,2025-04-27,14.450975422982516,17.700744305399216,5.534704382867204,81.38307924936473
round_3,RS,2025-05-04,13.24165591817607,16.421323743889147,5.641363176487545,81.40740317118782
round_3,RS,2025-05-11,12.458844203194438,15.638655337600786,5.280194889054053,82.36748790766947
round_3,RS,2025-05-18,12.622300914168472,15.828196212207722,5.04136031712246,82.11636914682633
round_3,RS,2025-05-25,11.409380617643054,14.516190332810334,5.1774162645350685,81.95005365688547
round_3,RS,2025-06-01,11.07749840264202,14.26854288572506,5.107312021449156,82.45120812061428
round_3,RS,2025-06-08,11.718607960261131,14.76539352469394,5.054177700637829,83.18177656011274
round_3,RS,2025-06-15,10.56049591472245,13.694882452788653,5.27162316060792,82.91822474874695
round_3,RS,2025-06-22,11.24188124879278,14.3096958061237,5.375724277531827,83.2664591188063
round_3,RS,2025-06-29,11.094966166848838,14.391160921812766,4.782207697947308,81.96462277534067
round_3,RS,2025-07-06,10.184162834574318,13.356027053332271,5.267432568346348,82.60376500404111
round_3,RS,2025-07-13,9.104866570959146,12.615218130301097,4.667149010191132,81.11259719015922
round_3,RS,2025-07-20,10.176466781210038,13.503589039439216,4.9350294411338895,79.97756394093028
round_3,RS,2025-07-27,9.94933594971894,13.7172373961864,4.426909586881983,81.40815376148143
round_3,RS,2025-08-03,11.09870322114893,14.695802962021569,5.264657736432712,80.19768825721415
round_3,RS,2025-08-10,11.35588254174932,15.16979492757888,4.633297934001901,79.27125193009788
round_3,RS,2025-08-17,11.509498701711298,15.425959282095262,4.806430279133202,78.42335993292855
round_3,RS,2025-08-24,11.27676892982592,15.10647452760588,4.918306261502112,78.65724552775856
round_3,RS,2025-08-31,12.09144089671372,15.994204492998511,5.006332958790929,78.71684544274319
round_3,RS,2025-09-07,13.009376072173044,16.607354838688412,5.574878940636691,79.52249043912163
round_3,RS,2025-09-14,13.03302179484587,16.675669176500207,5.973122257531049,80.26616021301137
round_3,RS,2025-09-21,12.631512187823926,16.567446338893248,5.458828384652497,78.44251037130863
round_3,RS,2025-09-28,14.071871096124031,17.73274551865417,6.108191882892798,79.63992232329
round_3,SC,2024-06-23,12.448895784888087,15.33123722849096,5.857429487953852,84.64908352955916
round_3,SC,2024-06-30,12.231188968651916,15.432383505030815,5.302999420383959,83.10715425931765
round_3,SC,2024-07-07,13.44494435594202,16.352281894162612,5.895326696045659,84.08001547987337
round_3,SC,2024-07-14,12.44475312152283,15.697079548331187,5.392534784800037,82.8272875453324
round_3,SC,2024-07-21,13.05987912569786,16.260893095846267,5.645530865551675,82.34148629095358
round_3,SC,2024-07-28,13.018015778404555,16.28802625407523,5.5602643217704495,83.50120927897721
round_3,SC,2024-08-04,11.9504196434981,15.113240700851884,5.937665640572015,82.85910303964845
round_3,SC,2024-08-11,12.03398565542336,15.350647652941092,5.902778361356726,82.24730511664731
round_3,SC,2024-08-18,12.322458446850796,15.794013277709873,5.7475611319645585,81.35538320609308
round_3,SC,2024-08-25,12.277879535103413,15.531503244062876,6.14224084931583,81.22931990314177
round_3,SC,2024-09-01,11.952356201104134,15.262651999249837,6.031356134604303,80.39584019452546
round_3,SC,2024-09-08,13.24897825618932,16.30298298819683,6.3695254000769586,82.01698032758809
round_3,SC,2024-09-15,13.08734405003653,16.163783442960543,6.666909108094442,81.69389176487985
round_3,SC,2024-09-22,12.810794877397829,15.881792247649528,6.472392335485803,80.26260125835095
round_3,SC,2024-09-29,14.07555467474668,16.915181057526265,6.76692105992703,82.55714070126903
round_3,SC,2024-10-06,14.22088556566228,17.009749787201084,6.781430383150388,82.26249730804975
round_3,SC,2024-10-13,14.439060177781151,17.28751727312549,6.780174880900018,81.76574649797311
round_3,SC,2024-10-20,14.729392051718063,17.749167815483847,6.670471139978455,80.15314010021568
round_3,SC,2024-10-27,14.73092187084131,17.834857351926335,6.62547993600609,79.24309049960915
round_3,SC,2024-11-03,14.348865613373318,17.333023851996003,6.759242643658238,81.1618985308727
round_3,SC,2024-11-10,15.03311043412677,18.140423103536445,6.547365427067621,80.787064066066
round_3,SC,2024-11-17,15.41366955594654,18.57244486608826,6.674630407237269,80.45298001488752
round_3,SC,2024-11-24,16.181269077370846,19.02165877166167,6.782575680587752,82.17809807422266
round_3,SC,2024-12-01,16.050446809360935,19.02026940246188,6.818213608583366,79.94772415699386
round_3,SC,2024-12-08,16.463646415797765,19.4520483580088,6.832860410453333,79.62945568509613
round_3,SC,2024-12-15,16.994468106930714,20.082306050696413,6.881398133966954,80.49460878485961
round_3,SC,2024-12-22,17.10079803120493,20.04158448827075,6.605295635327541,80.25010730667977
round_3,SC,2024-12-29,17.73911382655319,20.65230258783825,6.937865709282329,81.33700900222539
round_3,SC,2025-01-05,20.40980493886973,23.390247048795008,6.914598186961351,82.31515954229732
round_3,SC,2025-01-12,20.30162967429912,23.239112705887393,6.88742714359507,82.80854139973023
round_3,SC,2025-01-19,19.96910985450117,22.83489904677816,6.842047042950501,81.77997514656094
round_3,SC,2025-01-26,20.453663722808987,23.516756870896916,6.906759900325259,82.42036750906517
round_3,SC,2025-02-02,20.220037745174295,23.307539765265275,6.844595215187341,81.38705379024204
round_3,SC,2025-02-09,20.078168665227327,23.008716062572702,6.90133183111969,82.29571899446314
round_3,SC,2025-02-16,20.30505952760439,23.062070103050218,6.956678951546404,83.6159459293131
round_3,SC,2025-02-23,19.982820997470164,22.79108229995835,6.938526329881084,83.3273166706301
round_3,SC,2025-03-02,19.992137014349268,22.924505614744284,6.837442412870407,82.77938538032001
round_3,SC,2025-03-09,19.89226676926657,22.711381166282283,6.847509380997674,83.08432785268775
round_3,SC,2025-03-16,19.472651553712936,22.17466690640587,6.906881307004043,83.15808769013759
round_3,SC,2025-03-23,18.202150425451073,21.116100287227795,6.715999589106134,81.64644808208462
round_3,SC,2025-03-30,18.356951142183775,21.159607916642702,6.734942837016945,82.8102024956909
round_3,SC,2025-04-06,17.93923136871759,20.86140126963392,6.590775232382834,82.6897214786795
round_3,SC,2025-04-13,16.880302722200554,19.91245315673645,6.248673583542943,81.85577794263347
round_3,SC,2025-04-20,16.26786664260838,19.278101734545142,6.254617248821275,82.36090955507632
round_3,SC,2025-04-27,15.67788531864678,18.714448125344685,6.277512308799688,82.70413489593774
round_3,SC,2025-05-04,14.474439672744428,17.40933712121922,6.291717544911592,82.13577212484662
round_3,SC,2025-05-11,13.89526424703446,16.766198565490644,6.016855701866941,82.7910040485871
round_3,SC,2025-05-18,13.831982812999373,16.764661636334676,5.863059178121881,83.28700013200385
round_3,SC,2025-05-25,12.88147367065412,15.796113045307363,5.733924650810446,82.73965249763275
round_3,SC,2025-06-01,12.342793391555768,15.44883350277902,5.45143771201983,83.22343394149522
round_3,SC,2025-06-08,13.039486272925204,16.012794816384726,5.579134750835743,84.20460033045339
round_3,SC,2025-06-15,12.349875679793769,15.202112854690512,5.980589671784477,84.16166636165316
round_3,SC,2025-06-22,12.448895784888087,15.33123722849096,5.857429487953852,84.64908352955916
round_3,SC,2025-06-29,12.231188968651916,15.432383505030815,5.302999420383959,83.10715425931765
round_3,SC,2025-07-06,11.979467239622128,14.88680477784272,5.895326696045659,83.5616923680751
round_3,SC,2025-07-13,10.979276005202935,14.231602432011298,5.392534784800037,82.30896443353413
round_3,SC,2025-07-20,11.594402009377973,14.795415979526371,5.645530865551675,81.82316317915533
round_3,SC,2025-07-27,11.552538662084665,14.822549137755342,5.5602643217704495,82.98288616717893
round_3,SC,2025-08-03,12.462604884832372,15.625425942186151,5.937665640572015,82.4152805238442
round_3,SC,2025-08-10,12.546170896757628,15.86283289427536,5.902778361356726,81.80348260084307
round_3,SC,2025-08-17,12.834643688185066,16.30619851904414,5.7475611319645585,80.91156069028885
round_3,SC,2025-08-24,12.79006477643768,16.043688485397144,6.14224084931583,80.78549738733753
round_3,SC,2025-08-31,13.306112029108208,16.616407827253912,6.031356134604303,80.66085270288526
round_3,SC,2025-09-07,14.602734084193392,17.656738816200907,6.3695254000769586,82.28199283594789
round_3,SC,2025-09-14,14.441099878040603,17.517539270964615,6.666909108094442,81.95890427323965
round_3,SC,2025-09-21,14.164550705401902,17.235548075653604,6.472392335485803,80.52761376671076
round_3,SC,2025-09-28,15.429310502750754,18.268936885530337,6.76692105992703,82.82215320962884
round_3,SE,2024-06-23,21.57764990445774,23.3925934583765,7.0,82.11037057745129
round_3,SE,2024-06-30,21.360170975418544,23.201161759355212,6.993792306772345,81.99032282600022
round_3,SE,2024-07-07,22.498292736697923,24.334673298939418,7.0,82.93548776214338
round_3,SE,2024-07-14,22.373426393378143,24.316300113474316,6.976567801370632,80.91851401104955
round_3,SE,2024-07-21,22.321803037884248,24.220771251485267,6.97385235801704,80.76187869399538
round_3,SE,2024-07-28,22.13863196591905,24.102159168941338,6.953713373995672,79.74496924035144
round_3,SE,2024-08-04,21.16778847177308,23.290036007067098,6.964676314006037,80.06472496532771
round_3,SE,2024-08-11,21.154074464556988,23.15595996480136,6.996766510468197,80.17789883876682
round_3,SE,2024-08-18,21.346840674153125,23.39042626260666,7.0,81.30712488977467
round_3,SE,2024-08-25,21.48926340216924,23.671714615812977,6.9709455987185205,79.60732003774721
round_3,SE,2024-09-01,20.80921252599033,22.99586624208136,6.963463673889487,78.00757788440802
round_3,SE,2024-09-08,20.933652802792963,23.038980282799095,6.992046344919563,78.44666945459093
round_3,SE,2024-09-15,21.10301503698117,23.385173466365178,6.933762099945276,77.57317107406904
round_3,SE,2024-09-22,21.492151231920698,23.863292338692467,6.843075950146957,76.82029887458724
round_3,SE,2024-09-29,21.8168795585567,24.245877854172782,6.788913260923927,75.70255302857241
round_3,SE,2024-10-06,21.720164773857153,23.98282206228796,6.962429755989722,73.87331930920035
round_3,SE,2024-10-13,21.899936409156503,24.20957320620178,6.965319808212922,73.77254199869054
round_3,SE,2024-10-20,22.154770632628782,24.543454556263157,6.897763480725254,73.79723300475054
round_3,SE,2024-10-27,22.43943318874892,24.92796871348543,6.865418727870373,72.68985137199115
round_3,SE,2024-11-03,22.926202788473276,25.290592310148984,6.90000355161254,71.80426590300702
round_3,SE,2024-11-10,23.035569830866116,25.603111875438852,6.822232116000015,69.92423181538392
round_3,SE,2024-11-17,23.152516908627277,25.717057867537296,6.802353432561039,70.27081670170953
round_3,SE,2024-11-24,23.31150980845938,25.844465339264957,6.84954079099485,69.83674101255718
round_3,SE,2024-12-01,24.05030775674908,26.693023476104383,6.596527918211438,67.69614078308913
round_3,SE,2024-12-08,24.056401632938886,26.57741741723796,6.735789364007668,67.44268142238509
round_3,SE,2024-12-15,24.081092988839195,26.541320606389807,6.960895694938228,67.65488270370776
round_3,SE,2024-12-22,24.0833658220866,26.651303313162472,6.699994059384411,67.3972569615395
round_3,SE,2024-12-29,24.150374830726832,26.696813087568064,6.902150215814824,67.72187409369855
round_3,SE,2025-01-05,23.82614725737136,26.37724573269603,6.892149646107178,74.48558983489873
round_3,SE,2025-01-12,23.822967522667497,26.348286730183165,6.967311201713472,75.0200850703046
round_3,SE,2025-01-19,23.929756627688104,26.503378208877187,6.834788105722083,74.71801180095322
round_3,SE,2025-01-26,23.934960658558428,26.58206924257425,6.889009121845678,74.45857435565152
round_3,SE,2025-02-02,24.098839786885357,26.66747697387502,6.9517915304913185,74.79628353562602
round_3,SE,2025-02-09,24.021204753355544,26.57047062999688,6.985773765180426,75.40617652803263
round_3,SE,2025-02-16,23.924747281323935,26.425678677287703,6.968063337573524,77.18679720977376
round_3,SE,2025-02-23,24.045663517519383,26.644871470034712,6.9682024854039595,76.00828814111702
round_3,SE,2025-03-02,24.19647007411654,26.827206402106366,6.926708390141013,75.40150609202585
round_3,SE,2025-03-09,24.05031315068966,26.675726689661484,6.965848053317678,76.12219007582453
round_3,SE,2025-03-16,23.960943280781933,26.42831260714135,6.937722378420692,78.22648906423947
round_3,SE,2025-03-23,23.983020774108308,26.446092129104823,6.975808230318449,78.09527456986334
round_3,SE,2025-03-30,23.932855954270806,26.40081073815286,6.926569764180176,77.53095485305016
round_3,SE,2025-04-06,23.83143038011925,26.31033240563184,6.863244611152789,78.43742241387204
round_3,SE,2025-04-13,23.732008340851177,26.07684162613349,6.971193720169173,79.36259868494925
round_3,SE,2025-04-20,23.47330177647344,25.706286377159007,6.947624036443893,80.02135786481527
round_3,SE,2025-04-27,23.30612194695556,25.386914753144435,6.9790308446676885,81.23956135625657
round_3,SE,2025-05-04,23.125131015430128,25.25947508925306,6.943155980299422,80.79085510555775
round_3,SE,2025-05-11,23.0387482366783,25.04884941870424,6.95169242745469,81.76764971134287
round_3,SE,2025-05-18,22.76409620719764,24.657459672358833,6.998430442393207,82.92120010383093
round_3,SE,2025-05-25,22.65454438527396,24.58099113117111,6.962695091164095,82.44561097347629
round_3,SE,2025-06-01,22.29009517995399,24.24343005976811,6.997386320493167,82.47192544326516
round_3,SE,2025-06-08,22.11009032826132,23.90058656104523,6.979094686715157,82.22514584235624
round_3,SE,2025-06-15,21.90119288855332,23.705019325169676,6.9997379692749275,82.39823991873894
round_3,SE,2025-06-22,21.57764990445774,23.3925934583765,7.0,82.11037057745129
round_3,SE,2025-06-29,21.360170975418544,23.201161759355212,6.993792306772345,81.99032282600022
round_3,SE,2025-07-06,21.26102060287587,23.097401165117365,7.0,82.70892407368224
round_3,SE,2025-07-13,21.13615425955609,23.079027979652263,6.976567801370632,80.69195032258841
round_3,SE,2025-07-20,21.084530904062195,22.983499117663214,6.97385235801704,80.53531500553426
round_3,SE,2025-07-27,20.901359832096997,22.86488703511929,6.953713373995672,79.5184055518903
round_3,SE,2025-08-03,20.81884842478787,22.941095960081896,6.964676314006037,79.03376170394566
round_3,SE,2025-08-10,20.805134417571782,22.807019917816152,6.996766510468197,79.14693557738477
round_3,SE,2025-08-17,20.99790062716792,23.041486215621457,7.0,80.27616162839261
round_3,SE,2025-08-24,21.140323355184034,23.322774568827764,6.9709455987185205,78.57635677636516
round_3,SE,2025-08-31,21.272601660625043,23.459255376716076,6.963463673889487,77.88747775137365
round_3,SE,2025-09-07,21.39704193742768,23.502369417433812,6.992046344919563,78.32656932155658
round_3,SE,2025-09-14,21.566404171615886,23.848562600999887,6.933762099945276,77.45307094103468
round_3,SE,2025-09-21,21.955540366555407,24.326681473327184,6.843075950146957,76.70019874155288
round_3,SE,2025-09-28,22.280268693191417,24.709266988807503,6.788913260923927,75.58245289553807
round_3,SP,2024-06-23,13.41345456850293,17.449841166562372,4.258715287082638,74.71028571462688
round_3,SP,2024-06-30,13.176713191731746,17.401784887527352,3.682668200547688,72.84853642633145
round_3,SP,2024-07-07,15.16455938478214,19.243030794705728,4.417465739349033,70.44351490958668
round_3,SP,2024-07-14,14.62062086878858,18.8475473383195,4.4321714778827035,70.578552121391
round_3,SP,2024-07-21,15.027842159121802,19.23715841789985,3.999744457144806,69.64269487025662
round_3,SP,2024-07-28,14.807868701832698,19.000822340069277,4.263779120923102,71.58192000496621
round_3,SP,2024-08-04,14.01143950435219,18.475691168395368,4.222489889048969,67.7713410084894
round_3,SP,2024-08-11,14.073783077287642,18.561404742482992,4.352890696119566,65.99891932421579
round_3,SP,2024-08-18,14.435999483808107,19.155555881790676,4.042188296127286,64.38545166493968
round_3,SP,2024-08-25,14.647605442940304,19.05302457066388,5.0018838664385825,67.19089408947526
round_3,SP,2024-09-01,14.716956909200666,19.258390587587503,5.029138936359424,62.5402673371008
round_3,SP,2024-09-08,16.184835899376807,20.782071765317152,4.777210895757597,60.455777037454006
round_3,SP,2024-09-15,16.033037855606437,20.533923250366364,5.598293495335971,62.33917070560414
round_3,SP,2024-09-22,15.569946827936066,19.47490064702047,6.018726609122764,66.96456555647623
round_3,SP,2024-09-29,16.834043821512445,20.804446900656743,6.344124047473752,68.03841337477385
round_3,SP,2024-10-06,17.887068053091657,21.81533635880222,6.224001849811962,62.17956250243264
round_3,SP,2024-10-13,18.10606944717873,22.020952944834328,6.354315585271215,62.275549892295125
round_3,SP,2024-10-20,18.33689353119614,22.115665997915777,6.638002907047839,63.978217250069925
round_3,SP,2024-10-27,18.219668687397444,21.82824084125397,6.652544508116484,64.16024799210741
round_3,SP,2024-11-03,17.65772987224631,21.11915050923501,6.71939305008934,72.99166867078799
round_3,SP,2024-11-10,18.4189712641057,21.987133947907346,6.680343632294233,71.89149694401154
round_3,SP,2024-11-17,18.546068198657192,22.027722897296805,6.728910748120862,73.43418699197245
round_3,SP,2024-11-24,19.008536648396117,22.226849146149295,6.883481524336835,74.70348995432208
round_3,SP,2024-12-01,18.766584434640823,22.060963133009267,6.869450763943304,76.44851512516713
round_3,SP,2024-12-08,19.00991298374902,22.057977276992812,6.8829873189345765,77.61772580709365
round_3,SP,2024-12-15,19.05329705359495,22.485126851624717,6.956583169351389,75.92220354620338
round_3,SP,2024-12-22,19.335227723327954,22.447304359293177,6.6697867524752334,77.55089639862956
round_3,SP,2024-12-29,19.705811107879317,22.60556074288446,6.98354932438513,78.77161634247418
round_3,SP,2025-01-05,19.948294247931177,23.08610271772192,6.951659659308889,82.09696076889618
round_3,SP,2025-01-12,19.97747296939051,23.128312618533727,6.95430419570624,82.06842053416453
round_3,SP,2025-01-19,19.608744911892163,22.770017210169453,6.911545523144809,81.93580243708871
round_3,SP,2025-01-26,19.893875720149328,23.198379836986337,6.78650825821673,81.57066708774741
round_3,SP,2025-02-02,19.664548406141407,23.04098754246512,6.7430459230532245,80.71747588678608
round_3,SP,2025-02-09,19.704385630011167,23.01275803274312,6.930423198520388,81.47869278206024
round_3,SP,2025-02-16,19.91259555839878,23.12189774609516,6.922759741096057,82.36134756509702
round_3,SP,2025-02-23,19.75613429893004,22.81435630639264,6.960148055845299,82.93868535587899
round_3,SP,2025-03-02,19.59697167238536,23.019627664822885,6.862737088769599,81.27167493211851
round_3,SP,2025-03-09,19.72528471026801,22.788963353098808,6.966846488486855,83.3070971635324
round_3,SP,2025-03-16,19.258487261619795,22.359002192010188,6.92090028772964,82.77967621912511
round_3,SP,2025-03-23,18.451166739589464,21.575162745138073,6.779697945399313,82.34166422212752
round_3,SP,2025-03-30,18.348701606271433,21.660998185344535,6.616461987672747,81.2053335321228
round_3,SP,2025-04-06,18.174574292501944,21.55727724610999,6.5621003311046815,80.61087953990513
round_3,SP,2025-04-13,17.223129834574426,20.737332957460765,5.921188118493893,78.49021620638331
round_3,SP,2025-04-20,17.081381559785243,20.60676632283936,5.827147577847489,78.4724840459056
round_3,SP,2025-04-27,16.07402699860428,19.958483099633614,5.205258633012195,75.52662412604067
round_3,SP,2025-05-04,15.235141054041728,18.83668430818762,5.537248851016044,76.84342930144966
round_3,SP,2025-05-11,14.89794195885542,18.428828627981435,5.3337153380789095,77.02857113151744
round_3,SP,2025-05-18,14.554423144507444,18.124655764553992,5.263518554754404,77.83904018326572
round_3,SP,2025-05-25,14.000693782647414,17.62567120324384,5.323451309552767,78.62328426992359
round_3,SP,2025-06-01,13.834389178933089,17.49507506975202,4.988809508551977,78.52586306384426
round_3,SP,2025-06-08,13.837338744044477,17.91083131663565,3.930971960926614,75.53047832705833
round_3,SP,2025-06-15,13.61870203489114,17.4315434988667,4.514876531843884,76.28925709319724
round_3,SP,2025-06-22,13.41345456850293,17.449841166562372,4.258715287082638,74.71028571462688
round_3,SP,2025-06-29,13.176713191731746,17.401784887527352,3.682668200547688,72.84853642633145
round_3,SP,2025-07-06,13.369542789273604,17.44801419919719,4.417465739349033,72.41998647902156
round_3,SP,2025-07-13,12.825604273280042,17.052530742810962,4.4321714778827035,72.55502369082589
round_3,SP,2025-07-20,13.232825563613265,17.44214182239131,3.999744457144806,71.61916643969151
round_3,SP,2025-07-27,13.01285210632416,17.205805744560738,4.263779120923102,73.55839157440109
round_3,SP,2025-08-03,13.876565570244791,18.34081723428797,4.222489889048969,71.44130166976007
round_3,SP,2025-08-10,13.938909143180243,18.426530808375595,4.352890696119566,69.66887998548646
round_3,SP,2025-08-17,14.301125549700712,19.02068194768328,4.042188296127286,68.05541232621034
round_3,SP,2025-08-24,14.512731508832909,18.918150636556483,5.0018838664385825,70.86085475074593
round_3,SP,2025-08-31,14.98851171129908,19.529945389685913,5.029138936359424,70.66746274511556
round_3,SP,2025-09-07,16.45639070147522,21.053626567415566,4.777210895757597,68.58297244546877
round_3,SP,2025-09-14,16.304592657704852,20.805478052464775,5.598293495335971,70.4663661136189
round_3,SP,2025-09-21,15.841501630034475,19.746455449118884,6.018726609122764,75.091760964491
round_3,SP,2025-09-28,17.10559862361086,21.076001702755157,6.344124047473752,76.16560878278861
round_3,TO,2024-06-23,21.69563912107188,26.57464076664296,1.2631520296804355,50.7274922999655
round_3,TO,2024-06-30,21.65204556721276,26.71232316740739,0.9880537590296302,48.765570644934805
round_3,TO,2024-07-07,22.04318179654129,27.143765942636616,1.52146929878458,49.07079228331975
round_3,TO,2024-07-14,22.05819805073657,27.256161279715577,1.4540902814931886,47.70180633986238
round_3,TO,2024-07-21,21.84966148177205,27.251943628259077,0.970906021475968,45.35408154629932
round_3,TO,2024-07-28,22.026568481074033,27.492443904163505,0.8992543078286518,43.20199916595483
round_3,TO,2024-08-04,21.449632666321595,27.283508803695728,0.7676792382520018,37.13016312882089
round_3,TO,2024-08-11,21.83266436118307,27.481694706202923,0.9960685175347442,36.72886759857282
round_3,TO,2024-08-18,22.54495142096333,28.107647530836893,1.2338166938587487,36.12160519366296
round_3,TO,2024-08-25,23.06580833276992,28.65310148673154,2.0539581914125113,37.615107302239515
round_3,TO,2024-09-01,24.09859419859749,29.535417720566493,2.7169735937471446,27.82404068418848
round_3,TO,2024-09-08,24.19774954531131,29.87200608143303,2.2288129674197057,25.30680016701221
round_3,TO,2024-09-15,24.495185433473388,29.989570941192376,3.2646068953406275,29.25522132247973
round_3,TO,2024-09-22,24.57425694280858,29.51339318773188,5.123086891567976,37.97308666194758
round_3,TO,2024-09-29,24.51663271513393,29.398579502668824,5.736483308640948,41.306343914843914
round_3,TO,2024-10-06,28.22646069972518,32.88835813265115,5.394787333552215,22.093376109519426
round_3,TO,2024-10-13,27.979617295036903,32.37358429871441,5.598129150100923,26.029375297910494
round_3,TO,2024-10-20,27.865098415277156,31.878528090980257,6.545250344653599,32.499721959578295
round_3,TO,2024-10-27,27.57637283874515,31.10253053334514,6.8606791256606074,38.40217661959189
round_3,TO,2024-11-03,28.71031680292972,32.060998599940056,6.9290566826248154,36.651255072851114
round_3,TO,2024-11-10,28.53443016101973,32.00459801402931,6.819609629252924,37.35432743845557
round_3,TO,2024-11-17,28.61506882114959,31.933379625570307,6.947893763718137,38.333155903059605
round_3,TO,2024-11-24,28.45766344393113,31.601500020901888,6.90945107599352,39.698207402232995
round_3,TO,2024-12-01,27.039856338921815,30.255747865388265,6.844459820731815,52.7492749576403
round_3,TO,2024-12-08,26.79320154539386,29.82502214120496,6.939165908880373,54.673332833300265
round_3,TO,2024-12-15,26.794670588403623,29.969779672524172,6.957523189941052,53.903501415878154
round_3,TO,2024-12-22,26.769920229605876,29.75336824038116,6.746815539376843,55.18174626909657
round_3,TO,2024-12-29,26.58771869951908,29.56493672951779,6.972848324898432,55.639765524450695
round_3,TO,2025-01-05,22.394397378394856,25.38660529739279,6.9865975994086424,83.34434300030294
round_3,TO,2025-01-12,22.45347742218883,25.55719463127456,6.908312332727734,82.01456772605579
round_3,TO,2025-01-19,22.404303876930644,25.272718835722284,6.988043524976069,84.3188723126885
round_3,TO,2025-01-26,22.449737774031053,25.466411364216444,6.989469335334771,83.18854460333922
round_3,TO,2025-02-02,22.4703531384099,25.406481577331608,6.927637654007067,83.2765370785443
round_3,TO,2025-02-09,22.36245909897657,25.32976693426772,6.96849968396688,83.30212501664843
round_3,TO,2025-02-16,22.33877034634079,25.25591176592177,6.975680233719569,84.12068422321688
round_3,TO,2025-02-23,22.470263083512418,25.531498358527667,6.992612198059184,83.2333607750776
round_3,TO,2025-03-02,22.51423252634148,25.47887310105237,6.989897653162632,83.83536896312707
round_3,TO,2025-03-09,22.48899121117557,25.435831536271696,6.994385033578912,83.95000257164949
round_3,TO,2025-03-16,22.33406867952567,25.332210995179064,6.975594151717323,84.07008571365085
round_3,TO,2025-03-23,22.363761071748836,25.358427788560565,6.8845265017244754,83.81684801316959
round_3,TO,2025-03-30,22.525193353534963,25.80770996808412,6.867681476426072,81.26781451598697
round_3,TO,2025-04-06,22.53139402049349,25.69501889872329,6.880615429600235,81.58179577080654
round_3,TO,2025-04-13,22.491803051714108,25.68668420829756,6.738401710548953,81.42410504529515
round_3,TO,2025-04-20,22.48805323637522,26.00179796127138,6.335532949052184,77.58393004670448
round_3,TO,2025-04-27,22.519281206592034,26.168515629691463,6.085257455136216,75.13262581843071
round_3,TO,2025-05-04,22.544500426566294,26.4172033337199,5.152311528623526,71.37442871982847
round_3,TO,2025-05-11,22.575220702455788,26.46749177652421,5.271831536387291,69.7468073076742
round_3,TO,2025-05-18,22.57206935300598,26.607241978000925,4.769709696954802,66.92967592523091
round_3,TO,2025-05-25,22.27011925058172,26.600911887339347,4.139320960463406,64.66546725398143
round_3,TO,2025-06-01,22.229164628785007,26.71267998855889,3.1017937447498487,60.56754198579746
round_3,TO,2025-06-08,22.01933918189257,26.737061049676484,2.1642934627462176,56.11212049992091
round_3,TO,2025-06-15,21.95591097431305,26.780636000936983,2.028801777599648,53.40993105494961
round_3,TO,2025-06-22,21.69563912107188,26.57464076664296,1.2631520296804355,50.7274922999655
round_3,TO,2025-06-29,21.65204556721276,26.71232316740739,0.9880537590296302,48.765570644934805
round_3,TO,2025-07-06,21.84575032160567,26.946334467701003,1.52146929878458,48.80181864668663
round_3,TO,2025-07-13,21.860766575800955,27.05872980477997,1.4540902814931886,47.432832703229266
round_3,TO,2025-07-20,21.652230006836433,27.054512153323454,0.970906021475968,45.0851079096662
round_3,TO,2025-07-27,21.82913700613842,27.29501242922789,0.8992543078286518,42.93302552932171
round_3,TO,2025-08-03,21.869067367196248,27.702943504570374,0.7676792382520018,41.311935262410344
round_3,TO,2025-08-10,22.25209906205772,27.901129407077576,0.9960685175347442,40.91063973216227
round_3,TO,2025-08-17,22.96438612183798,28.527082231711542,1.2338166938587487,40.303377327252406
round_3,TO,2025-08-24,23.48524303364457,29.072536187606193,2.0539581914125113,41.79687943582897
round_3,TO,2025-08-31,23.68238390988184,29.11920743185085,2.7169735937471446,43.46450881826742
round_3,TO,2025-09-07,23.781539256595668,29.455795792717385,2.2288129674197057,40.94726830109114
round_3,TO,2025-09-14,24.078975144757734,29.57336065247673,3.2646068953406275,44.89568945655868
round_3,TO,2025-09-21,24.158046654092935,29.097182899016236,5.123086891567976,53.61355479602653
round_3,TO,2025-09-28,24.100422426418287,28.982369213953177,5.736483308640948,56.94681204892285
round_4,AC,2025-06-22,20.940207229471632,24.295716013015205,5.804625745726912,82.11635103782248
round_4,AC,2025-06-29,21.11727070890724,24.57010351966044,5.914796352666073,80.98001859814454
round_4,AC,2025-07-06,19.96865020555575,23.400827443908582,6.109014306196939,87.794878786579
round_4,AC,2025-07-13,19.60589721703121,23.39146480281702,5.3774002795203835,85.09443175364393
round_4,AC,2025-07-20,20.003219979227595,23.98086590953746,5.252175600312991,82.31399243172446
round_4,AC,2025-07-27,20.172100611996868,24.410835655414925,4.713884609643905,80.06159379177785
round_4,AC,2025-08-03,19.54213564168714,23.662375016531335,5.149199341453596,78.50673662293966
round_4,AC,2025-08-10,19.582693215408217,23.72901896103756,5.609582845228026,78.21009028721151
round_4,AC,2025-08-17,20.028448413651233,24.20511907401329,5.692285599272704,76.9009174537581
round_4,AC,2025-08-24,20.112988040831382,24.04736194123206,5.978297051467029,78.54736544759974
round_4,AC,2025-08-31,20.459861965399657,24.408276762226585,6.0949665073068795,79.42936615534265
round_4,AC,2025-09-07,21.580149090619727,25.296972044242345,6.817106330820062,73.64566763692447
round_4,AC,2025-09-14,21.7444975275212,25.502002882621284,6.729237424975009,73.23577300380047
round_4,AC,2025-09-21,21.661501119427903,25.235796226601938,6.849422053163148,74.84998677640812
round_4,AC,2025-09-28,21.954479135649265,25.27693184975147,6.968634963567367,77.76726408394708
round_4,AC,2025-10-05,22.938250852141653,26.133265489824183,7.0,78.734577664156
round_4,AC,2025-10-12,22.75197184002135,25.845365837694597,6.969572261446541,79.7989817543036
round_4,AC,2025-10-19,22.880551587009528,25.78199545989043,6.999503331177378,81.4016101800262
round_4,AC,2025-10-26,22.71859452423633,25.559184392821688,6.886645393567412,80.90638656048083
round_4,AC,2025-11-02,23.101189854924677,25.884491767289283,6.882899684748047,83.49132791462763
round_4,AC,2025-11-09,23.29879838167522,25.90663152946565,6.9692239464840595,84.33756743550023
round_4,AC,2025-11-16,23.30242867032105,25.908104818106946,7.0,84.74310350910274
round_4,AC,2025-11-23,23.55504691219663,26.094634573257164,6.999608852383386,84.69121613391026
round_4,AC,2025-11-30,23.33420846305532,25.754325622938268,7.0,85.4551976126093
round_4,AC,2025-12-07,23.344782429621944,25.795413917319756,7.0,87.69368179996688
round_4,AC,2025-12-14,23.19193580396345,25.591705017772632,7.0,88.01415178016525
round_4,AC,2025-12-21,23.24877027531604,25.61741817296184,6.769230769230769,87.968444094237
round_4,AC,2025-12-28,23.19314003849635,25.56882875521868,6.999109363654487,87.6243366670594
round_4,AC,2026-01-04,22.903144655245644,25.3161070693978,6.986902222489737,87.74425583426543
round_4,AC,2026-01-11,22.775563371063257,25.071614991495423,6.999256012697754,89.06519386615773
round_4,AC,2026-01-18,22.86313332576707,25.205271084511548,7.0,88.63256336174204
round_4,AC,2026-01-25,22.979136901409845,25.306101808154004,7.0,88.4351777746522
round_4,AC,2026-02-01,22.944913922473976,25.25076235898232,6.998432655732412,88.80176348367064
round_4,AC,2026-02-08,22.83293695784649,25.088061237774465,7.0,89.48250244280997
round_4,AC,2026-02-15,22.7720970333869,24.941687462308884,7.0,90.1484063779622
round_4,AC,2026-02-22,22.75419843171013,25.065485268945174,6.964074811539453,89.05037251084933
round_4,AC,2026-03-01,22.878767503115014,25.161558813697585,7.0,89.73983932132222
round_4,AC,2026-03-08,22.84202065371601,25.21257431447102,7.0,88.95457513691098
round_4,AL,2025-06-22,21.081457537079142,23.05854039726769,6.959756436814156,83.61951172232565
round_4,AL,2025-06-29,20.920053666222778,22.900169566373116,6.990927494870916,83.86731344167356
round_4,AL,2025-07-06,22.25585580065581,24.280870174168086,6.996797986120425,80.87895405209181
round_4,AL,2025-07-13,22.01900136362964,24.190882264446177,6.974799394445189,79.08840802567838
round_4,AL,2025-07-20,22.02087983587652,24.11351118894734,6.991878027153097,78.39051400878255
round_4,AL,2025-07-27,21.83771886395413,23.98490670811851,6.976721012602892,78.44116792055024
round_4,AL,2025-08-03,20.850098504188363,23.20870957790027,6.948403041683433,79.02953380038984
round_4,AL,2025-08-10,20.855449866853988,23.13419842128047,6.926981714132427,78.91534386123273
round_4,AL,2025-08-17,21.12555254698472,23.410519385072437,6.97788609707754,79.13171363251692
round_4,AL,2025-08-24,21.22175093341321,23.652115705550415,6.964135892162561,77.96093828814621
round_4,AL,2025-08-31,21.290887097012895,23.75035226576473,6.90605395846063,77.10220742002417
round_4,AL,2025-09-07,20.65354225036397,23.002128941583347,6.960534492779542,78.05888305191384
round_4,AL,2025-09-14,20.807146233381214,23.39784348855128,6.840767002975613,76.68249505757747
round_4,AL,2025-09-21,21.17199814286521,23.90294442070828,6.751258513285943,75.20033306831769
round_4,AL,2025-09-28,21.540358530637448,24.279735612165226,6.726863062150093,74.01126145666917
round_4,AL,2025-10-05,21.25798501991866,23.870637356152734,6.809967312956092,74.31467080788066
round_4,AL,2025-10-12,21.43322696444259,24.140242378280007,6.881492017009186,74.01852814329295
round_4,AL,2025-10-19,21.631516985260703,24.46769457981504,6.701349743918373,73.06177394698014
round_4,AL,2025-10-26,21.876701409328614,24.89067272934496,6.606552547652046,71.46024243020514
round_4,AL,2025-11-02,22.32119817609918,25.207917407441627,6.6077297779963535,71.75731307035697
round_4,AL,2025-11-09,22.34149033013723,25.39717771692783,6.464283828358246,70.34036684708444
round_4,AL,2025-11-16,22.510310210532353,25.56430995001817,6.593867391444738,70.53109138188556
round_4,AL,2025-11-23,22.64174359316308,25.64627292090676,6.663398632906613,70.35436760126417
round_4,AL,2025-11-30,22.82763558577958,25.950567498249125,6.447703921451742,70.3390881308461
round_4,AL,2025-12-07,23.354493414849593,26.294264147486462,6.604119859117847,68.36255245088802
round_4,AL,2025-12-14,23.37698246858007,26.19156712282978,6.844223334972653,69.66652433003821
round_4,AL,2025-12-21,23.30438092289203,26.23185354745898,6.5737198832299875,69.42640325049132
round_4,AL,2025-12-28,23.412001956345343,26.332610049120397,6.6910212656848325,69.57843059318967
round_4,AL,2026-01-04,23.362907409969925,26.24482769525088,6.79778934950337,73.10976139110171
round_4,AL,2026-01-11,23.29391973590086,26.08304166161237,6.861292895535586,74.40587047642319
round_4,AL,2026-01-18,23.39357781265478,26.310049854859056,6.818000844689157,73.60266667803099
round_4,AL,2026-01-25,23.41439271989281,26.367976359045716,6.8333496811542025,73.55348580186725
round_4,AL,2026-02-01,23.48699849305248,26.4046293596194,6.892257447536989,73.8974976161856
round_4,AL,2026-02-08,23.461236791271045,26.30581993864216,6.944695202582102,74.37042254971652
round_4,AL,2026-02-15,23.3886274250033,26.186920648195414,6.940749060734698,76.35715900532517
round_4,AL,2026-02-22,23.53904204123767,26.431577369427877,6.888179197623636,74.86336921954513
round_4,AL,2026-03-01,23.60782159918038,26.500145433232912,6.820637094999158,74.77167464731542
round_4,AL,2026-03-08,23.496306757713196,26.408610137363564,6.8796250242172245,75.25073837618162
round_4,AM,2025-06-22,23.125249275974543,25.595711919705696,6.889066006790053,86.22549281576839
round_4,AM,2025-06-29,23.15638799438676,25.57241522997019,6.921621652641049,86.96373719542213
round_4,AM,2025-07-06,22.787085633294694,25.241929595826967,6.925521675225194,89.59983561028201
round_4,AM,2025-07-13,22.733742916189662,25.39144238966837,6.843799597187719,87.97108453943008
round_4,AM,2025-07-20,22.924516299539913,25.728069662483644,6.699181019322402,86.41616544180957
round_4,AM,2025-07-27,22.99142559636155,25.93020681089704,6.623725745184209,85.59219778053472
round_4,AM,2025-08-03,22.52131105912415,25.59901788363001,6.626008594933006,85.39125517770897
round_4,AM,2025-08-10,22.55282145439018,25.472534594140026,6.877789012258377,87.10976237692917
round_4,AM,2025-08-17,22.73730312120014,25.816449095621874,6.634674649482972,85.29668588416125
round_4,AM,2025-08-24,22.80352227203432,25.84054932417196,6.928671969004188,85.87727833913986
round_4,AM,2025-08-31,22.778018970723625,25.768236528576715,6.845747340809549,86.66119370156446
round_4,AM,2025-09-07,23.400946243385743,26.457880212463454,6.698100303219906,84.12338604719528
round_4,AM,2025-09-14,23.40780299649001,26.455402799779332,6.983209160647314,85.0804832475596
round_4,AM,2025-09-21,23.57312281479554,26.60363680327961,6.784124771844605,84.52277780483965
round_4,AM,2025-09-28,23.69144174700159,26.77391338342516,6.910744055001647,83.83944725387194
round_4,AM,2025-10-05,24.448458298568937,27.37489339622407,6.859976804972955,82.75743745717301
round_4,AM,2025-10-12,24.15590255461668,26.879940521331644,6.968618257614744,85.50980061416404
round_4,AM,2025-10-19,24.285976814000865,27.077456744316084,6.955982484329936,84.91604537522497
round_4,AM,2025-10-26,24.31489431919231,26.99427944256719,6.919526038407855,84.95425384501273
round_4,AM,2025-11-02,24.95280396237166,27.476793752379447,6.989246828038401,83.80839383929376
round_4,AM,2025-11-09,25.00452150084735,27.48783603147055,6.939415061402957,83.98883228334579
round_4,AM,2025-11-16,24.968877503741375,27.445683304359875,6.996616071395515,84.05504515518393
round_4,AM,2025-11-23,24.95598291159634,27.365570017493372,6.99331709249503,84.5773135450016
round_4,AM,2025-11-30,24.91697451259031,27.31636779600215,6.987689225511938,84.27526016279656
round_4,AM,2025-12-07,24.89012549906082,27.045737888486837,6.9998033050599595,86.38958162375569
round_4,AM,2025-12-14,24.70812188471656,26.768940617014184,7.0,87.25655515562696
round_4,AM,2025-12-21,24.64680056117217,26.688044634811018,6.769230769230769,87.54916893827438
round_4,AM,2025-12-28,24.606460555577083,26.65165375461599,6.999690535990383,86.88664844400698
round_4,AM,2026-01-04,23.705279807394803,25.804654186970467,6.998185258619781,87.47589057700667
round_4,AM,2026-01-11,23.61619981359766,25.651147655382427,6.999837934556105,88.07530929358433
round_4,AM,2026-01-18,23.73461896546745,25.87106936975112,6.998311715945004,86.95386731226758
round_4,AM,2026-01-25,23.764668518881223,25.775016475734112,6.999541019271138,87.77577600110267
round_4,AM,2026-02-01,23.74592483153814,25.80183277356736,6.997524537117597,87.31546165594914
round_4,AM,2026-02-08,23.6809152332634,25.71395936828675,6.999703716601169,87.76585608019757
round_4,AM,2026-02-15,23.69269620254728,25.70478493121618,6.918689265952651,87.7723137186317
round_4,AM,2026-02-22,23.587256244028104,25.58694707900285,7.0,88.86682236037106
round_4,AM,2026-03-01,23.6136427556013,25.587006778860346,7.0,89.09088741976699
round_4,AM,2026-03-08,23.761234032303484,25.849840422135816,7.0,87.84024280446721
round_4,AP,2025-06-22,23.1940182334798,25.44871677198125,7.0,87.27284133576283
round_4,AP,2025-06-29,23.109567013347515,25.391634782916807,7.0,87.36845327657075
round_4,AP,2025-07-06,23.078511318887784,25.38905103966313,7.0,87.9664154340715
round_4,AP,2025-07-13,23.17040133699492,25.60761616491795,7.0,86.68561936764549
round_4,AP,2025-07-20,23.219736568300473,25.69781094364036,6.999063082365281,86.37477155921846
round_4,AP,2025-07-27,23.37236755941553,25.95334247860437,7.0,85.08022761246752
round_4,AP,2025-08-03,23.109619897981396,25.75426292708981,6.999063082365281,85.37263750827003
round_4,AP,2025-08-10,23.218414834359496,25.996628883716355,6.990361715872078,84.08807861000217
round_4,AP,2025-08-17,23.382265129629513,26.253485700137727,6.9984729398140395,82.42085707707975
round_4,AP,2025-08-24,23.440686783602978,26.529474902432817,6.982264081228293,80.00421469560342
round_4,AP,2025-08-31,23.58197677701344,26.7432514764758,6.996598211816987,78.4382067773305
round_4,AP,2025-09-07,23.887738249427112,27.126634234644676,6.9203342768968295,76.63562906396868
round_4,AP,2025-09-14,24.00103074576029,27.356345507409625,6.985997368933328,75.12506388795804
round_4,AP,2025-09-21,24.06184105855752,27.607963884983462,6.859143849416689,73.033446645848
round_4,AP,2025-09-28,24.1728422420196,27.757665421170728,6.983878579124804,72.48309257584859
round_4,AP,2025-10-05,24.741871811132935,28.29921405251479,6.968806212392299,66.06216797622862
round_4,AP,2025-10-12,24.70833726273567,28.27629041656911,6.927265761292074,66.37141574936669
round_4,AP,2025-10-19,24.749297991277924,28.3560110475412,6.923549534603733,65.90200691680822
round_4,AP,2025-10-26,24.761940599580047,28.221426242313644,6.971505225556313,67.39413085257222
round_4,AP,2025-11-02,25.635195339871196,28.975287847228856,6.9800123741967,62.459790412829754
round_4,AP,2025-11-09,25.660794539413356,29.01966544786892,6.949663354895186,62.190001033400506
round_4,AP,2025-11-16,25.592006567812017,28.87481279522906,6.903358714075463,63.01979018579708
round_4,AP,2025-11-23,25.537214637828782,28.58545161839229,6.962975510745589,65.16331959868944
round_4,AP,2025-11-30,25.302996677330913,28.12689086594549,6.980123667573034,67.76534459031285
round_4,AP,2025-12-07,26.54495518614215,29.111170513791432,6.997622914334106,65.62316571961448
round_4,AP,2025-12-14,26.323082172028375,28.596506602879977,6.972913404181189,68.91997862923095
round_4,AP,2025-12-21,26.263679127793264,28.46515423790486,6.769230769230769,69.39933334720158
round_4,AP,2025-12-28,26.00193759821486,27.96654928837674,7.0,71.78314169731819
round_4,AP,2026-01-04,23.300467254535707,25.244706966202127,7.0,87.07588802743945
round_4,AP,2026-01-11,23.19342590299596,25.07908702098034,7.0,87.88095826484967
round_4,AP,2026-01-18,23.154246864070785,25.00210078297131,7.0,88.0559094111381
round_4,AP,2026-01-25,23.213601815471705,25.003107392366474,6.99874903681271,88.54836560582572
round_4,AP,2026-02-01,23.176626807335712,24.94681059076209,7.0,88.29542109963562
round_4,AP,2026-02-08,23.02321292685532,24.711577524685,7.0,89.78585986100292
round_4,AP,2026-02-15,23.052370674247243,24.773934705598883,7.0,89.76697968967005
round_4,AP,2026-02-22,23.11252439148902,24.918697942387517,6.999099117658925,88.82871182151493
round_4,AP,2026-03-01,23.015379378257045,24.77838099717607,7.0,89.95791564233804
round_4,AP,2026-03-08,23.16616226070707,25.0683638837961,7.0,87.85014857138171
round_4,BA,2025-06-22,19.47437395821235,22.10220932303057,6.386263261548203,76.92491638924267
round_4,BA,2025-06-29,19.20858077140769,21.994813816551048,6.246963002323934,75.87962591924502
round_4,BA,2025-07-06,20.096627748334893,22.94228490373645,6.279867935425862,74.70559620898025
round_4,BA,2025-07-13,20.007028276573937,22.89490963110682,6.2196333982856595,73.9114932298127
round_4,BA,2025-07-20,19.87237869906881,22.78317269578622,6.273427897841067,73.55669539152714
round_4,BA,2025-07-27,19.792931396781967,22.73575152914903,6.209836849897589,72.78314411059917
round_4,BA,2025-08-03,18.47736333275725,21.701012453068746,6.077576290403806,73.72559696447341
round_4,BA,2025-08-10,18.519677318432382,21.58050428686203,6.196864947107799,73.71090215670401
round_4,BA,2025-08-17,18.799916017665076,21.914457493690986,6.3096025736695145,74.47531847770016
round_4,BA,2025-08-24,18.962802597425867,22.30387172853155,6.121333648310759,72.51495760984625
round_4,BA,2025-08-31,19.06604428732606,22.51501673461829,6.060272985366662,71.67822589754333
round_4,BA,2025-09-07,18.35671238758346,21.839814706910527,6.114095604256015,71.11498300612561
round_4,BA,2025-09-14,18.763426206705898,22.38270832679754,6.051243440632101,70.08099941663231
round_4,BA,2025-09-21,19.313979427342595,22.8958472566304,6.17121009229632,70.32267586283777
round_4,BA,2025-09-28,19.69085128808787,23.426003273247854,6.0162825898917935,69.13685606521776
round_4,BA,2025-10-05,19.9208277876903,23.461728896608655,6.234072939868429,65.79313369362121
round_4,BA,2025-10-12,20.094673095814525,23.555016201628582,6.303705209103923,66.69063725282201
round_4,BA,2025-10-19,20.494584887124365,23.99350185036933,6.3802480749829185,66.77558334209209
round_4,BA,2025-10-26,20.8472869765158,24.20612357161752,6.526937847166955,67.73096326746024
round_4,BA,2025-11-02,21.640729272591685,24.78979329383808,6.564951213802897,65.52008772617738
round_4,BA,2025-11-09,21.85117938976742,25.134539093039933,6.5488625515578835,65.06230308693885
round_4,BA,2025-11-16,21.941759866592903,25.253489660732985,6.616946936726858,64.57179534893459
round_4,BA,2025-11-23,21.93513899324112,24.986995967662075,6.661796618054298,67.12848274349626
round_4,BA,2025-11-30,22.26564924101686,25.52563822773316,6.644293742136911,65.94113705750445
round_4,BA,2025-12-07,22.395562024401567,25.56831305354416,6.693203321088619,66.94142791423938
round_4,BA,2025-12-14,22.310665657857346,25.541260408375095,6.636571450551066,66.8628508055995
round_4,BA,2025-12-21,22.438052725731605,25.729108037052637,6.411545030430636,65.87364037328861
round_4,BA,2025-12-28,22.43971420387624,25.720811403152293,6.706680980728137,66.50732097155901
round_4,BA,2026-01-04,22.38143823319145,25.58217472356764,6.833629212342648,73.09922786170345
round_4,BA,2026-01-11,22.293556461141534,25.495154604306705,6.736199130081514,73.39246895940778
round_4,BA,2026-01-18,22.44402394039962,25.65579724261934,6.8127683746732925,73.69291505943487
round_4,BA,2026-01-25,22.39583744885721,25.777917769746317,6.755119431207835,72.35015598698052
round_4,BA,2026-02-01,22.520010510351717,25.719146414234533,6.8386962769241055,73.48008660523688
round_4,BA,2026-02-08,22.42256237728633,25.654177925932377,6.849562809295513,73.68135694955728
round_4,BA,2026-02-15,22.48358974531232,25.64452089994706,6.904796931867861,74.74861766727689
round_4,BA,2026-02-22,22.516767430961615,25.791184574974483,6.819875281726518,73.91207796446835
round_4,BA,2026-03-01,22.61745455640744,25.905522255811096,6.74474211942305,73.75878190432192
round_4,BA,2026-03-08,22.526384181250215,25.754006184844776,6.810869020761348,74.40635415370035
round_4,CE,2025-06-22,22.48238575511045,25.606718220255303,6.3583183476328635,70.58086682645502
round_4,CE,2025-06-29,22.520250168267637,25.65674429450861,6.469892931539623,70.180115406975
round_4,CE,2025-07-06,23.79413062643335,27.00685435347283,6.245834985104925,68.28584077235762
round_4,CE,2025-07-13,23.664887278193905,27.21787581582233,5.739595772327831,64.98862569105975
round_4,CE,2025-07-20,23.689483776920607,27.33016140035645,5.355897348922777,63.24525121583509
round_4,CE,2025-07-27,23.686677903992443,27.461259713189627,5.312772995444088,61.63441302505632
round_4,CE,2025-08-03,22.961035432301816,26.907636234329416,4.685403142314741,60.44948060684376
round_4,CE,2025-08-10,23.06399495002477,27.064152929595267,4.613070633680431,59.040862985239066
round_4,CE,2025-08-17,23.274899628024095,27.24007695391868,4.649384496607772,59.26198652482885
round_4,CE,2025-08-24,23.342170519783107,27.386970337542255,4.584907744618634,59.55939333727525
round_4,CE,2025-08-31,23.45421991259273,27.45898833098307,4.6498221826343675,59.012747946631414
round_4,CE,2025-09-07,23.094928054874597,27.129681565664143,4.317234595584602,58.11625242795435
round_4,CE,2025-09-14,23.257170921278227,27.257215513468783,4.751811498229119,59.042119160996485
round_4,CE,2025-09-21,23.49837522129987,27.39361753307204,5.2519389403372765,59.3989413652298
round_4,CE,2025-09-28,23.67663939118164,27.58333101615536,5.028661217007183,59.03254360860812
round_4,CE,2025-10-05,23.737010404371183,27.538885062053275,5.534400315206785,58.40310098277298
round_4,CE,2025-10-12,23.87013902016501,27.52521588986645,5.60051843834544,59.58344586891513
round_4,CE,2025-10-19,23.925131050111748,27.58702433159311,5.823559618489312,59.62030352645512
round_4,CE,2025-10-26,24.008984460802186,27.60076828233786,6.012646053938164,60.27745555213133
round_4,CE,2025-11-02,24.337036776322883,27.868354918572464,6.065621279737822,59.69398639341886
round_4,CE,2025-11-09,24.367929241609232,27.96343066138116,6.0864109150275185,59.244306389607864
round_4,CE,2025-11-16,24.519882697151285,28.057664971421634,6.172181935250554,59.89175152194996
round_4,CE,2025-11-23,24.548860110998227,27.950119727440864,6.516613050441285,61.011096293173566
round_4,CE,2025-11-30,24.53665360848785,27.93410994726801,6.559144444890384,62.168647100142515
round_4,CE,2025-12-07,25.05626366977351,28.324788328676465,6.750310192132,59.73298292112707
round_4,CE,2025-12-14,25.058264463752575,28.249671085477917,6.79420506738926,61.25669879258492
round_4,CE,2025-12-21,24.973773264755724,28.18115078333827,6.553050425350895,61.73880874560804
round_4,CE,2025-12-28,24.8717346878245,27.97349143916088,6.849672991882111,63.72408328821956
round_4,CE,2026-01-04,23.89244902393644,26.89640771008041,6.95759238476447,72.50629335788356
round_4,CE,2026-01-11,23.73642762973814,26.57693289415577,6.898501760257541,74.6342792766627
round_4,CE,2026-01-18,23.565600935447783,26.306937815565604,6.9466379887648,76.95706995249054
round_4,CE,2026-01-25,23.647312212741294,26.561685550831093,6.900572599490295,75.28926202261518
round_4,CE,2026-02-01,23.652699773787937,26.479814296764847,6.938473927370915,76.42500765488185
round_4,CE,2026-02-08,23.459936893974547,26.115057667467692,6.953965570550275,78.86192238410737
round_4,CE,2026-02-15,23.29979137063278,25.867419457509,6.970756663263036,80.80486708336254
round_4,CE,2026-02-22,23.373001950684145,26.019300886896577,6.946295430607052,79.99225862873352
round_4,CE,2026-03-01,23.419843974681086,26.050279859812015,6.94594820835025,80.13903676176554
round_4,CE,2026-03-08,23.324934541144525,25.855786072900333,6.993125151189012,81.47804032439267
round_4,DF,2025-06-22,14.922194857142856,19.81171942857143,1.32,55.40930742857143
round_4,DF,2025-06-29,14.625509142857142,19.672218857142855,1.28,52.98593485714286
round_4,DF,2025-07-06,17.007654309057994,22.17036059477228,1.4,51.4471607528945
round_4,DF,2025-07-13,17.23802859477228,22.37898516620085,1.5200000000000002,50.635741324323085
round_4,DF,2025-07-20,17.137233737629423,22.339937737629423,1.76,48.8399767528945
round_4,DF,2025-07-27,17.380056023343705,22.67023888048656,1.12,46.73432361003736
round_4,DF,2025-08-03,15.697175909019494,21.254924480448068,0.44,42.89361433729139
round_4,DF,2025-08-10,15.697282766162353,21.168707909019496,1.16,42.383002337291394
round_4,DF,2025-08-17,16.164243909019497,21.68178733759093,1.7200000000000002,42.63623548014854
round_4,DF,2025-08-24,17.21950219473378,22.644098194733782,2.4,43.47049948014854
round_4,DF,2025-08-31,17.541131337590926,23.051945051876636,2.36,41.828078337291394
round_4,DF,2025-09-07,17.880311280918022,23.639779280918024,1.4799999999999998,30.925623093509262
round_4,DF,2025-09-14,18.69346213806088,24.142939852346593,3.0,34.97349337922354
round_4,DF,2025-09-21,18.89188270948945,23.96835870948945,4.36,42.95453166493784
round_4,DF,2025-09-28,19.057964423775164,24.11187642377516,5.24,45.38400595065213
round_4,DF,2025-10-05,21.16721591136005,26.110488482788615,4.48,32.55857392900344
round_4,DF,2025-10-12,21.274886768502903,26.09114505421719,4.08,33.88205621471772
round_4,DF,2025-10-19,21.30821533993148,25.685261054217193,6.04,41.20692878614629
round_4,DF,2025-10-26,20.860655339931476,24.684116482788625,6.56,50.49473564328915
round_4,DF,2025-11-02,21.680084246539025,25.110530532253307,6.880000000000001,53.80452635852973
round_4,DF,2025-11-09,21.75286196082474,25.466145960824743,6.56,52.49533721567259
round_4,DF,2025-11-16,21.745886532253312,25.1824408179676,6.76,55.53190635852974
round_4,DF,2025-11-23,21.567937389396167,24.825583675110455,7.0,57.564248072815445
round_4,DF,2025-11-30,21.81955796082474,25.177629389396177,6.719999999999999,56.48720750138688
round_4,DF,2025-12-07,20.910307093085493,23.96360023594264,6.8,69.36166772667002
round_4,DF,2025-12-14,20.87828652165692,24.46149052165692,6.68,65.11882486952716
round_4,DF,2025-12-21,20.95871370847011,24.208791730448137,6.615384615384615,68.06036550688981
round_4,DF,2025-12-28,20.823499422755823,24.172288433744836,6.769230769230769,67.84664627612058
round_4,DF,2026-01-04,18.836696703296703,22.166962637362637,6.923076923076923,78.9598631868132
round_4,DF,2026-01-11,18.90826098901099,22.576992857142866,6.615384615384615,75.06581648351649
round_4,DF,2026-01-18,18.950421978021975,22.485623626373624,6.5,77.37328516483517
round_4,DF,2026-01-25,18.978208791208793,22.46606318681319,6.8076923076923075,77.71084010989011
round_4,DF,2026-02-01,18.84331978021978,22.248454945054945,6.884615384615385,78.33154835164835
round_4,DF,2026-02-08,18.81914835164835,22.468386263736264,6.884615384615385,76.32361373626374
round_4,DF,2026-02-15,18.77117692307692,22.327824175824176,6.884615384615385,78.48901758241757
round_4,DF,2026-02-22,18.80258076923077,22.42900989010989,6.769230769230769,77.87773021978022
round_4,DF,2026-03-01,18.856216483516484,22.458618681318683,6.615384615384615,77.11316813186814
round_4,DF,2026-03-08,18.92982967032967,22.370241758241757,6.884615384615385,78.95534395604395
round_4,GO,2025-06-22,16.30462273478268,21.464583227952183,0.7846037941820638,52.2267443445427
round_4,GO,2025-06-29,15.994585621341338,21.34764365868391,0.5439177308025496,50.26519914921094
round_4,GO,2025-07-06,17.174814064391665,22.590726479642328,0.9587007001562174,53.9278589030361
round_4,GO,2025-07-13,17.361594316602083,22.816130981869623,0.9393329003914392,52.66009448781569
round_4,GO,2025-07-20,17.468209795390457,22.87444726285742,1.1564751094107748,50.88010259809468
round_4,GO,2025-07-27,17.782146674076767,23.350300808728697,0.628876588525639,48.628437553308785
round_4,GO,2025-08-03,16.13762828945691,21.9682094088907,0.4592789429536417,42.1597415027543
round_4,GO,2025-08-10,16.38849610437677,22.127610597406296,0.9227364460158232,40.731345099046855
round_4,GO,2025-08-17,17.03662180676811,22.754918807125907,1.0952404383354826,40.12333511988961
round_4,GO,2025-08-24,17.83196909219707,23.450072804714573,2.281703086186015,42.79933685620699
round_4,GO,2025-08-31,18.189038112439174,23.97406797886765,2.31370462074546,41.089222806824395
round_4,GO,2025-09-07,19.09523195604078,25.017023832748674,1.5698142835532325,28.62283438992431
round_4,GO,2025-09-14,19.708980130129607,25.351175536245787,3.0233232075579206,32.883784254528955
round_4,GO,2025-09-21,19.670509468994545,24.825281129434853,4.489929989766461,41.65736142434842
round_4,GO,2025-09-28,19.67695349744655,24.820170397443185,5.33330842907155,46.16449328487763
round_4,GO,2025-10-05,22.13062228127764,27.179559668157214,4.78603401112852,32.54107678235405
round_4,GO,2025-10-12,22.31850913368058,27.229093070184028,4.56115129136976,33.799954209615805
round_4,GO,2025-10-19,22.118648409646475,26.532914022539963,6.304145274501191,42.16476861282279
round_4,GO,2025-10-26,21.65232984799337,25.544496284440097,6.6547635933853915,50.02686767558568
round_4,GO,2025-11-02,22.190850977277066,25.77707231543568,6.820508120758729,55.53703273216371
round_4,GO,2025-11-09,22.283889727354683,26.05123684434997,6.716294259855927,54.984042378267446
round_4,GO,2025-11-16,22.307169942720744,25.887240033190977,6.874539646310449,57.2161282710132
round_4,GO,2025-11-23,22.179193337906575,25.559242646376287,6.914958471119718,59.139883173616845
round_4,GO,2025-11-30,22.41000882303771,25.754026742419263,6.729373517992346,59.35627229108687
round_4,GO,2025-12-07,21.585967196460505,24.589576028608384,6.894154414235949,71.43984806535883
round_4,GO,2025-12-14,21.4390341607565,25.11440113256257,6.70759572710328,67.29095901383421
round_4,GO,2025-12-21,21.57728598276618,24.89996087460875,6.67761282666055,69.82155427969035
round_4,GO,2025-12-28,21.507615810250485,24.764289127539843,6.835535723938957,70.33160848990913
round_4,GO,2026-01-04,20.07043165097918,23.29952159663613,6.901912523044789,80.56019713535309
round_4,GO,2026-01-11,20.10579397390806,23.730601975059027,6.576792407884856,77.53083979887653
round_4,GO,2026-01-18,20.19404263408417,23.68609141230479,6.732903471002991,78.92425829488307
round_4,GO,2026-01-25,20.142293443213557,23.605288152832554,6.783421921045313,79.41243092388714
round_4,GO,2026-02-01,20.097676151314115,23.43761610381245,6.767964500712729,79.87385742789212
round_4,GO,2026-02-08,19.97560690092806,23.59697568033789,6.814075470262694,78.7284427381492
round_4,GO,2026-02-15,19.990866348888744,23.557071287678205,6.868651722140831,79.80737711594816
round_4,GO,2026-02-22,19.981669622086464,23.51953665117947,6.790215208553867,79.84481291405746
round_4,GO,2026-03-01,20.002388964025148,23.680833724004355,6.68977426932714,78.19134089414437
round_4,GO,2026-03-08,20.16509555090987,23.567313458914786,6.8579423631881795,79.9806486420061
round_4,MA,2025-06-22,23.33476701437088,26.620663616324528,5.617293951407275,71.6469068752808
round_4,MA,2025-06-29,23.430926313641876,26.654466056163074,5.754381616625661,71.40079797391232
round_4,MA,2025-07-06,23.75506406047652,27.102859794248637,5.723626662122299,72.68863417759415
round_4,MA,2025-07-13,23.576050564037857,27.13881040280393,5.581575988524711,71.03313533767677
round_4,MA,2025-07-20,23.72380548427103,27.384686402950813,5.1232269534216055,68.78169579962625
round_4,MA,2025-07-27,23.74042703413348,27.58728390167618,4.963977104706598,66.56118180461786
round_4,MA,2025-08-03,23.735076199201913,27.706231107755674,5.130189308927873,60.03521195833171
round_4,MA,2025-08-10,23.84479921611361,27.90099652030369,5.087415758802351,58.85200486674823
round_4,MA,2025-08-17,24.19811371295553,28.18448504954609,5.2041783012793426,58.13885336434928
round_4,MA,2025-08-24,24.2974858657348,28.305612965943507,5.807856720181254,59.321725184769775
round_4,MA,2025-08-31,24.35701629778756,28.420707762320617,5.708194541315443,58.56688827404472
round_4,MA,2025-09-07,24.96555614104252,29.115978191772378,5.494967803048383,51.66144282622294
round_4,MA,2025-09-14,25.06237342846186,29.13053516715363,5.8589886055007465,53.15806300279191
round_4,MA,2025-09-21,25.165236896330157,29.100324741213782,6.402571698115089,54.76581163785445
round_4,MA,2025-09-28,25.235069085941117,29.2518290507538,6.333379939702582,54.20537786537644
round_4,MA,2025-10-05,26.008449313002547,29.92697023964309,6.3913354386181895,50.97960985166829
round_4,MA,2025-10-12,26.00353562517225,29.72020869604418,6.504491483655878,53.011542719603035
round_4,MA,2025-10-19,25.9939520908407,29.70822083509663,6.560331064426533,53.60918057722426
round_4,MA,2025-10-26,25.975715187995803,29.54830003806356,6.701097330929492,54.987790798594105
round_4,MA,2025-11-02,26.68556570834038,30.120719180538593,6.724097340476084,52.300611449472875
round_4,MA,2025-11-09,26.649670917544505,30.046955394034025,6.7986591283733135,52.99721239673212
round_4,MA,2025-11-16,26.71295683256538,30.074082835171215,6.804088130151686,53.20955869200113
round_4,MA,2025-11-23,26.6297520396281,29.838628647991115,6.848746582284289,54.92541085101845
round_4,MA,2025-11-30,26.580064388895373,29.769492053359972,6.821640078931796,55.57057815540895
round_4,MA,2025-12-07,27.10739100411357,30.060375662645324,6.980791515102638,54.72670614193763
round_4,MA,2025-12-14,27.03426645585321,29.90703890200777,6.975204763721124,56.324437570930826
round_4,MA,2025-12-21,26.884605528463258,29.668097763660256,6.745799650037924,57.88835387793921
round_4,MA,2025-12-28,26.55368422296881,29.190721433058997,6.993741375664846,60.5209990877708
round_4,MA,2026-01-04,23.691842726775267,26.24575946451107,6.999773616425567,81.87017501563143
round_4,MA,2026-01-11,23.522649293801905,25.973624463760803,6.999463976919913,83.31035367068412
round_4,MA,2026-01-18,23.406115868409113,25.799575039897423,6.999954864675518,84.61060774663943
round_4,MA,2026-01-25,23.536502142563723,26.031712144440693,6.9970042113406,83.75044696585947
round_4,MA,2026-02-01,23.466626456163375,25.843457341215355,6.994436019049913,84.98087280889345
round_4,MA,2026-02-08,23.246896193279905,25.542017562698632,6.999937569012081,86.33799692041762
round_4,MA,2026-02-15,23.215238709040097,25.543116646938113,6.99992364370131,86.6755804636663
round_4,MA,2026-02-22,23.3186021352728,25.649467921646828,6.999875138024162,86.30156549165928
round_4,MA,2026-03-01,23.305653293250504,25.601719332060973,6.999599262327898,86.63657108526911
round_4,MA,2026-03-08,23.25814202272864,25.541337424491125,6.999937569012081,86.97186494074604
round_4,MG,2025-06-22,13.603236475064536,18.295579637294253,3.5695128857484866,68.05687781288012
round_4,MG,2025-06-29,13.371521069827176,18.201189349027626,3.185844437087049,66.23482787568783
round_4,MG,2025-07-06,14.406944623878292,19.287657288516847,3.3636562701624295,69.312885605356
round_4,MG,2025-07-13,14.289929824322938,19.216571068073353,3.507233131874391,69.08749804075185
round_4,MG,2025-07-20,14.60617754429711,19.437842059888997,3.5173723778236514,67.94524976309052
round_4,MG,2025-07-27,14.42739715976732,19.457433323329735,3.379953309988795,67.10258882935165
round_4,MG,2025-08-03,12.885501962534898,18.21881643253079,2.950032286998618,63.18224633895444
round_4,MG,2025-08-10,12.803910710473508,18.006294012919337,3.435362784322541,62.68480375770509
round_4,MG,2025-08-17,13.282642667108762,18.624775970823432,3.542018780429011,61.300876616314895
round_4,MG,2025-08-24,13.870431534310123,19.02210901660121,4.199989946451344,62.808760985998326
round_4,MG,2025-08-31,14.31209520773366,19.70463034834706,3.919773491323813,60.84141956851642
round_4,MG,2025-09-07,14.570947295538144,20.10453663034974,3.5170871988288375,53.45006540538885
round_4,MG,2025-09-14,15.0289936041368,20.308320124281497,4.340299522643412,55.6567956619805
round_4,MG,2025-09-21,15.315401697641056,20.12605741695532,5.1125677893518855,59.47596960369217
round_4,MG,2025-09-28,16.090662048948488,20.798650305969023,5.698084279195665,61.78569098062355
round_4,MG,2025-10-05,17.24316822767581,21.875370774633232,5.260315398537337,53.17020388185687
round_4,MG,2025-10-12,17.78292182681002,22.415068669454335,5.410504851463587,52.52080558812707
round_4,MG,2025-10-19,18.13547995946383,22.34678947776352,6.296353584259773,57.11425629099586
round_4,MG,2025-10-26,18.01694104867708,21.68972843331996,6.669196475686169,62.6963439209262
round_4,MG,2025-11-02,18.67451944246394,22.193920552392377,6.537591595480128,62.01172648652096
round_4,MG,2025-11-09,19.247091365509537,22.83657560390359,6.668884757716161,62.6046181881655
round_4,MG,2025-11-16,19.188315989290228,22.548236798832047,6.7468406938369565,64.97608329858718
round_4,MG,2025-11-23,19.27889153378034,22.528512878257946,6.782465046179341,65.37243206293063
round_4,MG,2025-11-30,19.689252766521857,22.936364629813088,6.8214634457355405,66.7921870996649
round_4,MG,2025-12-07,19.44690793106396,22.539254976465692,6.796657302581665,72.23556163027646
round_4,MG,2025-12-14,19.35440626632719,22.939485106253873,6.660517004253781,69.30893008006349
round_4,MG,2025-12-21,19.59213198418504,22.773252180545384,6.63949741921799,72.02710159589455
round_4,MG,2025-12-28,19.548200902448404,22.871614174050137,6.618152748132189,71.42386343346395
round_4,MG,2026-01-04,19.374445946892305,22.824278345210192,6.75573285072963,77.85332213088247
round_4,MG,2026-01-11,19.43394483345188,23.169091941049484,6.460576250737497,75.60706531832456
round_4,MG,2026-01-18,19.45526913456813,23.173358107002347,6.4471497685812995,75.36143154520175
round_4,MG,2026-01-25,19.55776397097597,23.211890347912817,6.657941114899512,76.40852330291528
round_4,MG,2026-02-01,19.351440434945655,23.05251271045606,6.604000074674217,75.94274328411531
round_4,MG,2026-02-08,19.28094475713839,23.14751274433632,6.681859042325528,74.67086029243077
round_4,MG,2026-02-15,19.402917792969845,23.22559920464372,6.771807969986258,75.25542037060079
round_4,MG,2026-02-22,19.325344981164687,23.058123558045505,6.643268479775216,76.10265212518813
round_4,MG,2026-03-01,19.29636214949379,23.105853553841417,6.698027038718586,76.0341843422761
round_4,MG,2026-03-08,19.397229662525852,23.028559124026856,6.785759943900563,76.59794216938579
round_4,MS,2025-06-22,16.364944533125133,20.565685719195734,2.644899982254171,65.96811526445109
round_4,MS,2025-06-29,16.53701039045072,20.95558293382926,2.0391889848668088,61.54250386289045
round_4,MS,2025-07-06,15.531882363227025,19.723644314545233,3.40937183528452,75.14959213260816
round_4,MS,2025-07-13,15.116506269352229,19.727838723696433,3.090103578878839,74.28206779539072
round_4,MS,2025-07-20,15.746175965952292,20.372890703711104,2.688442569336097,70.29308378568008
round_4,MS,2025-07-27,16.06543815651201,20.88806363767137,2.338242725321588,69.8829471327903
round_4,MS,2025-08-03,14.933619062606828,19.939518270754064,2.2856030726611323,61.26575226950651
round_4,MS,2025-08-10,14.980147795259157,20.11891564095515,2.491164799935445,58.488347683120246
round_4,MS,2025-08-17,15.597701716846434,20.803237482494037,2.6274859563479973,57.23431458485852
round_4,MS,2025-08-24,15.338538017975312,20.31327405253264,3.525320931084982,60.89062315798752
round_4,MS,2025-08-31,16.44612052221387,21.819944959287614,3.6240731360640024,58.71125558487351
round_4,MS,2025-09-07,17.562532376546017,22.851962877257485,3.687425647885152,47.56091632432571
round_4,MS,2025-09-14,17.538033121310253,22.75787940183023,4.923027923864583,50.67462039379519
round_4,MS,2025-09-21,17.511154010790765,22.262500540679248,5.1844711213141075,54.902256582264386
round_4,MS,2025-09-28,18.666674384398043,23.21234624129115,5.89987508167697,58.39729187611405
round_4,MS,2025-10-05,20.175899242974985,24.5494965930698,5.96111015714461,54.05971764955455
round_4,MS,2025-10-12,20.35349743341591,24.802238159016017,6.1068250045903225,54.73536669058844
round_4,MS,2025-10-19,20.508682891934264,24.667188244134156,6.262507276986397,57.62569006441988
round_4,MS,2025-10-26,20.20910635014929,24.205189140203633,6.461623951876322,58.758457537341705
round_4,MS,2025-11-02,20.483965376656748,24.41320363505819,6.365415452410919,66.56967139990294
round_4,MS,2025-11-09,20.6523554273809,24.81107535784754,6.113899373972306,64.17387801136734
round_4,MS,2025-11-16,21.111501257872728,25.141478079208284,6.3575361951644505,65.4952857269126
round_4,MS,2025-11-23,21.62957870749912,25.45194097520322,6.541885892613462,67.31778805832408
round_4,MS,2025-11-30,21.520600931351243,25.154762247966865,6.522164266192898,69.66856752189831
round_4,MS,2025-12-07,22.030264241723856,25.549201287264303,6.751762653134703,71.04363159742942
round_4,MS,2025-12-14,22.115089853091387,25.975829674316987,6.706444662591623,68.65418800339496
round_4,MS,2025-12-21,22.419894341550677,26.017926286799064,6.613287927473717,70.81414967044464
round_4,MS,2025-12-28,22.36324323910691,25.83947745050668,6.876621253179526,72.59413320949342
round_4,MS,2026-01-04,22.635708978998615,25.994844485211683,6.8403841241983905,77.01403857358096
round_4,MS,2026-01-11,22.71318917579049,26.247437427379257,6.720893007856902,75.95260448147529
round_4,MS,2026-01-18,22.72905699252429,26.11677650588914,6.915279226678511,76.8620229207298
round_4,MS,2026-01-25,22.633416813255085,26.118015500652564,6.86259115975788,76.52762518701984
round_4,MS,2026-02-01,22.519617537886557,26.066468340648676,6.571209890699426,75.55936660091967
round_4,MS,2026-02-08,22.390796084341,25.760200458649013,6.6889789094498,77.12419414890401
round_4,MS,2026-02-15,22.50860583148818,25.82932213066357,6.785941832030724,77.70597912657345
round_4,MS,2026-02-22,22.348832462046182,25.67566112863732,6.916274368656054,78.1463839553453
round_4,MS,2026-03-01,22.448518956057576,26.327633811539993,6.3844760902512805,73.34054840277304
round_4,MS,2026-03-08,22.401848916892764,25.851932441749454,6.686192338320761,76.78193199430312
round_4,MT,2025-06-22,19.341298108111587,24.2628410009384,1.4196278392152646,57.60482089358244
round_4,MT,2025-06-29,19.411644043127048,24.558949813062565,0.9503485329167118,54.41652887015946
round_4,MT,2025-07-06,18.953898503871596,23.991547939798817,1.3806210224750255,62.950230806867985
round_4,MT,2025-07-13,19.03795386626765,24.222488101800845,1.4769327498301086,62.193714360166126
round_4,MT,2025-07-20,19.076648800948806,24.321883883748495,1.463787712376877,59.81793818249994
round_4,MT,2025-07-27,19.431105964791104,24.99073779643452,0.8987934200014301,56.94216294452561
round_4,MT,2025-08-03,18.636296481648547,24.298962037360702,0.9566931684955586,43.402018754597115
round_4,MT,2025-08-10,19.12652110529066,24.76149735751879,1.3617739266244866,42.405294273008835
round_4,MT,2025-08-17,19.734359025031303,25.360419293438923,1.4449186605627578,41.16214259784994
round_4,MT,2025-08-24,20.14814851768996,25.356718126372016,3.1154832858426733,47.50887168767619
round_4,MT,2025-08-31,20.48320377315659,25.915835317478777,3.3528465021958533,46.3745610986389
round_4,MT,2025-09-07,22.182763229734498,27.578727884712283,3.384787727295409,32.069403851748895
round_4,MT,2025-09-14,22.62025929962554,27.784337516422088,4.525825059121113,35.877206224436016
round_4,MT,2025-09-21,22.55087008849502,27.075074271080656,5.985911524874594,43.8409452210276
round_4,MT,2025-09-28,22.798081772801247,27.122212350224864,6.584943692830514,48.51418765767834
round_4,MT,2025-10-05,24.53328780303997,28.743871364462468,6.355980916625469,44.920987730334865
round_4,MT,2025-10-12,24.38871356244594,28.48647246797084,6.510162668585841,46.968166182203376
round_4,MT,2025-10-19,24.384705735373185,28.12406692876152,6.905511327538427,51.4956487849838
round_4,MT,2025-10-26,24.03211554402001,27.40805247065868,6.909935968631986,54.82846162495153
round_4,MT,2025-11-02,23.873821118722468,27.18211336321428,6.760645385981004,66.56931082400999
round_4,MT,2025-11-09,24.04197027799279,27.44400655010328,6.862017325045488,65.92207135841034
round_4,MT,2025-11-16,24.064767951564285,27.191461577040787,6.974306882433222,68.63203836541432
round_4,MT,2025-11-23,24.148850810100225,27.274547967289443,6.899052220520595,68.40221835492491
round_4,MT,2025-11-30,24.13053032257818,27.094744331539147,6.955422850355293,69.39781623879963
round_4,MT,2025-12-07,23.740198408766116,26.534907656035937,6.96286889542675,76.56499289255244
round_4,MT,2025-12-14,23.682638393589485,26.745382599499177,6.960484903731743,75.52182013723996
round_4,MT,2025-12-21,23.787839193736303,26.723095413498825,6.768418104956265,76.5895359096001
round_4,MT,2025-12-28,23.729522417183727,26.56298172796997,6.998286001157948,76.97573140980822
round_4,MT,2026-01-04,22.491667286549713,25.198675844536737,6.974957493066147,84.59597608441065
round_4,MT,2026-01-11,22.534390609630822,25.556835536655267,6.978205518645929,82.8084602830104
round_4,MT,2026-01-18,22.557075799557563,25.349509541151917,6.951111921319741,84.26439963891951
round_4,MT,2026-01-25,22.5259474652391,25.371542806930748,6.982365592831791,83.98773739494484
round_4,MT,2026-02-01,22.55100039617733,25.35460965724215,6.973883002620082,84.4545004781648
round_4,MT,2026-02-08,22.409714430433656,25.169971784735832,6.983444248199576,84.96402926836667
round_4,MT,2026-02-15,22.452856055308033,25.198639549892853,6.998963607210803,85.00624666057934
round_4,MT,2026-02-22,22.4222121117245,25.26855918276429,6.993009569664459,84.79024817789862
round_4,MT,2026-03-01,22.54178896296875,25.601020242767618,6.941164119561468,83.51168491315772
round_4,MT,2026-03-08,22.54414520458305,25.404716015752385,6.990868077717083,84.56158598616055
round_4,PA,2025-06-22,23.136151060305053,26.07132626711497,6.312548467512383,79.26729914518728
round_4,PA,2025-06-29,23.148290640582204,26.09608094214834,6.402776821919745,79.0144312043379
round_4,PA,2025-07-06,23.019371949278963,26.047992628102268,6.418033468653443,82.25502021093786
round_4,PA,2025-07-13,22.948856640415485,26.22438132719407,6.203039550481932,80.08745652541211
round_4,PA,2025-07-20,23.061402101313064,26.40155647787359,6.024233544969026,78.54340952490223
round_4,PA,2025-07-27,23.12578552897932,26.67762636734345,5.836979280457012,76.7144140011352
round_4,PA,2025-08-03,22.962531504566844,26.59296072644932,5.831509652635528,73.06875222281715
round_4,PA,2025-08-10,23.056788023014334,26.740958596358272,6.053680950354004,72.85421050202264
round_4,PA,2025-08-17,23.25607590352325,26.93463354847179,6.160172366687651,72.24563979641653
round_4,PA,2025-08-24,23.351547749133296,27.01750560073196,6.558425984216175,73.06703718937074
round_4,PA,2025-08-31,23.37784124370439,27.0831769462012,6.534551944417276,72.60718763311554
round_4,PA,2025-09-07,24.33148475356,28.077465566874533,6.508856937669639,64.92946855695108
round_4,PA,2025-09-14,24.466398609870566,28.210296241948186,6.717805757096959,64.85329138262527
round_4,PA,2025-09-21,24.513655800450923,28.209251149087653,6.841353398545963,65.37052248035454
round_4,PA,2025-09-28,24.549038346791058,28.27873643359633,6.925247568760938,65.31868059773275
round_4,PA,2025-10-05,25.680301040773397,29.272021779973784,6.913465283067905,59.12439053382285
round_4,PA,2025-10-12,25.61871063899429,29.081836455711272,6.895856715886085,60.64110962148192
round_4,PA,2025-10-19,25.589580461231588,29.10032562343881,6.902614667377477,60.68630554780741
round_4,PA,2025-10-26,25.629725087542113,29.02843536740593,6.9181125714540235,61.39070261021137
round_4,PA,2025-11-02,26.530427298771112,29.764416920767843,6.92965444010214,57.38267169101758
round_4,PA,2025-11-09,26.51795271705122,29.77199450433521,6.898306473646098,57.351109590340045
round_4,PA,2025-11-16,26.499496379661824,29.67154075615617,6.971192134811339,58.11789964843258
round_4,PA,2025-11-23,26.491344907774383,29.542182364588744,6.960964446213815,59.05876968179693
round_4,PA,2025-11-30,26.421219909241593,29.35606529411307,6.979234745722631,60.38841373091264
round_4,PA,2025-12-07,26.99371808260348,29.653578389122124,6.997912557586811,60.614797924761795
round_4,PA,2025-12-14,26.823760169226254,29.391379424821928,6.991098632151084,62.37019995612793
round_4,PA,2025-12-21,26.751032854644716,29.18123852541264,6.769230769230769,63.51952289239603
round_4,PA,2025-12-28,26.46910903756041,28.77854401105415,7.0,65.54978782544242
round_4,PA,2026-01-04,23.46516519999829,25.722400106331456,7.0,85.30794867118131
round_4,PA,2026-01-11,23.33539489510976,25.532002828443577,6.999202953214549,86.1762264303736
round_4,PA,2026-01-18,23.290150025136658,25.440064240480215,6.999022579677923,86.75178062818631
round_4,PA,2026-01-25,23.35879403923095,25.507152861587297,6.999959526002735,86.73890166493736
round_4,PA,2026-02-01,23.30263994104563,25.345573453661252,6.99991905200547,87.67502812816025
round_4,PA,2026-02-08,23.137257458683813,25.161093204243222,7.0,88.28723805021419
round_4,PA,2026-02-15,23.162349254986164,25.20651282671716,6.996353194387828,88.2444737796633
round_4,PA,2026-02-22,23.18789393581049,25.228876546597473,7.0,88.41727669360135
round_4,PA,2026-03-01,23.159991528504943,25.18021267116876,7.0,88.75734100974566
round_4,PA,2026-03-08,23.163935678509095,25.19424675575257,7.0,88.6050435517619
round_4,PB,2025-06-22,21.114029138109355,23.763003985279685,6.572402602205131,77.33927447834765
round_4,PB,2025-06-29,21.04636633245804,23.692158393151367,6.601672107937917,77.41631587221048
round_4,PB,2025-07-06,22.840269897188303,25.58016485356592,6.523086387024705,71.18588845927657
round_4,PB,2025-07-13,22.59088294130617,25.51608455296886,6.275277735355393,69.08046207933397
round_4,PB,2025-07-20,22.510536305080567,25.448624362474828,6.2621621489227435,68.62794394856273
round_4,PB,2025-07-27,22.419623050189493,25.40162436219738,6.295837211379701,68.1997934501818
round_4,PB,2025-08-03,21.43589303532451,24.67588280673925,5.977297806106327,68.11744461979777
round_4,PB,2025-08-10,21.436923421220484,24.686996838939145,5.953964290276693,67.41604046393398
round_4,PB,2025-08-17,21.694391778467693,24.934197731817385,6.1026715729356065,67.65629483240939
round_4,PB,2025-08-24,21.77568816831245,25.2339834537088,5.799940458180973,66.24664428608627
round_4,PB,2025-08-31,21.906745987581832,25.339893619896248,5.868473101486193,65.44690226606272
round_4,PB,2025-09-07,21.255209517803255,24.628626436507332,5.870477736892203,66.68163871221157
round_4,PB,2025-09-14,21.474977557367083,25.052902971895488,5.7116746724911795,65.19340277803936
round_4,PB,2025-09-21,21.759304396148753,25.451452257447173,5.5465818250974674,64.06082294930596
round_4,PB,2025-09-28,22.02744447694686,25.76570299595481,5.557477344044906,63.12517172709325
round_4,PB,2025-10-05,21.81666757655143,25.442237699567524,5.736667041264335,63.720935672879776
round_4,PB,2025-10-12,22.02141064499591,25.6293532561645,5.9022185883046765,63.786155078776375
round_4,PB,2025-10-19,22.145371875592065,25.846197358929672,5.821218335691378,62.957497968664285
round_4,PB,2025-10-26,22.325930500916183,26.0680110321024,5.8365646992605065,62.5456573798235
round_4,PB,2025-11-02,22.85589225739087,26.47184826153834,6.008938976118918,62.02435294078006
round_4,PB,2025-11-09,22.827946323496793,26.543566242890787,5.768705111913454,61.55440624510966
round_4,PB,2025-11-16,23.04309525548399,26.708348517549776,5.907496659837463,61.61191894650921
round_4,PB,2025-11-23,23.106484935489497,26.690633494587217,6.154384521624371,62.18424811808991
round_4,PB,2025-11-30,23.218608499160048,26.819728158561716,6.1635276822873895,63.0210428859682
round_4,PB,2025-12-07,23.734341986774293,27.166209917313864,6.333362234984157,60.92152550219789
round_4,PB,2025-12-14,23.813727704357017,27.144573058494377,6.544156612561316,62.19817523451273
round_4,PB,2025-12-21,23.755811572820733,27.164461454979477,6.130101575076059,61.45476668945963
round_4,PB,2025-12-28,23.78510217615527,27.14024339557011,6.497561956570166,62.61888187274434
round_4,PB,2026-01-04,23.13783878780627,26.38420973552436,6.769611804141425,70.26758091630944
round_4,PB,2026-01-11,23.0386932007965,26.18472693064672,6.702353762648859,71.87871337918845
round_4,PB,2026-01-18,23.07639053124863,26.16176489837265,6.780483633295925,72.87879584113203
round_4,PB,2026-01-25,23.129919366455464,26.39368483143849,6.671995641737155,71.23091659667185
round_4,PB,2026-02-01,23.150892592100497,26.43007145952548,6.760544167022978,71.577385656956
round_4,PB,2026-02-08,23.13510881528598,26.228347026135452,6.836498508148164,73.20824244910187
round_4,PB,2026-02-15,23.071225812417005,26.047587674953157,6.8902879810079725,75.39474220205568
round_4,PB,2026-02-22,23.118979259767617,26.16831359622052,6.7590974035948514,74.59324543873905
round_4,PB,2026-03-01,23.207590602559137,26.29367363524024,6.788551696805524,74.18161874263728
round_4,PB,2026-03-08,23.156124355338548,26.154779656462225,6.904598997260413,75.06380838795755
round_4,PE,2025-06-22,20.751714099413885,23.010130746617104,6.892176920598364,80.48858467301395
round_4,PE,2025-06-29,20.65816763940822,22.91345259270982,6.884865401165257,80.47736947987521
round_4,PE,2025-07-06,22.148596027073314,24.495206709117188,6.880909871745544,75.59756888125449
round_4,PE,2025-07-13,21.90371413550342,24.381864629037555,6.802502662882384,73.90827422007264
round_4,PE,2025-07-20,21.83316314532053,24.303145876101873,6.85484362853949,73.39160455051477
round_4,PE,2025-07-27,21.703365446467917,24.19490570939796,6.816341711525624,73.45581291586187
round_4,PE,2025-08-03,20.688817199221624,23.427627352002073,6.66319928441801,73.64481528806652
round_4,PE,2025-08-10,20.693316878217228,23.389598502424604,6.73081285968521,73.41128873178741
round_4,PE,2025-08-17,20.92305728802295,23.65032126528863,6.73952593843531,73.59860233418058
round_4,PE,2025-08-24,21.00212667203592,23.95836612011174,6.549089152517876,71.99732630235637
round_4,PE,2025-08-31,21.10778776478619,24.07730912889383,6.498001279438511,71.05190904659902
round_4,PE,2025-09-07,20.42148927198966,23.300973032498515,6.602012640233373,72.5629602742903
round_4,PE,2025-09-14,20.61484794281736,23.76094153807612,6.383065856362581,70.76888405264401
round_4,PE,2025-09-21,20.9446692251013,24.25935632836804,6.209622059469314,69.05511718369097
round_4,PE,2025-09-28,21.294916989318523,24.62853307276257,6.155388558071543,67.87557632634542
round_4,PE,2025-10-05,21.007700560858623,24.24787406196106,6.318145631978726,68.65559183044475
round_4,PE,2025-10-12,21.22437958641263,24.486748169942008,6.385510895359102,68.52602801736583
round_4,PE,2025-10-19,21.40272927530875,24.785784819992745,6.320220706803498,67.35709668320733
round_4,PE,2025-10-26,21.653348558657537,25.108076205353346,6.315826353191333,66.52979355958121
round_4,PE,2025-11-02,22.203279057569265,25.5344866208316,6.403800645617599,66.18270032769962
round_4,PE,2025-11-09,22.1994889855066,25.663085969383488,6.281405926600974,65.20907520047209
round_4,PE,2025-11-16,22.411013131220717,25.843615201237608,6.2962198207970355,65.11723235734212
round_4,PE,2025-11-23,22.435059097330015,25.76519046946201,6.488423829850783,66.15888480372492
round_4,PE,2025-11-30,22.636274412056544,26.03841352525766,6.440018774301253,66.15873207472434
round_4,PE,2025-12-07,23.178718771328075,26.391537596077015,6.627086610582904,63.98052383575326
round_4,PE,2025-12-14,23.21903381162525,26.322874600441295,6.71218088001818,65.48896153552643
round_4,PE,2025-12-21,23.189252088101025,26.383546199170905,6.3844323605992885,64.74600264717147
round_4,PE,2025-12-28,23.23275491888985,26.378228418962475,6.655116019214216,65.53585763276028
round_4,PE,2026-01-04,22.84889654678638,25.92048598827345,6.812174614194891,71.53839146341214
round_4,PE,2026-01-11,22.728581704712106,25.724809874371047,6.762374158318598,73.0398437881383
round_4,PE,2026-01-18,22.830856308880595,25.814842244378333,6.8470586529826605,73.51758283450336
round_4,PE,2026-01-25,22.887007876027397,25.967133985179505,6.834188933670193,72.44680949598948
round_4,PE,2026-02-01,22.88356350960061,25.971143855989855,6.832060795798011,72.96008456484375
round_4,PE,2026-02-08,22.852968278659464,25.828859163648836,6.8646842655522,73.83253673787236
round_4,PE,2026-02-15,22.81835687463428,25.7266538809508,6.914969190850029,75.67230101737083
round_4,PE,2026-02-22,22.91661119977034,25.883174209804196,6.852999572643628,74.77947566197459
round_4,PE,2026-03-01,22.974494548803897,26.0030664165669,6.827771524888511,74.23337421354137
round_4,PE,2026-03-08,22.924872264247924,25.932509564104738,6.860544424166632,74.70522988382045
round_4,PI,2025-06-22,22.7870609257119,27.019846971570324,4.2172417638165465,56.93632215358401
round_4,PI,2025-06-29,22.938250161461657,27.16343389311952,4.1374809450127294,56.0488052542152
round_4,PI,2025-07-06,23.828531193762775,28.22767635394775,4.031925359582834,52.45304725403999
round_4,PI,2025-07-13,23.67254554513159,28.308269690811525,3.5910928582170674,49.886139841318574
round_4,PI,2025-07-20,23.704573452543052,28.476927985416307,2.8125292986033283,47.75890533764983
round_4,PI,2025-07-27,23.737960706306872,28.622013427166035,2.420913014356131,45.90528693705611
round_4,PI,2025-08-03,23.08361008440186,28.237624343391325,2.1764089197165823,42.8667018068694
round_4,PI,2025-08-10,23.17221757556905,28.43904863796934,1.9093216197027252,41.732379176122066
round_4,PI,2025-08-17,23.61063988302602,28.824934232474853,2.118631367801954,41.407997393089275
round_4,PI,2025-08-24,23.760899076475713,29.202913485141416,2.520586359119847,40.954278265385966
round_4,PI,2025-08-31,23.877589630546993,29.361769205638133,2.5024829260754835,40.6615048422413
round_4,PI,2025-09-07,23.734386034176733,29.2957357361875,1.7855859824076905,37.400865658641514
round_4,PI,2025-09-14,23.98009604701652,29.58551435075069,2.5322275743253084,38.20349558774171
round_4,PI,2025-09-21,24.266577807154665,29.90710298543364,2.847694359097392,38.90668906771187
round_4,PI,2025-09-28,24.458223081072013,30.155567325225892,2.7293964480327797,38.41193866791927
round_4,PI,2025-10-05,25.448830170907268,30.93613374847859,3.173541215412284,34.31615422506602
round_4,PI,2025-10-12,25.4434833088103,30.59779596859997,3.8748587979425313,37.77634278325797
round_4,PI,2025-10-19,25.528839990614813,30.710503407807636,4.00798939414935,38.357645513446506
round_4,PI,2025-10-26,25.578873698712577,30.484707436296613,4.849765761858234,40.95064503616735
round_4,PI,2025-11-02,26.683440939170328,31.36394349130406,4.851853627678977,37.753827166940894
round_4,PI,2025-11-09,26.779313885402885,31.54066233357698,5.435627846208074,36.79127207186943
round_4,PI,2025-11-16,26.871853729986935,31.57791566207416,5.178413642948376,37.04373864430569
round_4,PI,2025-11-23,26.584814312971066,30.940056161182103,5.798723492390562,41.62367427795659
round_4,PI,2025-11-30,26.50497054506576,30.81315303313504,5.900477281006882,42.745344188612805
round_4,PI,2025-12-07,27.299032967320276,31.314049948873873,6.605669970013713,40.046006847955006
round_4,PI,2025-12-14,27.297014660165015,31.275387857543738,6.51413597151997,40.80599798221146
round_4,PI,2025-12-21,27.148188798605037,31.01394707920075,6.416213648043935,42.88151309874753
round_4,PI,2025-12-28,26.748754145955058,30.34881031989425,6.831859227792126,47.319815184885464
round_4,PI,2026-01-04,23.492961393807157,26.86379670566558,6.915862436402408,73.51843750396587
round_4,PI,2026-01-11,23.249046328408937,26.501682368663896,6.86094583820114,75.4193151295112
round_4,PI,2026-01-18,23.067965583984513,26.183036128625577,6.946515101180113,78.42802579017108
round_4,PI,2026-01-25,23.159384090280987,26.5427990248001,6.914207141594293,76.0746608014856
round_4,PI,2026-02-01,23.14975927912222,26.33009503730541,6.906042828910794,77.8584049809331
round_4,PI,2026-02-08,22.887200342236625,25.90112721399254,6.939971412149668,80.2574697071149
round_4,PI,2026-02-15,22.772991857976404,25.845608147895796,6.966590972713062,81.2558280126387
round_4,PI,2026-02-22,22.909880109729617,26.026266791023833,6.949521514196048,80.28820333303082
round_4,PI,2026-03-01,22.948658103741167,26.072522015789954,6.93281974492621,80.26682538303476
round_4,PI,2026-03-08,22.862970201510272,25.907606312850117,6.95146828080231,81.19792647253048
round_4,PR,2025-06-22,12.514249393636677,15.866970868175754,4.708751261194109,80.47627608804937
round_4,PR,2025-06-29,12.28209514702284,15.979973367253775,3.739663023903838,77.59567862920909
round_4,PR,2025-07-06,12.051059403458847,15.33521112456236,5.121475528776419,85.12307618878819
round_4,PR,2025-07-13,11.211146943159218,14.929039760864669,4.509288876169135,84.5003538162634
round_4,PR,2025-07-20,11.79384163536795,15.57329103070293,4.2414253711592185,81.59200706813535
round_4,PR,2025-07-27,11.819780338744769,15.645221330522094,4.327619846975535,83.37765295887937
round_4,PR,2025-08-03,11.074876325638018,15.07394482609368,4.497233161518545,79.16703037287533
round_4,PR,2025-08-10,10.961395754435507,15.077028144892784,4.437833486971172,77.28791761594769
round_4,PR,2025-08-17,11.556546596185113,15.87889771903868,4.174444485466863,75.22468536542104
round_4,PR,2025-08-24,11.220712272422164,15.378453950320516,4.8598805922400174,77.22673198732612
round_4,PR,2025-08-31,12.034715504031642,16.37296163355053,4.756966772765221,76.76466244595355
round_4,PR,2025-09-07,13.073023097493538,17.331385936643183,5.072630779637252,71.59626803794222
round_4,PR,2025-09-14,12.570259831991455,16.757247060506224,5.82159318387922,73.73972297336043
round_4,PR,2025-09-21,12.44142657202548,16.412867975420617,5.727250049766549,74.70965212755533
round_4,PR,2025-09-28,13.642042727860444,17.533463910329033,6.2307216044516816,77.26239411243643
round_4,PR,2025-10-05,14.654994969965507,18.40583342186596,6.202788480938213,74.46661742338019
round_4,PR,2025-10-12,14.838168625648988,18.659779876290727,6.418012905578454,74.47264855599039
round_4,PR,2025-10-19,15.114190567053123,18.860685312292016,6.424954326208019,74.7477617499661
round_4,PR,2025-10-26,14.91250419095464,18.75263185827368,6.302604941399941,73.81501944074219
round_4,PR,2025-11-02,15.12124497065494,18.759546582019308,6.435173989490953,77.01804225938503
round_4,PR,2025-11-09,15.516985040476005,19.34289966956217,6.286930612016281,75.24830538607671
round_4,PR,2025-11-16,15.94551309646636,19.733242938376563,6.361812018770924,76.36945603786769
round_4,PR,2025-11-23,16.646416979983716,20.156099779751106,6.609067040566865,77.90621519360003
round_4,PR,2025-11-30,16.800139427776934,20.330832512531448,6.624193420689782,78.66013540887545
round_4,PR,2025-12-07,17.408023505388538,20.820196290419407,6.7072279531663765,76.72630264951583
round_4,PR,2025-12-14,17.631235807210764,21.30865571633936,6.686622484119068,75.97402675942551
round_4,PR,2025-12-21,17.930820349241014,21.305509913558907,6.5988800053534575,77.42011372013019
round_4,PR,2025-12-28,18.33344662480596,21.60028741557876,6.88920972777007,79.06949970135994
round_4,PR,2026-01-04,19.68057227745997,22.890484953185712,6.896407192516395,82.08013622297564
round_4,PR,2026-01-11,19.68760753601734,22.86014212714368,6.818860134185405,82.70211454522656
round_4,PR,2026-01-18,19.416075378318816,22.57670087386564,6.828622752322454,81.86541887955833
round_4,PR,2026-01-25,19.654405905906703,22.970984078635944,6.7816423082231125,81.81362680654584
round_4,PR,2026-02-01,19.480157322157613,22.906192526054657,6.595112914835346,80.04955572298925
round_4,PR,2026-02-08,19.40497160406237,22.566360363783044,6.807233286440331,82.05761871364474
round_4,PR,2026-02-15,19.67554565243527,22.705238624994188,6.871228973734021,83.35207351114097
round_4,PR,2026-02-22,19.404806819675,22.51007416032415,6.9528392926642555,82.56081387577477
round_4,PR,2026-03-01,19.33982262374876,22.881242109914098,6.534284311801387,79.6798287754727
round_4,PR,2026-03-08,19.355959345041583,22.499448097526734,6.8049140627067635,82.27344740011472
round_4,RJ,2025-06-22,16.17901690980709,19.78598113110267,4.569752732117259,79.44227841764798
round_4,RJ,2025-06-29,15.928645923827125,19.585759416448155,4.575427066213481,78.91962717135416
round_4,RJ,2025-07-06,15.552263510097337,19.19643654495184,4.309313299984027,81.2828103066141
round_4,RJ,2025-07-13,15.221394180368875,18.80383266673309,4.654639161143753,81.45957343857458
round_4,RJ,2025-07-20,15.364238632739012,19.13094501350822,4.293978456353967,80.08085326457419
round_4,RJ,2025-07-27,15.349948085635894,18.932444308431617,4.987529544291893,81.63747728374322
round_4,RJ,2025-08-03,14.349688217612307,18.18887132000901,4.587812224740932,78.00961197288392
round_4,RJ,2025-08-10,14.08328620908178,17.962443617540625,4.879385478496387,76.499763970219
round_4,RJ,2025-08-17,14.433895866702906,18.60633107064382,4.605412657450873,75.40992039415146
round_4,RJ,2025-08-24,14.867514253054503,18.437271418625436,5.364905999908149,77.10897464599692
round_4,RJ,2025-08-31,15.16736107515162,18.842132404230014,5.351917051696727,76.46414683249812
round_4,RJ,2025-09-07,15.543555799734692,19.59100335927612,4.450310001766767,72.0988469355247
round_4,RJ,2025-09-14,15.701529160764917,19.372137591074257,5.4910321271222475,73.35348757224503
round_4,RJ,2025-09-21,15.73065231669597,18.8875748714307,6.228449201549483,76.2480871786525
round_4,RJ,2025-09-28,16.63130579274972,19.893978686266188,6.104684188454329,76.54594998671477
round_4,RJ,2025-10-05,17.277265565129728,20.58555571780087,5.902671429990582,72.97318052917846
round_4,RJ,2025-10-12,17.673823502035724,20.738839465894568,6.228073139638426,73.89833989796624
round_4,RJ,2025-10-19,18.04600139099261,21.063292601081713,6.769751742774005,74.5151178705874
round_4,RJ,2025-10-26,18.053968342234448,20.84333766702372,6.759831131183373,74.86968292909941
round_4,RJ,2025-11-02,18.043733918945385,20.750813905981904,6.636394542889452,76.23513403674995
round_4,RJ,2025-11-09,18.736954929161424,21.554382633521175,6.743840819780036,76.94166255228028
round_4,RJ,2025-11-16,18.71883625673937,21.49378632747484,6.683509834530598,77.4941039899456
round_4,RJ,2025-11-23,19.231720498710068,21.884496948308215,6.79580083243016,77.44275087984981
round_4,RJ,2025-11-30,19.5542118789471,22.276502054791138,6.909246022320489,78.02884766188876
round_4,RJ,2025-12-07,19.44683427436532,22.171141365686584,6.79928918474226,79.63689192547824
round_4,RJ,2025-12-14,19.73536805441651,22.6282296288714,6.9098278629831595,78.1572192474697
round_4,RJ,2025-12-21,20.013179386577587,22.62407434592932,6.577966393690792,79.90398229270909
round_4,RJ,2025-12-28,20.40152186504993,23.164171149238,6.789182835210782,79.13948130089913
round_4,RJ,2026-01-04,22.511000078573147,25.519207594529338,6.7590372779061845,79.99084729650293
round_4,RJ,2026-01-11,22.692315004179875,25.70429758799003,6.689915794660914,79.19275661031897
round_4,RJ,2026-01-18,22.38349232721953,25.452274729820125,6.566799355913961,78.97612543575434
round_4,RJ,2026-01-25,22.642291062994065,25.784580270884515,6.55259023278735,79.91481906887003
round_4,RJ,2026-02-01,22.43117062782473,25.533016384601968,6.5015285781994585,79.20737350205098
round_4,RJ,2026-02-08,22.52155463329417,25.79942294752158,6.35323981398614,78.43838002338266
round_4,RJ,2026-02-15,22.53222154511192,25.807351691148767,6.610433350342992,79.2091371336472
round_4,RJ,2026-02-22,22.32855063118797,25.45836800456672,6.513676980437573,79.22782850367629
round_4,RJ,2026-03-01,22.2789398578499,25.491649475683133,6.660337446082479,79.9349070077594
round_4,RJ,2026-03-08,22.348742772236378,25.334801395492317,6.739730431028745,80.63424350430607
round_4,RN,2025-06-22,22.442939035258288,25.08740379644855,6.461591208241637,75.21382204495488
round_4,RN,2025-06-29,22.34980942603549,24.99214932671045,6.529522602797609,75.4120798557912
round_4,RN,2025-07-06,24.064318983305085,26.780848666856823,6.444696130741865,68.43012910109132
round_4,RN,2025-07-13,23.83300304503864,26.78271947125803,6.036280288813847,66.00197780262108
round_4,RN,2025-07-20,23.762093629058786,26.7684196648109,6.009149649980493,65.23394451905178
round_4,RN,2025-07-27,23.70200226841292,26.819603231096963,5.942421160233338,63.97677102448262
round_4,RN,2025-08-03,22.848833576607195,26.15878030846029,5.395024965009626,63.64696338259511
round_4,RN,2025-08-10,22.861177536650946,26.20913475617136,5.397365540298839,62.749030425207046
round_4,RN,2025-08-17,23.05667402816056,26.369675359175368,5.607425113653598,63.30181955680772
round_4,RN,2025-08-24,23.2072721864477,26.62937913140577,5.419634479381437,62.20367499343633
round_4,RN,2025-08-31,23.326670918793127,26.717683841987952,5.429441913663784,61.38085351413709
round_4,RN,2025-09-07,22.83960517362795,26.189040719408823,5.465878255493981,62.08200962814831
round_4,RN,2025-09-14,23.024036756791094,26.436166804093055,5.34639705073691,61.753153055771456
round_4,RN,2025-09-21,23.293624149908094,26.710929262213675,5.25947012591904,61.09407432406919
round_4,RN,2025-09-28,23.53440123663064,26.9567443061771,5.247787693807312,60.47374184866367
round_4,RN,2025-10-05,23.38858208663947,26.714185037802455,5.561288294055746,60.66866860771751
round_4,RN,2025-10-12,23.575265945082386,26.849596045636687,5.654599072248611,61.04427917910589
round_4,RN,2025-10-19,23.670347600926608,26.97200674969842,5.590531205393785,60.546877312045005
round_4,RN,2025-10-26,23.823946264237595,27.086216400183325,5.79585819318854,60.78923586795129
round_4,RN,2025-11-02,24.18503413847703,27.41355219034233,5.944630688034045,60.187302128229526
round_4,RN,2025-11-09,24.185673425228416,27.4451204867048,5.67300160104838,60.30717852902084
round_4,RN,2025-11-16,24.348717328444785,27.56849659195112,5.94216714574634,60.63318586642033
round_4,RN,2025-11-23,24.419674113819628,27.565944925926903,6.149229968662053,61.106702808130656
round_4,RN,2025-11-30,24.50384402194697,27.63408028955044,6.27747323771806,62.29350177593901
round_4,RN,2025-12-07,24.84385877854276,27.85898923802264,6.58361818411246,60.86334940078262
round_4,RN,2025-12-14,24.962835643544164,27.94732453151576,6.594165423143311,61.30106513158935
round_4,RN,2025-12-21,24.907764998320204,27.941425108911208,6.272903856862231,60.871944242496625
round_4,RN,2025-12-28,24.90286642579939,27.873442491836688,6.631598669827028,62.19845961317075
round_4,RN,2026-01-04,24.23319474037088,27.137604963384987,6.794144095868059,70.94914580556488
round_4,RN,2026-01-11,24.118582846364376,26.946250411057942,6.778073836568394,72.50532702914894
round_4,RN,2026-01-18,24.119367525137736,26.9114463659156,6.7824679146930364,73.45097541278172
round_4,RN,2026-01-25,24.212917170122147,27.13309442866128,6.744922833724727,71.95399825066019
round_4,RN,2026-02-01,24.19295149120203,27.10103867259416,6.825899602360458,72.77680785963314
round_4,RN,2026-02-08,24.152592272803865,26.916747834808127,6.885890550769013,74.32711979874048
round_4,RN,2026-02-15,24.030992020813475,26.7348241348421,6.901371815457424,76.46214664114132
round_4,RN,2026-02-22,24.09914651711884,26.810030360437743,6.845833117755642,75.83240025660307
round_4,RN,2026-03-01,24.126764459971557,26.869212035744408,6.864809011821257,75.90652513164349
round_4,RN,2026-03-08,24.07607298884478,26.72242588451823,6.9221316019201895,76.90438825208425
round_4,RO,2025-06-22,21.210172928942036,25.450020318982357,3.673002905334056,70.68130148816836
round_4,RO,2025-06-29,21.50733902730525,25.92594523197515,3.497200810525414,67.7317852455799
round_4,RO,2025-07-06,20.05194135803237,24.462629246743152,3.951076206512743,81.21439374394093
round_4,RO,2025-07-13,19.975239888263086,24.584175512158097,3.3884843517223664,78.44310250207475
round_4,RO,2025-07-20,20.134929243455385,24.9537501831143,3.163454345158252,75.40390842162432
round_4,RO,2025-07-27,20.320324343287165,25.43608324598742,2.4621208596135733,72.95262234190123
round_4,RO,2025-08-03,20.268976146960824,25.31255218226255,3.126861862496076,60.73892079783798
round_4,RO,2025-08-10,20.42925501047536,25.372184736002097,3.6701422985815806,62.356157036073085
round_4,RO,2025-08-17,20.830996395426496,25.72796448609836,4.103525557236222,62.30908758810613
round_4,RO,2025-08-24,20.92095598511994,25.20030566913669,5.372910231456377,69.23651779740662
round_4,RO,2025-08-31,21.18507562992976,25.5583639232806,5.6800534946773595,69.8994775213371
round_4,RO,2025-09-07,22.866276458017204,27.08187700180213,6.134646262735808,58.28014289992253
round_4,RO,2025-09-14,23.06818510141978,27.19027165624677,6.545788338708296,59.82337386318126
round_4,RO,2025-09-21,22.904212342531196,26.61193543666777,6.834742041724935,64.57597725312732
round_4,RO,2025-09-28,22.940045742206824,26.558652395081943,6.967292559719171,67.26224222429758
round_4,RO,2025-10-05,23.911305254554456,27.359659600832117,6.984777076971374,71.47563196899456
round_4,RO,2025-10-12,23.74592890650571,27.024461708939572,6.975906800993179,73.29992478186414
round_4,RO,2025-10-19,23.732163736250527,26.820655674278115,6.99505782699278,74.95150848835512
round_4,RO,2025-10-26,23.49343497017713,26.425602800478224,6.908948223408202,75.91407250455747
round_4,RO,2025-11-02,23.96978917257289,26.81839271050361,6.9061729843888235,81.12584070564836
round_4,RO,2025-11-09,23.995302558470243,26.75500000717662,6.984301857929736,81.85227442197163
round_4,RO,2025-11-16,23.93876540215935,26.494969856799205,6.999870681240902,83.410707458465
round_4,RO,2025-11-23,24.038916453155753,26.65671856730904,6.996946077228231,82.95740345903971
round_4,RO,2025-11-30,23.944726303658992,26.463954994873756,7.0,83.59564929630088
round_4,RO,2025-12-07,23.937415642964975,26.339060689766217,6.998871771454665,86.48833261523302
round_4,RO,2025-12-14,23.761899204883655,26.245309288224256,6.995276805844915,86.32903533163571
round_4,RO,2025-12-21,23.855633421691977,26.26244007015841,6.769230769230769,86.53183369936369
round_4,RO,2025-12-28,23.72243336394251,26.042907828668,7.0,86.84765351873357
round_4,RO,2026-01-04,22.825434962662328,25.13913677834839,7.0,89.5625513342144
round_4,RO,2026-01-11,22.760951153723216,25.184919504673132,6.999827949954666,89.13077731710285
round_4,RO,2026-01-18,22.84621603919181,25.23857313369969,6.99970340741196,89.2075872811881
round_4,RO,2026-01-25,22.871829788211187,25.205731263082363,7.0,89.37250928529687
round_4,RO,2026-02-01,22.890616761198903,25.20369611807032,7.0,89.64588730119719
round_4,RO,2026-02-08,22.77146037548678,24.959209773666956,7.0,90.45047717860508
round_4,RO,2026-02-15,22.74628394454468,24.946344022110058,7.0,90.58157390929604
round_4,RO,2026-02-22,22.7449972619345,25.076787256212462,6.999330943322495,89.82142386683097
round_4,RO,2026-03-01,22.86188584644332,25.24714002621192,7.0,89.66591198277304
round_4,RO,2026-03-08,22.88025447507189,25.235815712408996,7.0,89.98237638770894
round_4,RR,2025-06-22,22.47394602476078,24.712769237199804,7.0,88.87671479262963
round_4,RR,2025-06-29,22.43793858690754,24.765469584004652,7.0,88.65059045429906
round_4,RR,2025-07-06,22.490379103781212,24.840057230768775,7.0,88.29198038735683
round_4,RR,2025-07-13,22.433999535997295,24.832071864742066,7.0,87.97566077065623
round_4,RR,2025-07-20,22.463840808986216,24.913579280008012,7.0,87.96074517667054
round_4,RR,2025-07-27,22.525381273591183,25.086562190092007,6.995374757029232,87.44211533954855
round_4,RR,2025-08-03,21.918152432530732,24.614428640712493,6.997864835158885,88.695889127541
round_4,RR,2025-08-10,22.01918296240231,24.736921578033193,6.998748626098444,88.3085203885641
round_4,RR,2025-08-17,22.138529785268208,25.046257980768697,6.946177386257194,86.9358892835582
round_4,RR,2025-08-24,22.343785353525497,25.445643983338982,6.998691287704461,84.83448701801561
round_4,RR,2025-08-31,22.384782858084797,25.51785242660352,6.923704255169389,84.7363899867738
round_4,RR,2025-09-07,22.30353868064006,25.603997428035537,6.895810398878138,85.47472799772879
round_4,RR,2025-09-14,22.32684199941925,25.64229010186957,6.938059753212087,86.06744148554601
round_4,RR,2025-09-21,22.63821866446727,26.280847297064533,6.7751468111947935,81.77455516507443
round_4,RR,2025-09-28,22.946082782934138,26.697805208570188,6.7474212883000435,78.55999525233894
round_4,RR,2025-10-05,23.59503405233392,27.26578885569177,6.562561277362976,75.50017469041721
round_4,RR,2025-10-12,23.5470529903639,27.089442361650303,6.93342595550454,76.79702298744292
round_4,RR,2025-10-19,23.563998406468308,27.149128607038215,6.820923045269717,76.70626614947011
round_4,RR,2025-10-26,23.70396166640159,27.104729738296957,6.774522369553799,76.63123034854564
round_4,RR,2025-11-02,24.506999411843328,27.80809116831178,6.913131250236879,73.45419410896275
round_4,RR,2025-11-09,24.672817595887736,28.035636028359068,6.849107004596818,71.55516662351471
round_4,RR,2025-11-16,24.613113479906083,28.017192160001468,6.79721792379787,71.07436579475639
round_4,RR,2025-11-23,24.77116968048681,28.036699324150312,6.971579215238259,70.31024571873527
round_4,RR,2025-11-30,24.66538082653458,28.008708815943255,6.818385699512164,68.4849260044627
round_4,RR,2025-12-07,24.348030681442932,27.55662937231682,6.763500944811119,75.63101204943412
round_4,RR,2025-12-14,24.271876961122494,27.37876125511461,6.712845587001131,76.11593232687909
round_4,RR,2025-12-21,24.06826010172353,27.22162752404696,6.580696959070124,75.95386091539464
round_4,RR,2025-12-28,23.95214809118442,27.192589141009723,6.187251224381083,73.96570110496107
round_4,RR,2026-01-04,23.9667564498836,27.418529000536115,6.005265754938862,66.10786958345726
round_4,RR,2026-01-11,24.072061129583588,27.46652439803135,6.074164965645693,65.85103198577363
round_4,RR,2026-01-18,24.054300547411227,27.66464451811866,5.73824171421265,63.36213898390294
round_4,RR,2026-01-25,24.098903385448725,27.53924164554286,5.779272641210425,64.91993400879589
round_4,RR,2026-02-01,24.140028440679224,27.64902969844657,5.925802704196443,63.81274206721827
round_4,RR,2026-02-08,24.207268771289787,27.769833551478477,5.585768785123254,63.01145871003533
round_4,RR,2026-02-15,24.151624687924357,27.69071132829097,5.813843836070585,64.10049681175036
round_4,RR,2026-02-22,24.41616644199971,27.95646767345297,6.219893074120089,63.705206300486594
round_4,RR,2026-03-01,24.474568440158905,28.00406805797658,5.936397364607963,64.14505942744651
round_4,RR,2026-03-08,24.345342161120005,27.97049377200377,5.685129876647692,64.17867705042443
round_4,RS,2025-06-22,11.212861369379189,14.254068156807763,5.4173912993935955,83.0431198661894
round_4,RS,2025-06-29,10.912045479925926,14.21970746714966,4.745417832734798,81.81909687880778
round_4,RS,2025-07-06,9.750765577588288,12.86507607945684,5.318388528782776,84.71871113312496
round_4,RS,2025-07-13,8.876338783899886,12.368775475522614,4.713276696183469,83.41786090794761
round_4,RS,2025-07-20,9.991495356296094,13.353743335351613,4.8231224818647975,82.08342508755103
round_4,RS,2025-07-27,9.77812876261893,13.530309654984958,4.397177393603266,83.33987768567746
round_4,RS,2025-08-03,9.703225221409676,13.252314510301986,5.334071426975403,82.56237529906495
round_4,RS,2025-08-10,9.731025448248028,13.580495407685104,4.552448566369362,81.39358294725196
round_4,RS,2025-08-17,10.133790331503867,14.01831373020986,4.871682544955994,80.84370885876463
round_4,RS,2025-08-24,9.712508186256487,13.560102086292682,4.896448673907127,80.9243689680822
round_4,RS,2025-08-31,10.570265593321764,14.477981836875776,5.053668363324174,81.05173166359774
round_4,RS,2025-09-07,10.855484553342402,14.45145807636045,5.5741925636389,79.9596281530543
round_4,RS,2025-09-14,10.747573561680484,14.408943838755429,5.974106611765433,80.63180868440654
round_4,RS,2025-09-21,10.51265551373601,14.432074292484296,5.499422082434997,79.03960304043969
round_4,RS,2025-09-28,11.772771060010069,15.468778995271212,6.013482013195988,79.81038935663767
round_4,RS,2025-10-05,12.036773578714907,15.619642164725173,6.084511177206481,80.40425612229105
round_4,RS,2025-10-12,12.313983568337234,16.114560209273098,6.085816714163997,80.02381146686855
round_4,RS,2025-10-19,12.533296786416589,16.58970038054464,5.703391828358332,77.60473966930113
round_4,RS,2025-10-26,12.712244127910962,16.81767287608767,5.68848825136561,77.20534444743242
round_4,RS,2025-11-02,12.787412333879615,16.80835732362445,5.950212243762119,77.62916677788883
round_4,RS,2025-11-09,13.329068253770084,17.396994094270394,5.712742589575265,76.60799809985909
round_4,RS,2025-11-16,13.801068789553804,17.965476811844745,5.533529062748731,76.63640916100944
round_4,RS,2025-11-23,14.771871871104986,18.73714415184163,5.867171268045625,76.92054735558857
round_4,RS,2025-11-30,14.807691486906428,18.742090378702187,6.121443114080032,76.1551267736481
round_4,RS,2025-12-07,15.46909971857678,19.650339388760337,6.05286627046834,74.46203848040491
round_4,RS,2025-12-14,16.272053658010204,20.24642278725527,6.421239737732483,76.91055376514356
round_4,RS,2025-12-21,16.213432146935816,20.251262168687457,5.774451157999375,75.34954921661614
round_4,RS,2025-12-28,17.09614299993366,20.96930897197673,6.446390766833766,76.47384439283196
round_4,RS,2026-01-04,20.21668990740234,24.20462638598718,6.320862424390847,75.74178421236941
round_4,RS,2026-01-11,19.994479874714767,23.76690854892824,6.404798296876805,77.25084735663988
round_4,RS,2026-01-18,19.938489617225876,23.68401358287045,6.539723049441508,76.17727060807803
round_4,RS,2026-01-25,20.3720039693331,24.161962851164773,6.385679453135677,77.36539676573396
round_4,RS,2026-02-01,20.176753270814867,24.157606787460473,6.4250844841514265,75.68611247204753
round_4,RS,2026-02-08,19.86072848119523,23.55264577078723,6.4593121476677045,76.65818697288007
round_4,RS,2026-02-15,19.90521602537604,23.48184347582456,6.553763466042428,78.12951905158148
round_4,RS,2026-02-22,19.673446805854063,23.2534500030932,6.479602128620495,78.49636675181313
round_4,RS,2026-03-01,19.552581609764875,23.28208002207632,6.061179603550907,77.88730773818645
round_4,RS,2026-03-08,19.11958814431081,22.756517289104384,6.160410196314012,77.82585829166683
round_4,SC,2025-06-22,12.469277248024614,15.349938977959614,5.887394741120375,84.51542769153575
round_4,SC,2025-06-29,12.098328837749218,15.330288480709113,5.238413856845994,82.90648764987773
round_4,SC,2025-07-06,12.018821009850884,14.864783148459653,5.939513628203833,84.8553055076444
round_4,SC,2025-07-13,11.13581051963583,14.360986199091991,5.437767180255499,83.64098844922117
round_4,SC,2025-07-20,11.727823221606158,14.97686823189653,5.55123102165633,82.87055225166323
round_4,SC,2025-07-27,11.768807172806106,15.006515902502244,5.587995244673007,84.09165184802279
round_4,SC,2025-08-03,11.4059193296246,14.54589000047284,5.975775344144989,83.33307786305144
round_4,SC,2025-08-10,11.23674479166915,14.631974081180086,5.720210513484195,82.37082473473905
round_4,SC,2025-08-17,11.796514862265594,15.256039183664026,5.762460140302422,81.84754213639064
round_4,SC,2025-08-24,11.51779560927197,14.82473211757274,6.05455697787317,81.47501765167443
round_4,SC,2025-08-31,12.166078585178022,15.501717813638274,6.04732698027575,81.59168792696953
round_4,SC,2025-09-07,12.763199588680603,15.86885091016494,6.3446023655223405,81.97921688830385
round_4,SC,2025-09-14,12.478622821992154,15.542630036798334,6.678650103718944,81.99395848010599
round_4,SC,2025-09-21,12.33389699729548,15.425823901404966,6.4642728687048745,80.54435893232866
round_4,SC,2025-09-28,13.466107842122131,16.34367720544683,6.729184572327764,82.53731763670163
round_4,SC,2025-10-05,13.906580279893385,16.681721673760126,6.785899001945639,82.67451754937423
round_4,SC,2025-10-12,14.118397629147184,16.967209693412258,6.781632223362101,81.99153245263797
round_4,SC,2025-10-19,14.480762409060809,17.503864907918867,6.683643270348743,80.41815275974963
round_4,SC,2025-10-26,14.430033429326295,17.527350775478187,6.624351607890969,79.45599859031448
round_4,SC,2025-11-02,14.366278764225305,17.308445560382218,6.768872937911909,80.39142195882302
round_4,SC,2025-11-09,14.901211296283934,18.01760739209933,6.552307754131566,79.55522178544562
round_4,SC,2025-11-16,15.354115676528064,18.470126473791257,6.687613594626328,79.67007002205231
round_4,SC,2025-11-23,16.117412257675493,18.964707768675986,6.7814253204672905,81.1899493329634
round_4,SC,2025-11-30,16.20867424820605,19.155751428442045,6.8254850642400315,80.44423227191204
round_4,SC,2025-12-07,16.61766860205768,19.575488491428747,6.839545994035198,79.21247252630809
round_4,SC,2025-12-14,17.164239656146147,20.25926608202731,6.885701423556702,79.78730027558876
round_4,SC,2025-12-21,17.248474120939193,20.18746391252279,6.6078992570020025,79.64523149910976
round_4,SC,2025-12-28,17.927148444398,20.84268610012898,6.939889662425395,80.69467336019416
round_4,SC,2026-01-04,20.34616649880655,23.312216593302853,6.902422943376933,82.17699450655475
round_4,SC,2026-01-11,20.26070768764513,23.20208542436067,6.891756868841413,82.75668638547185
round_4,SC,2026-01-18,20.026648333142735,22.91062326976618,6.848087749536492,81.8329950549929
round_4,SC,2026-01-25,20.46973832060936,23.508077355708807,6.910346058005056,82.52406659730396
round_4,SC,2026-02-01,20.28195557922769,23.351568106520812,6.85057232229552,81.49508389364814
round_4,SC,2026-02-08,20.13414496966254,23.083211249045075,6.902796249643562,82.26584965430871
round_4,SC,2026-02-15,20.359360472012337,23.106509948927332,6.958345145717695,83.6910195924193
round_4,SC,2026-02-22,20.067252250094377,22.879799243402697,6.94023159636467,83.28677194582907
round_4,SC,2026-03-01,20.061252364273244,23.007889560461106,6.8084707717349175,82.62073855593684
round_4,SC,2026-03-08,19.882917999575582,22.68221735414159,6.849367654051869,83.04591855007939
round_4,SE,2025-06-22,21.553019135658943,23.40132041398747,6.986505756874001,82.09190293818573
round_4,SE,2025-06-29,21.352734640881835,23.206885951067644,6.992213931743805,81.94691707424396
round_4,SE,2025-07-06,22.06475155016471,23.901919429372526,7.0,81.39786325558359
round_4,SE,2025-07-13,21.920964897303485,23.862245502857604,6.977505089315807,79.40284968836768
round_4,SE,2025-07-20,21.858089318262387,23.768198524718535,6.974898263696359,79.10521947575043
round_4,SE,2025-07-27,21.704054833148437,23.6697127076096,6.953161768703045,78.290131177452
round_4,SE,2025-08-03,20.72954339565315,22.86339168125225,6.966089261445797,78.97665466394852
round_4,SE,2025-08-10,20.743293238661227,22.76481994046438,6.956895850049469,79.10970267001166
round_4,SE,2025-08-17,20.915654056946547,22.976178035636373,7.0,80.09198746197187
round_4,SE,2025-08-24,21.05292225446251,23.24205334419842,6.972107774769779,78.37250022020665
round_4,SE,2025-08-31,21.1728764456349,23.38064916115912,6.962455431249117,77.63393077385673
round_4,SE,2025-09-07,20.638283992761934,22.75112011240575,6.99236449112278,77.48727608741154
round_4,SE,2025-09-14,20.79788417877937,23.092790198629924,6.932529219261337,76.62814834020071
round_4,SE,2025-09-21,21.192105786890963,23.56993959494347,6.849352912141079,75.99659730932746
round_4,SE,2025-09-28,21.520348097175116,23.949004870400472,6.797356730486969,74.89148234859498
round_4,SE,2025-10-05,21.54930795272086,23.847221309511735,6.909086836926623,72.76665551063205
round_4,SE,2025-10-12,21.761873896838193,24.07488602412666,6.964554460354219,72.78360397689819
round_4,SE,2025-10-19,21.989921479513736,24.388616571308305,6.897108311860573,72.7039560601314
round_4,SE,2025-10-26,22.268779100665856,24.765900411986483,6.868248609978581,71.70064486673282
round_4,SE,2025-11-02,22.964519984796546,25.345897428372844,6.893539228285332,70.06162898238111
round_4,SE,2025-11-09,23.08169482731413,25.65065432348879,6.824446789958359,68.38002927697376
round_4,SE,2025-11-16,23.20188933760953,25.775858344001747,6.800188220968285,68.64034201292893
round_4,SE,2025-11-23,23.358396438869068,25.889580772245328,6.850258460267241,68.44646658089675
round_4,SE,2025-11-30,23.516636565750726,26.158339567392563,6.604258856018352,68.53367774042552
round_4,SE,2025-12-07,23.968009653095297,26.503025007949663,6.7361804799025835,66.97515976784138
round_4,SE,2025-12-14,24.013762071427955,26.481009706542448,6.962459867140699,67.32407715136416
round_4,SE,2025-12-21,23.996222328090113,26.571891345154224,6.709673271160599,66.91648626924179
round_4,SE,2025-12-28,24.06997612228377,26.624400352604365,6.9059136690527145,67.27107863571756
round_4,SE,2026-01-04,23.866187575730297,26.41923477932646,6.887992968141702,74.44548378887173
round_4,SE,2026-01-11,23.81853967409984,26.33018795348574,6.96856846318603,75.20186743792136
round_4,SE,2026-01-18,23.927529649443656,26.50472334327275,6.841142409348157,74.8269334540128
round_4,SE,2026-01-25,23.933180922818615,26.5878119925722,6.888147906541853,74.51316427821504
round_4,SE,2026-02-01,24.093974938028826,26.650025195687597,6.953645702395499,74.90913139248596
round_4,SE,2026-02-08,24.01365439183255,26.569222832227883,6.981298886594558,75.40484683734526
round_4,SE,2026-02-15,23.9273591047523,26.43419732471102,6.9687289715405445,77.13399344206071
round_4,SE,2026-02-22,24.031390044906352,26.63513746144802,6.9694254667345765,76.06148627167924
round_4,SE,2026-03-01,24.18372750838474,26.801918814038913,6.929527298212513,75.42537357950931
round_4,SE,2026-03-08,24.05482807751484,26.67351553563976,6.967161589728536,76.06491217191731
round_4,SP,2025-06-22,13.52034757321229,17.57186498169044,4.232077357393215,74.32535628015283
round_4,SP,2025-06-29,13.189255364148488,17.40927374688254,3.678024413151734,72.7644507100717
round_4,SP,2025-07-06,13.537368968918592,17.57828761750301,4.475657201852853,79.88730089481695
round_4,SP,2025-07-13,12.971261524363564,17.19202810549145,4.447719772931618,79.751415109139
round_4,SP,2025-07-20,13.31580922793224,17.590663110315962,3.921841816902946,78.36730947891802
round_4,SP,2025-07-27,13.198185669944824,17.40670553221699,4.256229058408547,80.4372352677656
round_4,SP,2025-08-03,12.37037280823743,16.837769261528678,4.161174496630459,73.5947314406144
round_4,SP,2025-08-10,12.207119721979414,16.762458955701852,4.263203886497405,72.05627026934219
round_4,SP,2025-08-17,12.788151366126757,17.57046277849014,3.98554603280371,70.0682043335248
round_4,SP,2025-08-24,12.812896523611276,17.241507372458752,4.967786242555928,73.3822495932926
round_4,SP,2025-08-31,13.464528482170202,18.066101844923896,4.953926924861292,72.82181188956464
round_4,SP,2025-09-07,14.482498656685426,19.16166249769674,4.616767783012648,64.70594117349425
round_4,SP,2025-09-14,14.253632173467748,18.733786696954574,5.638991036830353,67.72170786708786
round_4,SP,2025-09-21,13.895080422068489,17.86547484020829,5.945283136828788,71.72614219306526
round_4,SP,2025-09-28,15.072449911047752,19.081282238074692,6.302970888659495,72.78759146993177
round_4,SP,2025-10-05,16.262406124021886,20.218249435635215,6.194323369436016,68.3671233465927
round_4,SP,2025-10-12,16.473997468050637,20.392545190263977,6.370365851803405,68.59866008722798
round_4,SP,2025-10-19,16.77204539453388,20.522901979360785,6.652482790765926,70.48617954904117
round_4,SP,2025-10-26,16.58048176703074,20.17582216468003,6.665767361826852,70.56391401667803
round_4,SP,2025-11-02,16.618362060547756,20.014891876253923,6.730617328085766,75.24793364625863
round_4,SP,2025-11-09,17.245214477264653,20.818294376633233,6.670462035978151,73.80518536331665
round_4,SP,2025-11-16,17.422592139569996,20.911902664581007,6.735676178107709,75.34655627447921
round_4,SP,2025-11-23,17.885526337795152,21.14062080696281,6.845499526374849,76.2737968879799
round_4,SP,2025-11-30,18.203694931689174,21.485325117712904,6.874672733385572,76.67541275638311
round_4,SP,2025-12-07,18.37643399096366,21.41680177889619,6.885696421457139,78.42661974660805
round_4,SP,2025-12-14,18.410255765880436,21.848603247806995,6.951515243946304,76.58289228270668
round_4,SP,2025-12-21,18.717379829885218,21.7982530518241,6.682430804700137,78.50426463407489
round_4,SP,2025-12-28,19.0540879831872,21.969855524068425,6.98338714352432,79.53900998866875
round_4,SP,2026-01-04,19.90406296648369,23.04944873394309,6.951252651445099,82.06398694312057
round_4,SP,2026-01-11,19.937447213249968,23.087234383666313,6.953450929576299,82.00245393057624
round_4,SP,2026-01-18,19.674698863356664,22.867463856716817,6.914886591480091,81.7213203948454
round_4,SP,2026-01-25,19.922408321211805,23.182765404459325,6.7947194790545495,81.80193986997497
round_4,SP,2026-02-01,19.687823112125013,23.054440805918404,6.7529287721665625,80.7897615950541
round_4,SP,2026-02-08,19.72073057354437,23.054386981270593,6.9301096894061205,81.36448794608754
round_4,SP,2026-02-15,19.973607221904643,23.205144715037587,6.919452299284383,82.16223049541982
round_4,SP,2026-02-22,19.7939537341965,22.89358110822386,6.959381457001113,82.61842535804999
round_4,SP,2026-03-01,19.618141144743063,23.07776684233268,6.817477921990873,80.82841019252109
round_4,SP,2026-03-08,19.759148332169875,22.83734991613763,6.958453745530275,83.10000879723802
round_4,TO,2025-06-22,21.68678469694049,26.600491115537945,1.244318342083323,50.64827039928167
round_4,TO,2025-06-29,21.639017992600117,26.726990064099493,0.9812871590985716,48.6941471400525
round_4,TO,2025-07-06,21.939270326973336,27.0539350313589,1.5231343679558171,51.94841269454075
round_4,TO,2025-07-13,21.876663301366506,27.108106675339155,1.3959266702334612,50.44096357104692
round_4,TO,2025-07-20,21.66354583180395,27.107437189055695,0.9320697806169296,48.17074364104756
round_4,TO,2025-07-27,21.89359535280073,27.389222706837497,0.8632841355155058,46.03779137752356
round_4,TO,2025-08-03,21.246667271529716,27.123384031804665,0.740802654804239,37.81029996487052
round_4,TO,2025-08-10,21.728572722443033,27.385360163923707,1.045922088856036,37.66731226677078
round_4,TO,2025-08-17,22.38004295969933,27.97930177504353,1.1972577021650948,36.797161683531456
round_4,TO,2025-08-24,22.9113328853449,28.52357244052259,1.9870367058446907,38.15064313370728
round_4,TO,2025-08-31,23.04158987535526,28.56773150921435,2.6082946499972586,39.5778347898348
round_4,TO,2025-09-07,23.931566146585,29.64055381238194,2.139660448722917,26.591895786872044
round_4,TO,2025-09-14,24.24839105217847,29.792501119883287,3.1548929047886425,30.426016218452386
round_4,TO,2025-09-21,24.35417025315888,29.33882215850829,5.047619832637935,39.13555564192695
round_4,TO,2025-09-28,24.302502252351175,29.23375688577733,5.609851864595405,42.35747066273148
round_4,TO,2025-10-05,26.999481147709258,31.688410468257945,5.445913215982013,28.46848139194171
round_4,TO,2025-10-12,26.73701996847405,31.111481531597175,5.651285514339963,32.716838248943226
round_4,TO,2025-10-19,26.60872068318081,30.625716219720424,6.547995278723566,39.06299074151521
round_4,TO,2025-10-26,26.325225887876556,29.855064494164463,6.863770000989375,44.88730456026894
round_4,TO,2025-11-02,26.996772273803625,30.35262024675756,6.9318944153198245,46.259189537207874
round_4,TO,2025-11-09,26.78195480792309,30.23678968116748,6.825339516617418,47.234424137343474
round_4,TO,2025-11-16,26.88169325030518,30.217644162019457,6.949239472442101,48.0044418793868
round_4,TO,2025-11-23,26.734668932537097,29.89652945979503,6.913073032953778,49.32319751503397
round_4,TO,2025-11-30,26.756286767340136,29.983667658955945,6.8506814279025425,49.07674925903031
round_4,TO,2025-12-07,25.472716559530895,28.537819316556845,6.941599272525158,61.76646680165791
round_4,TO,2025-12-14,25.482217472568724,28.650691642401625,6.95922226234341,61.272695135803
round_4,TO,2025-12-21,25.4512774127548,28.424697174412096,6.756553403246965,62.58123913268603
round_4,TO,2025-12-28,25.267063128513463,28.25490204088829,6.973892620094646,62.95415948311268
round_4,TO,2026-01-04,22.41383651452715,25.37813592983524,6.987113076354464,83.4903756327842
round_4,TO,2026-01-11,22.44141450878645,25.49953448500265,6.911838781468976,82.27307079686909
round_4,TO,2026-01-18,22.392795397424777,25.288077273650945,6.9885033894000665,84.21466722052602
round_4,TO,2026-01-25,22.45985595604861,25.47971386163719,6.989874360898819,83.18494264857962
round_4,TO,2026-02-01,22.472976123164766,25.429698288448307,6.924103139986214,83.11404787529091
round_4,TO,2026-02-08,22.377015727607905,25.350991585751935,6.969711234583539,83.27020979609148
round_4,TO,2026-02-15,22.350363055237,25.28852987642656,6.973260965893582,83.9879365371965
round_4,TO,2026-02-22,22.480676982190523,25.53902178709605,6.992777434978349,83.25565313632185
round_4,TO,2026-03-01,22.530967301069055,25.506439217260063,6.989205817181082,83.66658726508824
round_4,TO,2026-03-08,22.513371390910816,25.4862890529369,6.992473520622524,83.76382671612133
round_5_forecast_2026_2027,AC,2026-03-15,22.704903779293836,24.90238577899669,7.0,90.55231613486528
round_5_forecast_2026_2027,AC,2026-03-22,22.543641196489684,24.79839371504846,7.0,90.19400158413028
round_5_forecast_2026_2027,AC,2026-03-29,22.68582784569039,24.932446924382372,6.942237847004168,90.22232970101015
round_5_forecast_2026_2027,AC,2026-04-05,22.549413663094388,24.899744584466394,6.903069635854595,90.99669406715002
round_5_forecast_2026_2027,AC,2026-04-12,22.40776973174418,24.82005987753236,6.987703442929863,90.55515615364249
round_5_forecast_2026_2027,AC,2026-04-19,22.129611193444106,24.545323489982536,6.877443454877499,91.16513501790315
round_5_forecast_2026_2027,AC,2026-04-26,21.996343872492243,24.487459548749356,6.914195044619233,90.36755806226508
round_5_forecast_2026_2027,AC,2026-05-03,22.121439239303925,24.722187211897676,6.409857285952413,88.37135061846824
round_5_forecast_2026_2027,AC,2026-05-10,22.22553506124509,24.780040425045065,6.713388840199164,89.57459415392007
round_5_forecast_2026_2027,AC,2026-05-17,22.102324935088895,24.69825924444397,6.93385362720665,90.12131141004728
round_5_forecast_2026_2027,AC,2026-05-24,21.695240685909997,24.36340287532331,6.756225930334224,89.29269005605661
round_5_forecast_2026_2027,AC,2026-05-31,21.642282993262462,24.378434850764823,6.757207417762591,89.30217203362047
round_5_forecast_2026_2027,AC,2026-06-07,21.167752710907628,24.13280984313514,6.669442270899576,90.4587296284923
round_5_forecast_2026_2027,AC,2026-06-14,20.766588386293822,23.98166591192348,6.330986238300694,88.16576242260192
round_5_forecast_2026_2027,AC,2026-06-21,20.99364953682627,24.353178385547903,5.847207135945925,86.19263428151658
round_5_forecast_2026_2027,AC,2026-06-28,21.070389474802003,24.537461497559267,5.8110805442471305,84.69837486793222
round_5_forecast_2026_2027,AC,2026-07-05,19.79426730026785,23.291992102824707,5.909299393328738,89.14909068771381
round_5_forecast_2026_2027,AC,2026-07-12,19.491994340562737,23.320007126852065,5.251770748056248,86.23803809425927
round_5_forecast_2026_2027,AC,2026-07-19,19.895270754931996,23.92953771506968,5.1231473163573,83.54805379078222
round_5_forecast_2026_2027,AC,2026-07-26,20.08394201408477,24.288511354137476,4.801812124657602,82.04193981119066
round_5_forecast_2026_2027,AC,2026-08-02,19.710959327770254,23.80652669236766,5.219519657408352,81.20391847534061
round_5_forecast_2026_2027,AC,2026-08-09,19.71409393099873,23.888007990034502,5.542435240443545,80.30220104207525
round_5_forecast_2026_2027,AC,2026-08-16,20.242212729296803,24.425517267176367,5.715822466285506,79.25086777583698
round_5_forecast_2026_2027,AC,2026-08-23,20.216649782890755,24.19495262305229,5.878811483437704,80.4863668613655
round_5_forecast_2026_2027,AC,2026-08-30,20.643877401897655,24.573563294621906,6.129775487795077,82.06253422430656
round_5_forecast_2026_2027,AC,2026-09-06,21.80014525805765,25.52087168558768,6.823500874501472,77.83293433811716
round_5_forecast_2026_2027,AC,2026-09-13,21.98928446985781,25.740095875710196,6.7396513701682785,77.48437505979796
round_5_forecast_2026_2027,AC,2026-09-20,21.90644271753197,25.472639753021312,6.855213512656874,78.90269718364888
round_5_forecast_2026_2027,AC,2026-09-27,22.176133966431102,25.49448390862701,6.969841311122469,81.89621900228353
round_5_forecast_2026_2027,AC,2026-10-04,23.119931681358743,26.336482919875273,6.97870588047007,82.4254600949588
round_5_forecast_2026_2027,AC,2026-10-11,22.95380750874912,26.036305148743907,6.970742559083211,83.828408293803
round_5_forecast_2026_2027,AC,2026-10-18,23.070154915155413,25.991484779286857,6.996330642622022,85.19717330806306
round_5_forecast_2026_2027,AC,2026-10-25,22.90787117983094,25.730888714540367,6.891005186122513,85.03248816548745
round_5_forecast_2026_2027,AC,2026-11-01,22.763978409939423,25.54973325408151,6.887403543026969,86.44632752710707
round_5_forecast_2026_2027,AC,2026-11-08,22.93902857201134,25.5315621714506,6.970407640850056,87.46841246065873
round_5_forecast_2026_2027,AC,2026-11-15,22.92976395547933,25.54115394728105,7.0,87.75298488933578
round_5_forecast_2026_2027,AC,2026-11-22,23.173507065724746,25.707412024905313,6.999623896522486,87.8215032024898
round_5_forecast_2026_2027,AC,2026-11-29,22.971829787508497,25.37198901393889,7.0,88.6383830665821
round_5_forecast_2026_2027,AC,2026-12-06,23.009180316650347,25.452849393418827,7.0,88.22862409851781
round_5_forecast_2026_2027,AC,2026-12-13,22.845644579120975,25.25626496046825,7.0,88.37060532512038
round_5_forecast_2026_2027,AC,2026-12-20,22.930897399902488,25.294172325128475,6.777777777777778,88.39517999023585
round_5_forecast_2026_2027,AC,2026-12-27,22.872844038746575,25.27281496050215,6.999142350185803,87.97037675098275
round_5_forecast_2026_2027,AC,2027-01-03,22.872844038746575,25.27281496050215,6.999142350185803,87.97037675098275
round_5_forecast_2026_2027,AC,2027-01-10,22.90591341078201,25.30422287006483,6.987387325360485,87.85893561977448
round_5_forecast_2026_2027,AC,2027-01-17,22.76160724708858,25.04262765692976,6.999283567783022,89.21478798276058
round_5_forecast_2026_2027,AC,2027-01-24,22.87175435598374,25.209049045625346,7.0,88.73029308901039
round_5_forecast_2026_2027,AC,2027-01-31,22.969862838072977,25.281241662077875,7.0,88.61284355128622
round_5_forecast_2026_2027,AC,2027-02-07,22.958059434377095,25.2672485228534,6.9984907055201,88.73670678172861
round_5_forecast_2026_2027,AC,2027-02-14,22.84401569552945,25.101339260180968,7.0,89.40229841721423
round_5_forecast_2026_2027,AC,2027-02-21,22.75338417578808,24.91925560100376,7.0,90.21930814926526
round_5_forecast_2026_2027,AC,2027-02-28,22.76761940440826,25.0959946353646,6.965405374075028,88.88922500400966
round_5_forecast_2026_2027,AC,2027-03-07,22.889168020034283,25.16696477918435,7.0,89.78287753909945
round_5_forecast_2026_2027,AC,2027-03-14,22.848225418505205,25.21171934498607,7.0,89.01400301684139
round_5_forecast_2026_2027,AC,2027-03-21,22.704903779293836,24.90238577899669,7.0,90.55231613486528
round_5_forecast_2026_2027,AC,2027-03-28,22.543641196489684,24.79839371504846,7.0,90.19400158413028
round_5_forecast_2026_2027,AC,2027-04-04,22.68582784569039,24.932446924382372,6.942237847004168,90.22232970101015
round_5_forecast_2026_2027,AC,2027-04-11,22.632051182301065,24.98238210367307,6.903069635854595,89.24339873826031
round_5_forecast_2026_2027,AC,2027-04-18,22.49040725095086,24.902697396739043,6.987703442929863,88.80186082475275
round_5_forecast_2026_2027,AC,2027-04-25,22.21224871265078,24.627961009189217,6.877443454877499,89.41183968901345
round_5_forecast_2026_2027,AC,2027-05-02,22.078981391698925,24.57009706795604,6.914195044619233,88.61426273337538
round_5_forecast_2026_2027,AC,2027-05-09,21.688774151043447,24.289522123637195,6.409857285952413,86.79946866374988
round_5_forecast_2026_2027,AC,2027-05-16,21.79286997298462,24.347375336784587,6.713388840199164,88.00271219920171
round_5_forecast_2026_2027,AC,2027-05-23,21.669659846828417,24.265594156183493,6.93385362720665,88.54942945532889
round_5_forecast_2026_2027,AC,2027-05-30,21.262575597649523,23.93073778706283,6.756225930334224,87.72080810133824
round_5_forecast_2026_2027,AC,2027-06-06,21.209617905001984,23.94576976250435,6.757207417762591,87.73029007890209
round_5_forecast_2026_2027,AC,2027-06-13,21.089754103253775,24.05481123548128,6.669442270899576,86.519727517223
round_5_forecast_2026_2027,AC,2027-06-20,20.688589778639965,23.90366730426963,6.330986238300694,84.2267603113326
round_5_forecast_2026_2027,AC,2027-06-27,20.915650929172415,24.27517977789405,5.847207135945925,82.25363217024729
round_5_forecast_2026_2027,AC,2027-07-04,20.992390867148146,24.459462889905417,5.8110805442471305,80.75937275666291
round_5_forecast_2026_2027,AC,2027-07-11,20.80467801190817,24.30240281446503,5.909299393328738,79.55519187443646
round_5_forecast_2026_2027,AC,2027-07-18,20.502405052203056,24.330417838492384,5.251770748056248,76.64413928098192
round_5_forecast_2026_2027,AC,2027-07-25,20.90568146657232,24.93994842671,5.1231473163573,73.95415497750486
round_5_forecast_2026_2027,AC,2027-08-01,21.094352725725084,25.2989220657778,4.801812124657602,72.44804099791331
round_5_forecast_2026_2027,AC,2027-08-08,21.577687702353188,25.673255066950595,5.219519657408352,72.88203031246411
round_5_forecast_2026_2027,AC,2027-08-15,21.580822305581663,25.754736364617436,5.542435240443545,71.98031287919873
round_5_forecast_2026_2027,AC,2027-08-22,22.10894110387974,26.2922456417593,5.715822466285506,70.92897961296048
round_5_forecast_2026_2027,AC,2027-08-29,22.083378157473685,26.06168099763523,5.878811483437704,72.16447869848899
round_5_forecast_2026_2027,AC,2027-09-05,22.510605776480595,26.440291669204843,6.129775487795077,73.74064606143004
round_5_forecast_2026_2027,AC,2027-09-12,22.740741322782203,26.46146775031222,6.823500874501472,77.34387005224866
round_5_forecast_2026_2027,AC,2027-09-19,22.929880534582356,26.68069194043474,6.7396513701682785,76.99531077392946
round_5_forecast_2026_2027,AC,2027-09-26,22.847038782256515,26.413235817745853,6.855213512656874,78.41363289778036
round_5_forecast_2026_2027,AC,2027-10-03,23.116730031155647,26.435079973351552,6.969841311122469,81.40715471641502
round_5_forecast_2026_2027,AL,2026-03-15,23.406491443442572,26.149353880838586,6.928493891145342,77.86470865099352
round_5_forecast_2026_2027,AL,2026-03-22,23.44524154180432,26.14875579555105,6.908931556104288,78.07667131725391
round_5_forecast_2026_2027,AL,2026-03-29,23.351173212585767,26.054318959223963,6.944958738052358,77.70808947794012
round_5_forecast_2026_2027,AL,2026-04-05,24.1678880351476,26.861107541307753,6.934544328316403,74.85983148822348
round_5_forecast_2026_2027,AL,2026-04-12,24.023190895090615,26.651288741546097,6.904884879338036,75.58273908466944
round_5_forecast_2026_2027,AL,2026-04-19,23.820164790208395,26.297768931109378,6.902865559246892,76.50498184646935
round_5_forecast_2026_2027,AL,2026-04-26,23.668525209700405,25.987704207174374,6.876211458310645,77.84127309014266
round_5_forecast_2026_2027,AL,2026-05-03,24.102417834961138,26.43881513846084,6.934460451695665,77.51399466267479
round_5_forecast_2026_2027,AL,2026-05-10,23.98064783660977,26.2651128080185,6.90039854291598,78.05132292383936
round_5_forecast_2026_2027,AL,2026-05-17,23.730082891363352,25.847114538588105,6.974282382011961,79.73651026275625
round_5_forecast_2026_2027,AL,2026-05-24,23.605451963678984,25.694783373230685,6.9388094258215425,80.0014636317714
round_5_forecast_2026_2027,AL,2026-05-31,23.252401358403777,25.352870351552152,6.984672359577353,80.18162157410454
round_5_forecast_2026_2027,AL,2026-06-07,23.470014675273983,25.402483640965254,6.996609696003614,80.28431435117514
round_5_forecast_2026_2027,AL,2026-06-14,23.239798809920075,25.15876622783453,7.0,80.61157310927922
round_5_forecast_2026_2027,AL,2026-06-21,22.884465889208265,24.855084846392796,6.961304266167458,80.55334784888417
round_5_forecast_2026_2027,AL,2026-06-28,22.70046989904281,24.68208277270746,6.991276437375881,80.65095909554266
round_5_forecast_2026_2027,AL,2026-07-05,22.425614230632977,24.4455229534206,6.99692114050041,80.59886675983739
round_5_forecast_2026_2027,AL,2026-07-12,22.169321178444225,24.352014703819908,6.97576864850499,78.8693540337569
round_5_forecast_2026_2027,AL,2026-07-19,22.192386513937844,24.29424905243856,6.992190410724132,78.1534962837786
round_5_forecast_2026_2027,AL,2026-07-26,22.02485056055224,24.163803328288637,6.976710027440457,78.33233677923383
round_5_forecast_2026_2027,AL,2026-08-02,21.100088381509828,23.446421223061886,6.950387540080223,79.00669357844473
round_5_forecast_2026_2027,AL,2026-08-09,21.12594032629457,23.41082336157436,6.929790109742719,78.72990749431646
round_5_forecast_2026_2027,AL,2026-08-16,21.35178937184301,23.63360259798752,6.978736631805327,78.88380933488014
round_5_forecast_2026_2027,AL,2026-08-23,21.454975099081253,23.888036831417576,6.965515280925539,77.71464945957881
round_5_forecast_2026_2027,AL,2026-08-30,21.54539477478433,23.97756301356956,6.909667267750605,77.04853473425624
round_5_forecast_2026_2027,AL,2026-09-06,20.872648992395938,23.21339894339291,6.962052396903405,77.35830165894114
round_5_forecast_2026_2027,AL,2026-09-13,21.025711114232617,23.61032183049122,6.846891349015014,75.93286629271918
round_5_forecast_2026_2027,AL,2026-09-20,21.389484149112803,24.113899558697387,6.758517154966164,74.46686899047793
round_5_forecast_2026_2027,AL,2026-09-27,21.730735076710985,24.44504309822094,6.737368328990473,73.36496657841488
round_5_forecast_2026_2027,AL,2026-10-04,21.934206863103668,24.536583981577746,6.81727626245778,75.24106231157101
round_5_forecast_2026_2027,AL,2026-10-11,22.121666864047285,24.823717352411947,6.884140987332911,74.83745465927872
round_5_forecast_2026_2027,AL,2026-10-18,22.3137407639778,25.14852769248524,6.7077365244279665,73.89565512158275
round_5_forecast_2026_2027,AL,2026-10-25,22.54827220797166,25.55054443753206,6.61783177311355,72.30578372525352
round_5_forecast_2026_2027,AL,2026-11-01,22.72150368283463,25.633634986670017,6.567648835146712,72.5866258728566
round_5_forecast_2026_2027,AL,2026-11-08,22.741760867922135,25.801811944425033,6.449845566232152,71.17731731785857
round_5_forecast_2026_2027,AL,2026-11-15,22.93532655521598,25.99443926555595,6.592547581353635,71.37289886592899
round_5_forecast_2026_2027,AL,2026-11-22,23.05830605585261,26.074028699567133,6.646471805896126,71.26262199238036
round_5_forecast_2026_2027,AL,2026-11-29,23.25199359243672,26.379361138705377,6.427835739102058,71.1942978822315
round_5_forecast_2026_2027,AL,2026-12-06,23.294664259054866,26.24347686290524,6.590541002770794,71.06519591177455
round_5_forecast_2026_2027,AL,2026-12-13,23.311930163499056,26.142284667710435,6.8197557217611875,72.22667516929982
round_5_forecast_2026_2027,AL,2026-12-20,23.230355412613147,26.15080523211515,6.584733183218737,72.19889976694247
round_5_forecast_2026_2027,AL,2026-12-27,23.38045084746307,26.322162850897268,6.688181244562049,72.17884096510129
round_5_forecast_2026_2027,AL,2027-01-03,23.38045084746307,26.322162850897268,6.688181244562049,72.17884096510129
round_5_forecast_2026_2027,AL,2027-01-10,23.375614712397898,26.260616571987043,6.80160366324507,73.00685594298236
round_5_forecast_2026_2027,AL,2027-01-17,23.296649120448535,26.08984925206772,6.866430195700934,74.33395370631155
round_5_forecast_2026_2027,AL,2027-01-24,23.394224921261,26.31882649472713,6.812839846087923,73.44861480202053
round_5_forecast_2026_2027,AL,2027-01-31,23.421767442889173,26.38598082817741,6.836050469156409,73.46969380314549
round_5_forecast_2026_2027,AL,2027-02-07,23.502122284766465,26.447431998793565,6.840797010715926,73.6366439715316
round_5_forecast_2026_2027,AL,2027-02-14,23.451140414579797,26.28319058267185,6.9467435284123935,74.51062781226933
round_5_forecast_2026_2027,AL,2027-02-21,23.38774872977584,26.182402231445103,6.942943539966746,76.41027353678598
round_5_forecast_2026_2027,AL,2027-02-28,23.5632860203343,26.45891667646132,6.89232070882276,74.82332415373449
round_5_forecast_2026_2027,AL,2027-03-07,23.60129367014788,26.48392888826468,6.827280165554744,74.91025359481769
round_5_forecast_2026_2027,AL,2027-03-14,23.494429736730808,26.418869348227545,6.88217000041029,75.22785956505092
round_5_forecast_2026_2027,AL,2027-03-21,23.406491443442572,26.149353880838586,6.928493891145342,77.86470865099352
round_5_forecast_2026_2027,AL,2027-03-28,23.44524154180432,26.14875579555105,6.908931556104288,78.07667131725391
round_5_forecast_2026_2027,AL,2027-04-04,23.351173212585767,26.054318959223963,6.944958738052358,77.70808947794012
round_5_forecast_2026_2027,AL,2027-04-11,23.337325465668098,26.030544971828252,6.934544328316403,78.36007313822988
round_5_forecast_2026_2027,AL,2027-04-18,23.19262832561111,25.8207261720666,6.904884879338036,79.08298073467586
round_5_forecast_2026_2027,AL,2027-04-25,22.989602220728894,25.467206361629874,6.902865559246892,80.00522349647575
round_5_forecast_2026_2027,AL,2027-05-02,22.837962640220905,25.15714163769488,6.876211458310645,81.34151474014907
round_5_forecast_2026_2027,AL,2027-05-09,22.67943273147064,25.01583003497035,6.934460451695665,81.16393179466152
round_5_forecast_2026_2027,AL,2027-05-16,22.55766273311928,24.842127704528007,6.90039854291598,81.7012600558261
round_5_forecast_2026_2027,AL,2027-05-23,22.307097787872863,24.424129435097615,6.974282382011961,83.386447394743
round_5_forecast_2026_2027,AL,2027-05-30,22.182466860188494,24.27179826974019,6.9388094258215425,83.65140076375815
round_5_forecast_2026_2027,AL,2027-06-06,21.829416254913287,23.929885248061655,6.984672359577353,83.83155870609127
round_5_forecast_2026_2027,AL,2027-06-13,21.691070623945436,23.623539589636707,6.996609696003614,83.47107677141408
round_5_forecast_2026_2027,AL,2027-06-20,21.460854758591527,23.379822176505986,7.0,83.79833552951814
round_5_forecast_2026_2027,AL,2027-06-27,21.105521837879717,23.076140795064248,6.961304266167458,83.74011026912312
round_5_forecast_2026_2027,AL,2027-07-04,20.921525847714264,22.903138721378912,6.991276437375881,83.83772151578158
round_5_forecast_2026_2027,AL,2027-07-11,20.84211926572453,22.862027988512157,6.99692114050041,83.57397222838758
round_5_forecast_2026_2027,AL,2027-07-18,20.58582621353578,22.768519738911465,6.97576864850499,81.8444595023071
round_5_forecast_2026_2027,AL,2027-07-25,20.6088915490294,22.710754087530113,6.992190410724132,81.12860175232878
round_5_forecast_2026_2027,AL,2027-08-01,20.4413555956438,22.5803083633802,6.976710027440457,81.30744224778402
round_5_forecast_2026_2027,AL,2027-08-08,20.33768409141367,22.68401693296573,6.950387540080223,79.97631521072408
round_5_forecast_2026_2027,AL,2027-08-15,20.363536036198415,22.6484190714782,6.929790109742719,79.69952912659583
round_5_forecast_2026_2027,AL,2027-08-22,20.58938508174685,22.87119830789136,6.978736631805327,79.8534309671595
round_5_forecast_2026_2027,AL,2027-08-29,20.692570808985092,23.125632541321412,6.965515280925539,78.68427109185818
round_5_forecast_2026_2027,AL,2027-09-05,20.78299048468817,23.215158723473404,6.909667267750605,78.01815636653559
round_5_forecast_2026_2027,AL,2027-09-12,20.92531957731693,23.266069528313903,6.962052396903405,78.52244371009941
round_5_forecast_2026_2027,AL,2027-09-19,21.078381699153606,23.662992415412212,6.846891349015014,77.09700834387745
round_5_forecast_2026_2027,AL,2027-09-26,21.4421547340338,24.16657014361838,6.758517154966164,75.6310110416362
round_5_forecast_2026_2027,AL,2027-10-03,21.78340566163198,24.497713683141935,6.737368328990473,74.52910862957314
round_5_forecast_2026_2027,AM,2026-03-15,23.64146528105637,25.671886427395023,7.0,88.79369203095887
round_5_forecast_2026_2027,AM,2026-03-22,23.58828127446747,25.581701320682704,7.0,89.27942790870983
round_5_forecast_2026_2027,AM,2026-03-29,23.644148086163874,25.66221506449246,6.99921449433588,89.27446374693321
round_5_forecast_2026_2027,AM,2026-04-05,24.14771997094168,26.190244008666696,6.998640359033786,86.41654806275521
round_5_forecast_2026_2027,AM,2026-04-12,24.009124672898963,25.99407943411916,7.0,87.17314089402493
round_5_forecast_2026_2027,AM,2026-04-19,23.94683233748796,25.89858324905173,6.999584619414446,87.46892314853814
round_5_forecast_2026_2027,AM,2026-04-26,23.923226982473683,25.914309333118503,6.9987407933300165,87.32851614461877
round_5_forecast_2026_2027,AM,2026-05-03,23.693245471364875,25.70732656150175,6.978525020412592,89.66011892248576
round_5_forecast_2026_2027,AM,2026-05-10,23.716301264708772,25.78374072608346,6.9874432833245,89.61332539329273
round_5_forecast_2026_2027,AM,2026-05-17,23.6894330532001,25.801110279824194,6.998939846362315,89.1840505887679
round_5_forecast_2026_2027,AM,2026-05-24,23.516145151407738,25.650907858110276,6.986493362668039,89.19728117211035
round_5_forecast_2026_2027,AM,2026-05-31,23.427784991195264,25.642397064898045,6.993407905746369,88.8542290103891
round_5_forecast_2026_2027,AM,2026-06-07,23.42901292268617,25.686578418099675,6.986991867429649,89.8132987717915
round_5_forecast_2026_2027,AM,2026-06-14,23.406767655061973,25.766347931443423,6.963814221702822,88.70684370602571
round_5_forecast_2026_2027,AM,2026-06-21,23.440125928774837,25.914406375556784,6.89313885219005,87.6163779372257
round_5_forecast_2026_2027,AM,2026-06-28,23.446909384386608,25.8614056346146,6.915299802025624,88.28106580387352
round_5_forecast_2026_2027,AM,2026-07-05,23.155036171662868,25.62393069519003,6.909238545524138,89.2526014898037
round_5_forecast_2026_2027,AM,2026-07-12,23.112593802252324,25.78763849881228,6.829873246489276,87.57475015678318
round_5_forecast_2026_2027,AM,2026-07-19,23.320193258526,26.14050418097929,6.692533151060585,86.02065018514114
round_5_forecast_2026_2027,AM,2026-07-26,23.386661582864868,26.331998283358413,6.638003985261353,85.23638845392483
round_5_forecast_2026_2027,AM,2026-08-02,23.0399552477587,26.10773213168436,6.639708903051366,84.73320246163611
round_5_forecast_2026_2027,AM,2026-08-09,23.06425109637372,25.97553220131695,6.877029671664132,86.51718763124421
round_5_forecast_2026_2027,AM,2026-08-16,23.264977068124455,26.35357526517023,6.646505950907823,84.58281388769323
round_5_forecast_2026_2027,AM,2026-08-23,23.325078778876957,26.363087034330725,6.92205714785324,85.14146495351184
round_5_forecast_2026_2027,AM,2026-08-30,23.30646737137083,26.304431983856063,6.8516801353937975,85.9641321291388
round_5_forecast_2026_2027,AM,2026-09-06,23.932278097050656,26.993803631814615,6.709711830019141,83.27909655118965
round_5_forecast_2026_2027,AM,2026-09-13,23.95673729744462,27.012983081336067,6.983854962160879,84.16377068335964
round_5_forecast_2026_2027,AM,2026-09-20,24.12622063922154,27.169067362276444,6.7900343831495515,83.46879812948151
round_5_forecast_2026_2027,AM,2026-09-27,24.212440351523732,27.28021443909172,6.914176975963123,83.16378679990933
round_5_forecast_2026_2027,AM,2026-10-04,24.56617803361401,27.480612174906025,6.865362312473995,80.87553865918252
round_5_forecast_2026_2027,AM,2026-10-11,24.301514339341715,27.02988742332068,6.969825247706485,83.41160071977589
round_5_forecast_2026_2027,AM,2026-10-18,24.42862706895972,27.213577568068654,6.957675465701861,82.90733314370985
round_5_forecast_2026_2027,AM,2026-10-25,24.48315514248643,27.16800143413958,6.922621190776783,82.78481116949357
round_5_forecast_2026_2027,AM,2026-11-01,24.289898153758777,26.823729230693683,6.989660411575385,84.90688787043963
round_5_forecast_2026_2027,AM,2026-11-08,24.33813934024237,26.825075210361504,6.941745251348997,85.12071523202455
round_5_forecast_2026_2027,AM,2026-11-15,24.30291100324597,26.779530792366955,6.996746222495688,85.21570657776647
round_5_forecast_2026_2027,AM,2026-11-22,24.28292726862557,26.67430997987294,6.993574127399066,85.88801958155045
round_5_forecast_2026_2027,AM,2026-11-29,24.229207719454383,26.625221634599747,6.988162716838402,85.52242368235035
round_5_forecast_2026_2027,AM,2026-12-06,24.02044660734244,26.206139178520715,6.99981087024996,87.21591420884909
round_5_forecast_2026_2027,AM,2026-12-13,23.82100029659413,25.867885047291757,7.0,88.457501733447
round_5_forecast_2026_2027,AM,2026-12-20,23.747205206779498,25.790667851650348,6.777777777777778,88.61895053184199
round_5_forecast_2026_2027,AM,2026-12-27,23.71400213129819,25.76697970809369,6.999701997620369,87.98436780042489
round_5_forecast_2026_2027,AM,2027-01-03,23.71400213129819,25.76697970809369,6.999701997620369,87.98436780042489
round_5_forecast_2026_2027,AM,2027-01-10,23.717910744798136,25.81657507015821,6.998252471263493,87.49031460978348
round_5_forecast_2026_2027,AM,2027-01-17,23.617140054935778,25.647565826317688,6.9998439369799526,88.13420759725042
round_5_forecast_2026_2027,AM,2027-01-24,23.73908422253811,25.867783724492984,6.9983742449840785,87.05177243211308
round_5_forecast_2026_2027,AM,2027-01-31,23.76739463919327,25.773749958812196,6.9995580185573925,87.83253467879796
round_5_forecast_2026_2027,AM,2027-02-07,23.75824276034755,25.81829520828802,6.997616220928056,87.30382630758871
round_5_forecast_2026_2027,AM,2027-02-14,23.6900040280889,25.72447095638279,6.999714690060385,87.7283497157879
round_5_forecast_2026_2027,AM,2027-02-21,23.68246538381542,25.688854719866672,6.921700774621071,87.84675871612248
round_5_forecast_2026_2027,AM,2027-02-28,23.58954638643441,25.59057367680474,7.0,88.80039455188466
round_5_forecast_2026_2027,AM,2027-03-07,23.661489503125487,25.658777108453513,6.999546568793813,88.69041173728169
round_5_forecast_2026_2027,AM,2027-03-14,23.763654238798335,25.850300580407275,7.0,87.87082877079622
round_5_forecast_2026_2027,AM,2027-03-21,23.64146528105637,25.671886427395023,7.0,88.79369203095887
round_5_forecast_2026_2027,AM,2027-03-28,23.58828127446747,25.581701320682704,7.0,89.27942790870983
round_5_forecast_2026_2027,AM,2027-04-04,23.644148086163874,25.66221506449246,6.99921449433588,89.27446374693321
round_5_forecast_2026_2027,AM,2027-04-11,23.708536524943245,25.75106056266826,6.998640359033786,89.01983137172581
round_5_forecast_2026_2027,AM,2027-04-18,23.569941226900532,25.554895988120727,7.0,89.77642420299554
round_5_forecast_2026_2027,AM,2027-04-25,23.50764889148953,25.459399803053294,6.999584619414446,90.07220645750874
round_5_forecast_2026_2027,AM,2027-05-02,23.48404353647525,25.475125887120072,6.9987407933300165,89.93179945358935
round_5_forecast_2026_2027,AM,2027-05-09,23.52025362539648,25.53433471553336,6.978525020412592,89.32206626590775
round_5_forecast_2026_2027,AM,2027-05-16,23.543309418740375,25.61074888011507,6.9874432833245,89.27527273671468
round_5_forecast_2026_2027,AM,2027-05-23,23.516441207231708,25.6281184338558,6.998939846362315,88.84599793218989
round_5_forecast_2026_2027,AM,2027-05-30,23.34315330543934,25.477916012141883,6.986493362668039,88.85922851553232
round_5_forecast_2026_2027,AM,2027-06-06,23.254793145226863,25.46940521892965,6.993407905746369,88.51617635381109
round_5_forecast_2026_2027,AM,2027-06-13,23.13705113336216,25.394616628775665,6.986991867429649,88.37794795339315
round_5_forecast_2026_2027,AM,2027-06-20,23.11480586573796,25.474386142119418,6.963814221702822,87.27149288762736
round_5_forecast_2026_2027,AM,2027-06-27,23.148164139450824,25.62244458623277,6.89313885219005,86.18102711882736
round_5_forecast_2026_2027,AM,2027-07-04,23.1549475950626,25.56944384529059,6.915299802025624,86.84571498547517
round_5_forecast_2026_2027,AM,2027-07-11,23.16042054242741,25.62931506595457,6.909238545524138,86.21885237948155
round_5_forecast_2026_2027,AM,2027-07-18,23.117978173016866,25.793022869576827,6.829873246489276,84.54100104646102
round_5_forecast_2026_2027,AM,2027-07-25,23.325577629290542,26.14588855174383,6.692533151060585,82.986901074819
round_5_forecast_2026_2027,AM,2027-08-01,23.39204595362941,26.33738265412295,6.638003985261353,82.20263934360268
round_5_forecast_2026_2027,AM,2027-08-08,23.69436644802965,26.76214333195532,6.639708903051366,80.29934069848365
round_5_forecast_2026_2027,AM,2027-08-15,23.718662296644673,26.6299434015879,6.877029671664132,82.08332586809179
round_5_forecast_2026_2027,AM,2027-08-22,23.91938826839541,27.00798646544119,6.646505950907823,80.14895212454078
round_5_forecast_2026_2027,AM,2027-08-29,23.979489979147907,27.01749823460168,6.92205714785324,80.70760319035941
round_5_forecast_2026_2027,AM,2027-09-05,23.960878571641786,26.95884318412702,6.8516801353937975,81.53027036598637
round_5_forecast_2026_2027,AM,2027-09-12,24.23861176436363,27.30013729912759,6.709711830019141,80.02577968836182
round_5_forecast_2026_2027,AM,2027-09-19,24.263070964757596,27.31931674864904,6.983854962160879,80.91045382053181
round_5_forecast_2026_2027,AM,2027-09-26,24.432554306534513,27.47540102958942,6.7900343831495515,80.2154812666537
round_5_forecast_2026_2027,AM,2027-10-03,24.518774018836705,27.586548106404695,6.914176975963123,79.9104699370815
round_5_forecast_2026_2027,AP,2026-03-15,23.13950411592327,25.05306737453549,7.0,88.20061766444374
round_5_forecast_2026_2027,AP,2026-03-22,23.13102346692528,24.97040152465533,7.0,89.46345780148765
round_5_forecast_2026_2027,AP,2026-03-29,23.214689683252967,25.05755053610051,7.0,89.52343052604492
round_5_forecast_2026_2027,AP,2026-04-05,23.40103863428402,25.271804411295577,7.0,86.82504369590771
round_5_forecast_2026_2027,AP,2026-04-12,23.38964484469726,25.217664409224255,7.0,87.74245512914337
round_5_forecast_2026_2027,AP,2026-04-19,23.39793138150162,25.21127959520094,7.0,88.20357458443114
round_5_forecast_2026_2027,AP,2026-04-26,23.360706317396435,25.16636569727679,7.0,88.74246448513794
round_5_forecast_2026_2027,AP,2026-05-03,23.294240648865784,25.089761844361316,7.0,90.26533760849108
round_5_forecast_2026_2027,AP,2026-05-10,23.42544771935844,25.315823589363536,7.0,89.13063053857138
round_5_forecast_2026_2027,AP,2026-05-17,23.475477321863565,25.481369477670913,7.0,87.98576980048266
round_5_forecast_2026_2027,AP,2026-05-24,23.33932598314479,25.422646239002272,7.0,87.85522175684987
round_5_forecast_2026_2027,AP,2026-05-31,23.282956895639135,25.43190254370577,7.0,87.14528967726746
round_5_forecast_2026_2027,AP,2026-06-07,23.16555210243185,25.241594356014133,7.0,91.32712368840966
round_5_forecast_2026_2027,AP,2026-06-14,23.193915614412084,25.447216114118135,7.0,89.69937962861951
round_5_forecast_2026_2027,AP,2026-06-21,23.201010583321057,25.45172458513243,7.0,89.54381934519304
round_5_forecast_2026_2027,AP,2026-06-28,23.10495423045155,25.395104740348625,7.0,89.63184943312633
round_5_forecast_2026_2027,AP,2026-07-05,23.356574666722153,25.67579962519267,7.0,88.51971921363592
round_5_forecast_2026_2027,AP,2026-07-12,23.45050718716241,25.889745124509524,7.0,87.28061989149782
round_5_forecast_2026_2027,AP,2026-07-19,23.506901087829863,25.979500314157125,6.999099117658925,86.98329709766695
round_5_forecast_2026_2027,AP,2026-07-26,23.646538108408254,26.228991993969107,7.0,85.59451990619132
round_5_forecast_2026_2027,AP,2026-08-02,23.544652569502983,26.18899895496236,6.999099117658925,84.31354254092822
round_5_forecast_2026_2027,AP,2026-08-09,23.666551305528348,26.444098552371095,6.990732419107767,83.00245818881854
round_5_forecast_2026_2027,AP,2026-08-16,23.83501606853853,26.70007047492324,6.998531672898115,81.33904668818076
round_5_forecast_2026_2027,AP,2026-08-23,23.888536480602227,26.96410759637836,6.982946231950282,79.04987419168594
round_5_forecast_2026_2027,AP,2026-08-30,24.03541405900349,27.182124787320163,6.996729049824025,77.41941350650687
round_5_forecast_2026_2027,AP,2026-09-06,24.344577086282463,27.59337341926752,6.922154867067993,74.2182049676666
round_5_forecast_2026_2027,AP,2026-09-13,24.45899073221067,27.821689786624496,6.98653593166666,72.69916553605123
round_5_forecast_2026_2027,AP,2026-09-20,24.51154785546377,28.06732540742588,6.864561393669894,70.59572192779497
round_5_forecast_2026_2027,AP,2026-09-27,24.631010180331547,28.220360335071003,6.984498633773851,70.07537851031839
round_5_forecast_2026_2027,AP,2026-10-04,24.56971354664087,28.12370782363621,6.970005973454135,70.03329880163444
round_5_forecast_2026_2027,AP,2026-10-11,24.52530128000886,28.100558872901136,6.9300632320116105,70.22970294683161
round_5_forecast_2026_2027,AP,2026-10-18,24.57760413751864,28.18346978541441,6.926489937118975,69.80946263292965
round_5_forecast_2026_2027,AP,2026-10-25,24.59642020685965,28.05797693268614,6.972601178419531,71.21814096235437
round_5_forecast_2026_2027,AP,2026-11-01,24.557373300986537,27.90815742689631,6.980781129035289,72.39457047586198
round_5_forecast_2026_2027,AP,2026-11-08,24.585641344212075,27.945006522436657,6.951599379706908,72.10478789760357
round_5_forecast_2026_2027,AP,2026-11-15,24.523595254835243,27.806644603956148,6.907075686611022,72.9929352402633
round_5_forecast_2026_2027,AP,2026-11-22,24.467711185880457,27.51759854835772,6.9643995295630665,75.0245989959444
round_5_forecast_2026_2027,AP,2026-11-29,24.231162906118342,27.084300453792988,6.980649556626257,77.43632320573226
round_5_forecast_2026_2027,AP,2026-12-06,24.050363964021003,26.62657080916807,6.997714340705871,80.21010973780186
round_5_forecast_2026_2027,AP,2026-12-13,23.82305522569393,26.092816409010787,6.973955196328066,83.67239306843128
round_5_forecast_2026_2027,AP,2026-12-20,23.7265133297636,25.917408471847324,6.777777777777778,84.35500526629193
round_5_forecast_2026_2027,AP,2026-12-27,23.498053757114835,25.478467914743568,7.0,86.44160805585777
round_5_forecast_2026_2027,AP,2027-01-03,23.498053757114835,25.478467914743568,7.0,86.44160805585777
round_5_forecast_2026_2027,AP,2027-01-10,23.329787350808033,25.295990701517606,7.0,86.78829686408038
round_5_forecast_2026_2027,AP,2027-01-17,23.228327953177303,25.126757719435325,7.0,87.64958522911174
round_5_forecast_2026_2027,AP,2027-01-24,23.172422170384586,25.01911919210276,7.0,88.01239436525064
round_5_forecast_2026_2027,AP,2027-01-31,23.23447991955978,25.027101478541415,6.99879536878261,88.51648894070946
round_5_forecast_2026_2027,AP,2027-02-07,23.19527696522508,24.967398560779152,7.0,88.24872842783378
round_5_forecast_2026_2027,AP,2027-02-14,23.0265291533252,24.718193743641127,7.0,89.7472247515358
round_5_forecast_2026_2027,AP,2027-02-21,23.048106176568393,24.770058313637133,7.0,89.76855808819325
round_5_forecast_2026_2027,AP,2027-02-28,23.11338890197213,24.92713222189729,6.9991324836715565,88.61727187555387
round_5_forecast_2026_2027,AP,2027-03-07,23.02561331139013,24.792902422531988,7.0,89.76632043887088
round_5_forecast_2026_2027,AP,2027-03-14,23.17003681997066,25.067036050552023,7.0,87.95131674992592
round_5_forecast_2026_2027,AP,2027-03-21,23.13950411592327,25.05306737453549,7.0,88.20061766444374
round_5_forecast_2026_2027,AP,2027-03-28,23.13102346692528,24.97040152465533,7.0,89.46345780148765
round_5_forecast_2026_2027,AP,2027-04-04,23.214689683252967,25.05755053610051,7.0,89.52343052604492
round_5_forecast_2026_2027,AP,2027-04-11,23.225212429456025,25.09597820646757,7.0,89.56767835185669
round_5_forecast_2026_2027,AP,2027-04-18,23.213818639869256,25.041838204396257,7.0,90.48508978509231
round_5_forecast_2026_2027,AP,2027-04-25,23.222105176673615,25.035453390372936,7.0,90.9462092403801
round_5_forecast_2026_2027,AP,2027-05-02,23.18488011256843,24.990539492448782,7.0,91.48509914108688
round_5_forecast_2026_2027,AP,2027-05-09,23.302713754736196,25.098234950231728,7.0,91.29212637671723
round_5_forecast_2026_2027,AP,2027-05-16,23.433920825228853,25.32429669523395,7.0,90.15741930679754
round_5_forecast_2026_2027,AP,2027-05-23,23.483950427733983,25.48984258354133,7.0,89.01255856870883
round_5_forecast_2026_2027,AP,2027-05-30,23.3477990890152,25.43111934487268,7.0,88.88201052507603
round_5_forecast_2026_2027,AP,2027-06-06,23.291430001509543,25.44037564957618,7.0,88.17207844549363
round_5_forecast_2026_2027,AP,2027-06-13,23.173522506280463,25.249564759862743,7.0,89.00864070379652
round_5_forecast_2026_2027,AP,2027-06-20,23.201886018260694,25.455186517966748,7.0,87.38089664400634
round_5_forecast_2026_2027,AP,2027-06-27,23.20898098716967,25.45969498898104,7.0,87.2253363605799
round_5_forecast_2026_2027,AP,2027-07-04,23.112924634300168,25.40307514419724,7.0,87.31336644851316
round_5_forecast_2026_2027,AP,2027-07-11,23.197273946341262,25.516498904811783,7.0,86.70565713067208
round_5_forecast_2026_2027,AP,2027-07-18,23.29120646678152,25.730444404128637,7.0,85.46655780853395
round_5_forecast_2026_2027,AP,2027-07-25,23.347600367448976,25.82019959377623,6.999099117658925,85.16923501470308
round_5_forecast_2026_2027,AP,2027-08-01,23.48723738802737,26.06969127358822,7.0,83.78045782322745
round_5_forecast_2026_2027,AP,2027-08-08,23.625647095407416,26.269993480866788,6.999099117658925,82.4037840187048
round_5_forecast_2026_2027,AP,2027-08-15,23.747545831432777,26.52509307827552,6.990732419107767,81.09269966659511
round_5_forecast_2026_2027,AP,2027-08-22,23.916010594442955,26.781065000827667,6.998531672898115,79.42928816595732
round_5_forecast_2026_2027,AP,2027-08-29,23.96953100650665,27.04510212228278,6.982946231950282,77.14011566946255
round_5_forecast_2026_2027,AP,2027-09-05,24.116408584907916,27.263119313224593,6.996729049824025,75.50965498428346
round_5_forecast_2026_2027,AP,2027-09-12,24.19883325704477,27.44762959002983,6.922154867067993,74.30509408592273
round_5_forecast_2026_2027,AP,2027-09-19,24.313246902972978,27.67594595738681,6.98653593166666,72.78605465430738
round_5_forecast_2026_2027,AP,2027-09-26,24.36580402622608,27.921581578188192,6.864561393669894,70.68261104605114
round_5_forecast_2026_2027,AP,2027-10-03,24.485266351093856,28.07461650583331,6.984498633773851,70.16226762857454
round_5_forecast_2026_2027,BA,2026-03-15,22.51726678301953,25.649466001749975,6.821049681874714,75.09448213748679
round_5_forecast_2026_2027,BA,2026-03-22,22.442000252282178,25.456094815534087,6.823883343290565,76.14037619502615
round_5_forecast_2026_2027,BA,2026-03-29,22.31247998090947,25.431914434234233,6.687349873041472,75.35014246013237
round_5_forecast_2026_2027,BA,2026-04-05,22.50231953328301,25.466011835724817,6.760455516884798,77.79440080308578
round_5_forecast_2026_2027,BA,2026-04-12,22.337509111592848,25.088622180088283,6.847912970142099,79.35481665729999
round_5_forecast_2026_2027,BA,2026-04-19,22.026904450716017,24.836748129609926,6.676718828867047,78.46436144969068
round_5_forecast_2026_2027,BA,2026-04-26,21.71991682005813,24.473148947656576,6.6214945292949405,78.63024528271173
round_5_forecast_2026_2027,BA,2026-05-03,22.391968859548797,25.163319813514384,6.562988261369873,76.87984371965017
round_5_forecast_2026_2027,BA,2026-05-10,22.114234676074105,24.89134310451221,6.437963814436212,76.44963746855053
round_5_forecast_2026_2027,BA,2026-05-17,21.872679338813395,24.531207835231505,6.420133760296065,77.12846974093243
round_5_forecast_2026_2027,BA,2026-05-24,21.712163757840163,24.51987035814861,6.340178505795035,76.78437064273142
round_5_forecast_2026_2027,BA,2026-05-31,21.4453587765418,24.17000247399736,6.310525056122618,76.92012461008056
round_5_forecast_2026_2027,BA,2026-06-07,21.36338820660237,23.965611310666056,6.3869357127981505,75.93084430925055
round_5_forecast_2026_2027,BA,2026-06-14,21.13730263622756,23.82369290755716,6.35921839509546,75.36252517699373
round_5_forecast_2026_2027,BA,2026-06-21,20.803448368177367,23.44907828912892,6.369379049979937,75.68498106230386
round_5_forecast_2026_2027,BA,2026-06-28,20.529850781108372,23.31415060461718,6.24941776222216,74.61020214505115
round_5_forecast_2026_2027,BA,2026-07-05,20.084321963529003,22.92343999290614,6.275377869843965,75.1217504434337
round_5_forecast_2026_2027,BA,2026-07-12,19.9920052176006,22.875963982103475,6.217552994323335,74.43758623375994
round_5_forecast_2026_2027,BA,2026-07-19,19.88775267055727,22.80455225588537,6.2658154661933585,74.03001745550348
round_5_forecast_2026_2027,BA,2026-07-26,19.80108270361332,22.765635532428412,6.171480593721585,73.1344696945757
round_5_forecast_2026_2027,BA,2026-08-02,18.72817286333279,21.971023474221024,6.065963469167323,73.4147188030081
round_5_forecast_2026_2027,BA,2026-08-09,18.825232273844986,21.892812697204764,6.192787516643688,73.52491050713301
round_5_forecast_2026_2027,BA,2026-08-16,19.02982370406179,22.156553503977328,6.298124677005501,74.15425446313145
round_5_forecast_2026_2027,BA,2026-08-23,19.22189225615308,22.56109009638425,6.120486065639647,72.39924151713643
round_5_forecast_2026_2027,BA,2026-08-30,19.317059436830274,22.747859949616977,6.071054511904454,71.59707926378965
round_5_forecast_2026_2027,BA,2026-09-06,18.584131420710293,22.084807225768618,6.103279495274281,70.75811082660742
round_5_forecast_2026_2027,BA,2026-09-13,19.000963556146147,22.62264948795844,6.042933820119636,69.78621702941774
round_5_forecast_2026_2027,BA,2026-09-20,19.5587724415906,23.133418081269937,6.1818027979060055,70.03387965791917
round_5_forecast_2026_2027,BA,2026-09-27,19.859944355013955,23.59204371764896,5.988124975523323,68.6936382505415
round_5_forecast_2026_2027,BA,2026-10-04,21.008788262036266,24.55277061789044,6.228167979780406,68.3968578633816
round_5_forecast_2026_2027,BA,2026-10-11,21.2167905997622,24.69107653948326,6.294274813541326,69.1146785590808
round_5_forecast_2026_2027,BA,2026-10-18,21.55030695262458,25.01555056505706,6.389233281001415,69.54842952208679
round_5_forecast_2026_2027,BA,2026-10-25,21.918854486894453,25.28948634880656,6.5095232151040845,70.25234045027699
round_5_forecast_2026_2027,BA,2026-11-01,21.82482927279895,24.994013522249432,6.5605187311760425,71.88267356297865
round_5_forecast_2026_2027,BA,2026-11-08,21.993408478599957,25.272849816892233,6.547333104316213,71.5206620726653
round_5_forecast_2026_2027,BA,2026-11-15,22.10061625980096,25.408155649414976,6.602516500584251,71.13493009839249
round_5_forecast_2026_2027,BA,2026-11-22,22.10905535684076,25.147048830968348,6.669309752049628,73.72968036322263
round_5_forecast_2026_2027,BA,2026-11-29,22.434290731304944,25.685650796307463,6.655761419052857,72.48170294416144
round_5_forecast_2026_2027,BA,2026-12-06,22.326273618061094,25.50893769535645,6.694910673572231,72.52182455144849
round_5_forecast_2026_2027,BA,2026-12-13,22.235848431357347,25.482755083837137,6.628313199312332,72.31917997510534
round_5_forecast_2026_2027,BA,2026-12-20,22.344945228320913,25.639418471713103,6.416341474886257,71.4910607365115
round_5_forecast_2026_2027,BA,2026-12-27,22.41386781382364,25.714814762369855,6.7139215330743935,71.98063843959811
round_5_forecast_2026_2027,BA,2027-01-03,22.41386781382364,25.714814762369855,6.7139215330743935,71.98063843959811
round_5_forecast_2026_2027,BA,2027-01-10,22.40348988854921,25.6049954622482,6.838786785446394,73.06908101563174
round_5_forecast_2026_2027,BA,2027-01-17,22.298648882054923,25.50712998496387,6.7307946103495695,73.30383605191321
round_5_forecast_2026_2027,BA,2027-01-24,22.444072125666047,25.648389032915937,6.812038492933343,73.76220449440353
round_5_forecast_2026_2027,BA,2027-01-31,22.404478495616743,25.78094260789614,6.757034990930207,72.4151218449068
round_5_forecast_2026_2027,BA,2027-02-07,22.552292628100123,25.778138303275213,6.832616731642931,73.29744924845791
round_5_forecast_2026_2027,BA,2027-02-14,22.43908187089821,25.675820862934017,6.852690552690022,73.5865817008264
round_5_forecast_2026_2027,BA,2027-02-21,22.490113187080997,25.648439559502854,6.906099200665363,74.77358983463326
round_5_forecast_2026_2027,BA,2027-02-28,22.53979331198941,25.778141145464588,6.826551112426882,74.24831080973027
round_5_forecast_2026_2027,BA,2027-03-07,22.606498351643303,25.854344535472087,6.75420065983836,74.17892783928498
round_5_forecast_2026_2027,BA,2027-03-14,22.532249684856193,25.76524304792719,6.812691956275734,74.4578497401716
round_5_forecast_2026_2027,BA,2027-03-21,22.51726678301953,25.649466001749975,6.821049681874714,75.09448213748679
round_5_forecast_2026_2027,BA,2027-03-28,22.442000252282178,25.456094815534087,6.823883343290565,76.14037619502615
round_5_forecast_2026_2027,BA,2027-04-04,22.31247998090947,25.431914434234233,6.687349873041472,75.35014246013237
round_5_forecast_2026_2027,BA,2027-04-11,22.32706193756007,25.29075424000188,6.760455516884798,76.34436430943518
round_5_forecast_2026_2027,BA,2027-04-18,22.16225151586991,24.91336458436534,6.847912970142099,77.90478016364938
round_5_forecast_2026_2027,BA,2027-04-25,21.85164685499307,24.66149053388699,6.676718828867047,77.01432495604007
round_5_forecast_2026_2027,BA,2027-05-02,21.54465922433519,24.297891351933632,6.6214945292949405,77.18020878906111
round_5_forecast_2026_2027,BA,2027-05-09,21.35021346808848,24.121564422054064,6.562988261369873,77.03758109166246
round_5_forecast_2026_2027,BA,2027-05-16,21.072479284613785,23.84958771305189,6.437963814436212,76.60737484056281
round_5_forecast_2026_2027,BA,2027-05-23,20.830923947353075,23.48945244377118,6.420133760296065,77.28620711294472
round_5_forecast_2026_2027,BA,2027-05-30,20.67040836637985,23.47811496668829,6.340178505795035,76.9421080147437
round_5_forecast_2026_2027,BA,2027-06-06,20.40360338508148,23.12824708253704,6.310525056122618,77.07786198209286
round_5_forecast_2026_2027,BA,2027-06-13,20.05332244669514,22.65554555075883,6.3869357127981505,77.1794544114954
round_5_forecast_2026_2027,BA,2027-06-20,19.827236876320335,22.513627147649935,6.35921839509546,76.61113527923861
round_5_forecast_2026_2027,BA,2027-06-27,19.493382608270142,22.1390125292217,6.369379049979937,76.93359116454873
round_5_forecast_2026_2027,BA,2027-07-04,19.219785021201147,22.00408484470996,6.24941776222216,75.85881224729602
round_5_forecast_2026_2027,BA,2027-07-11,19.185375194137062,22.0244932235142,6.275377869843965,75.76633427086144
round_5_forecast_2026_2027,BA,2027-07-18,19.09305844820866,21.97701721271153,6.217552994323335,75.0821700611877
round_5_forecast_2026_2027,BA,2027-07-25,18.988805901165325,21.905605486493428,6.2658154661933585,74.67460128293123
round_5_forecast_2026_2027,BA,2027-08-01,18.90213593422138,21.866688763036475,6.171480593721585,73.77905352200345
round_5_forecast_2026_2027,BA,2027-08-08,18.85323371063852,22.09608432152675,6.065963469167323,72.59218388416333
round_5_forecast_2026_2027,BA,2027-08-15,18.95029312115071,22.01787354451049,6.192787516643688,72.70237558828826
round_5_forecast_2026_2027,BA,2027-08-22,19.15488455136752,22.281614351283057,6.298124677005501,73.3317195442867
round_5_forecast_2026_2027,BA,2027-08-29,19.3469531034588,22.686150943689977,6.120486065639647,71.57670659829168
round_5_forecast_2026_2027,BA,2027-09-05,19.442120284136,22.872920796922696,6.071054511904454,70.7745443449449
round_5_forecast_2026_2027,BA,2027-09-12,19.602549585528656,23.10322539058698,6.103279495274281,69.9403914639298
round_5_forecast_2026_2027,BA,2027-09-19,20.01938172096451,23.641067652776805,6.042933820119636,68.96849766674012
round_5_forecast_2026_2027,BA,2027-09-26,20.57719060640897,24.1518362460883,6.1818027979060055,69.21616029524155
round_5_forecast_2026_2027,BA,2027-10-03,20.87836251983232,24.61046188246732,5.988124975523323,67.87591888786388
round_5_forecast_2026_2027,CE,2026-03-15,23.19181648458369,25.666634259564365,6.9985110610685926,82.70321684663693
round_5_forecast_2026_2027,CE,2026-03-22,23.199507427646388,25.587941864536564,6.987911750731159,83.40024383539117
round_5_forecast_2026_2027,CE,2026-03-29,23.25465799082746,25.742123679438425,6.957609717452863,82.49404300177012
round_5_forecast_2026_2027,CE,2026-04-05,23.36344945968191,25.850539447426627,6.965433664776494,82.54080208177596
round_5_forecast_2026_2027,CE,2026-04-12,23.324609332481696,25.831049970261567,6.976120422821659,82.42345899976509
round_5_forecast_2026_2027,CE,2026-04-19,23.311338590443775,25.87474141520907,6.934041954384314,81.35012757945442
round_5_forecast_2026_2027,CE,2026-04-26,23.244003955844292,25.86075162362226,6.861973441059748,80.7597408338044
round_5_forecast_2026_2027,CE,2026-05-03,23.282135128144063,25.989044086810843,6.803308602321553,82.98317476407209
round_5_forecast_2026_2027,CE,2026-05-10,23.29657268104412,26.09252258790133,6.805681827876686,81.67277617952774
round_5_forecast_2026_2027,CE,2026-05-17,23.23600940018235,26.054246558912695,6.791438607161261,81.20959348273018
round_5_forecast_2026_2027,CE,2026-05-24,23.12206441966021,25.955991490038127,6.761082193973606,80.49359041342952
round_5_forecast_2026_2027,CE,2026-05-31,22.929037077395364,25.87886210638605,6.751293503222063,78.83269477289254
round_5_forecast_2026_2027,CE,2026-06-07,23.590943110916903,26.567678198736395,6.622930488624627,77.08647927855858
round_5_forecast_2026_2027,CE,2026-06-14,23.4524881700504,26.47736480392988,6.683640285825285,76.51366883259065
round_5_forecast_2026_2027,CE,2026-06-21,23.3126485130021,26.43462106020232,6.379068953376504,74.62396808865037
round_5_forecast_2026_2027,CE,2026-06-28,23.323171949782115,26.457426237207983,6.4635633444571265,74.19311511571966
round_5_forecast_2026_2027,CE,2026-07-05,23.83590320263378,27.0477942368712,6.239486689175841,69.11330480415066
round_5_forecast_2026_2027,CE,2026-07-12,23.69083605054354,27.25891175620542,5.660727496709653,65.81076156875939
round_5_forecast_2026_2027,CE,2026-07-19,23.738225349763255,27.381146405742587,5.380648522723806,64.21592244654686
round_5_forecast_2026_2027,CE,2026-07-26,23.736499228843083,27.501013499517068,5.358068366031987,62.73110198305274
round_5_forecast_2026_2027,CE,2026-08-02,23.120207760617845,27.056795511167454,4.730556927121577,61.66903281618809
round_5_forecast_2026_2027,CE,2026-08-09,23.229460969588175,27.214216351183115,4.680160523517068,60.3748268678967
round_5_forecast_2026_2027,CE,2026-08-16,23.410034962525607,27.383402209310223,4.617305867333703,60.286972952702214
round_5_forecast_2026_2027,CE,2026-08-23,23.49415708747898,27.543456281059928,4.567841503424029,60.61620943432695
round_5_forecast_2026_2027,CE,2026-08-30,23.607585641326597,27.60703988442616,4.696860716092905,60.12507929838463
round_5_forecast_2026_2027,CE,2026-09-06,23.182217461913375,27.221162865868195,4.348518590019951,58.69026163016571
round_5_forecast_2026_2027,CE,2026-09-13,23.34060374600089,27.34791842838963,4.68989753986867,59.53094095542099
round_5_forecast_2026_2027,CE,2026-09-20,23.579044038410633,27.483215883089706,5.19018487575753,59.8658492613797
round_5_forecast_2026_2027,CE,2026-09-27,23.751368178038717,27.665426829614177,4.943702647983315,59.45847578687271
round_5_forecast_2026_2027,CE,2026-10-04,23.7717258814408,27.581964650163,5.444963946514303,61.06346743643976
round_5_forecast_2026_2027,CE,2026-10-11,23.89665047090933,27.56741567380618,5.527663754940998,62.23430699711638
round_5_forecast_2026_2027,CE,2026-10-18,23.96022026883164,27.62917426590993,5.827958307734733,62.30160483223128
round_5_forecast_2026_2027,CE,2026-10-25,24.04190489369864,27.647348659217705,5.894273468144718,62.88319487423979
round_5_forecast_2026_2027,CE,2026-11-01,24.10250582190883,27.642738390460448,6.077736684188077,63.35847570603778
round_5_forecast_2026_2027,CE,2026-11-08,24.14235669558433,27.74178806799728,6.076439425619355,62.8547270170527
round_5_forecast_2026_2027,CE,2026-11-15,24.294944583029636,27.830323578443014,6.170348026772394,63.5853359432008
round_5_forecast_2026_2027,CE,2026-11-22,24.32774141310299,27.737081939852647,6.482032131028186,64.59161345483125
round_5_forecast_2026_2027,CE,2026-11-29,24.309610858128828,27.71247706739907,6.565753265110013,65.79867291231558
round_5_forecast_2026_2027,CE,2026-12-06,24.247119226200276,27.521522004157948,6.742113693174053,66.80281653873922
round_5_forecast_2026_2027,CE,2026-12-13,24.247402648666213,27.441010093460637,6.792558932883349,68.28188216067586
round_5_forecast_2026_2027,CE,2026-12-20,24.158457893036843,27.358465434994173,6.563655130262631,68.87647424190033
round_5_forecast_2026_2027,CE,2026-12-27,24.06504710124455,27.18141270151994,6.852375498250665,70.70698049120925
round_5_forecast_2026_2027,CE,2027-01-03,24.06504710124455,27.18141270151994,6.852375498250665,70.70698049120925
round_5_forecast_2026_2027,CE,2027-01-10,23.898142428926217,26.9247730440775,6.95530578269263,72.15358218068499
round_5_forecast_2026_2027,CE,2027-01-17,23.7707699465038,26.637692970801588,6.893391995379883,74.21654676389745
round_5_forecast_2026_2027,CE,2027-01-24,23.58233819634569,26.34265810457211,6.938304083346244,76.66558001362087
round_5_forecast_2026_2027,CE,2027-01-31,23.660750574250116,26.57556126199123,6.901547763966303,75.25210968273281
round_5_forecast_2026_2027,CE,2027-02-07,23.65129949325612,26.47790556752232,6.939361293886069,76.43499507823225
round_5_forecast_2026_2027,CE,2027-02-14,23.442563417474695,26.092033018178267,6.955647840905925,78.95381609208609
round_5_forecast_2026_2027,CE,2027-02-21,23.28759383331635,25.858775373635268,6.97183974980885,80.86220203079769
round_5_forecast_2026_2027,CE,2027-02-28,23.37364412797776,26.006329684217455,6.9482844887327175,80.12327233448576
round_5_forecast_2026_2027,CE,2027-03-07,23.407429496711107,26.026745745175855,6.947950126559501,80.27894481104676
round_5_forecast_2026_2027,CE,2027-03-14,23.333959155982708,25.869428383555743,6.993379775219048,81.44526655671017
round_5_forecast_2026_2027,CE,2027-03-21,23.19181648458369,25.666634259564365,6.9985110610685926,82.70321684663693
round_5_forecast_2026_2027,CE,2027-03-28,23.199507427646388,25.587941864536564,6.987911750731159,83.40024383539117
round_5_forecast_2026_2027,CE,2027-04-04,23.25465799082746,25.742123679438425,6.957609717452863,82.49404300177012
round_5_forecast_2026_2027,CE,2027-04-11,23.23051202311241,25.71760201085713,6.965433664776494,82.69943602946972
round_5_forecast_2026_2027,CE,2027-04-18,23.191671895912197,25.69811253369207,6.976120422821659,82.58209294745886
round_5_forecast_2026_2027,CE,2027-04-25,23.178401153874276,25.74180397863957,6.934041954384314,81.5087615271482
round_5_forecast_2026_2027,CE,2027-05-02,23.111066519274793,25.72781418705276,6.861973441059748,80.91837478149816
round_5_forecast_2026_2027,CE,2027-05-09,23.241615842499495,25.948524801166283,6.803308602321553,79.02460709060513
round_5_forecast_2026_2027,CE,2027-05-16,23.256053395399555,26.052003302256765,6.805681827876686,77.71420850606079
round_5_forecast_2026_2027,CE,2027-05-23,23.195490114537787,26.013727273268124,6.791438607161261,77.25102580926323
round_5_forecast_2026_2027,CE,2027-05-30,23.08154513401564,25.915472204393563,6.761082193973606,76.53502273996256
round_5_forecast_2026_2027,CE,2027-06-06,22.888517791750804,25.838342820741484,6.751293503222063,74.87412709942558
round_5_forecast_2026_2027,CE,2027-06-13,22.771064028128983,25.74779911594848,6.622930488624627,73.17458649897758
round_5_forecast_2026_2027,CE,2027-06-20,22.63260908726248,25.657485721141963,6.683640285825285,72.60177605300964
round_5_forecast_2026_2027,CE,2027-06-27,22.49276943021418,25.6147419774144,6.379068953376504,70.71207530906935
round_5_forecast_2026_2027,CE,2027-07-04,22.50329286699419,25.637547154420066,6.4635633444571265,70.28122233613865
round_5_forecast_2026_2027,CE,2027-07-11,22.50273139713131,25.71462243136873,6.239486689175841,69.31353150965994
round_5_forecast_2026_2027,CE,2027-07-18,22.357664245041065,25.92573995070295,5.660727496709653,66.01098827426866
round_5_forecast_2026_2027,CE,2027-07-25,22.405053544260788,26.047974600240117,5.380648522723806,64.41614915205612
round_5_forecast_2026_2027,CE,2027-08-01,22.403327423340613,26.1678416940146,5.358068366031987,62.93132868856201
round_5_forecast_2026_2027,CE,2027-08-08,22.391741714164127,26.32832946471374,4.730556927121577,62.121217951534426
round_5_forecast_2026_2027,CE,2027-08-15,22.50099492313446,26.485750304729397,4.680160523517068,60.82701200324304
round_5_forecast_2026_2027,CE,2027-08-22,22.681568916071893,26.654936162856508,4.617305867333703,60.73915808804855
round_5_forecast_2026_2027,CE,2027-08-29,22.765691041025264,26.814990234606213,4.567841503424029,61.068394569673295
round_5_forecast_2026_2027,CE,2027-09-05,22.879119594872883,26.878573837972443,4.696860716092905,60.57726443373097
round_5_forecast_2026_2027,CE,2027-09-12,23.036181888859367,27.075127292814187,4.348518590019951,59.95110519711423
round_5_forecast_2026_2027,CE,2027-09-19,23.19456817294688,27.201882855335622,4.68989753986867,60.79178452236951
round_5_forecast_2026_2027,CE,2027-09-26,23.43300846535662,27.33718031003569,5.19018487575753,61.12669282832823
round_5_forecast_2026_2027,CE,2027-10-03,23.60533260498471,27.51939125656017,4.943702647983315,60.71931935382125
round_5_forecast_2026_2027,DF,2026-03-15,18.66837362637363,22.2741978021978,6.730769230769231,78.06491098901098
round_5_forecast_2026_2027,DF,2026-03-22,18.564245604395605,22.087048901098903,6.230769230769231,77.97871098901099
round_5_forecast_2026_2027,DF,2026-03-29,18.49548901098901,22.288442307692307,6.1923076923076925,75.30253571428571
round_5_forecast_2026_2027,DF,2026-04-05,19.15250859432208,22.86900474816824,6.346153846153847,82.35069051190484
round_5_forecast_2026_2027,DF,2026-04-12,19.003059143772635,22.79045694597044,6.1923076923076925,80.46915040201475
round_5_forecast_2026_2027,DF,2026-04-19,18.70591518772868,22.71476408882758,5.730769230769231,77.54137622619056
round_5_forecast_2026_2027,DF,2026-04-26,17.952227275640766,22.405187715201205,4.269230769230769,73.05921743498178
round_5_forecast_2026_2027,DF,2026-05-03,18.3611916793845,22.9421916793845,3.807692307692307,72.61373442619127
round_5_forecast_2026_2027,DF,2026-05-10,18.066967503560324,22.544985085977903,4.076923076923077,73.27561079981764
round_5_forecast_2026_2027,DF,2026-05-17,17.953644976087798,22.34645926180208,4.038461538461538,72.62621409652094
round_5_forecast_2026_2027,DF,2026-05-24,17.676791129933953,22.407801569494392,3.3846153846153846,71.09948717344402
round_5_forecast_2026_2027,DF,2026-05-31,17.52364332773615,22.142191679384503,3.2307692307692313,70.91919211849897
round_5_forecast_2026_2027,DF,2026-06-07,17.606373489613333,22.44806799510784,2.269230769230769,60.391772512914194
round_5_forecast_2026_2027,DF,2026-06-14,17.33117623686608,22.202255907195752,1.8076923076923077,58.925236249177935
round_5_forecast_2026_2027,DF,2026-06-21,17.029901511591355,21.916971291811137,1.3461538461538465,57.352671414013095
round_5_forecast_2026_2027,DF,2026-06-28,16.708251511591357,21.75163063247048,1.2307692307692308,54.752878007419696
round_5_forecast_2026_2027,DF,2026-07-05,16.44802255762064,21.588306074104157,1.3461538461538465,52.096925288260785
round_5_forecast_2026_2027,DF,2026-07-12,16.639065964214048,21.789475854323932,1.5384615384615383,51.25115825529375
round_5_forecast_2026_2027,DF,2026-07-19,16.616893436741517,21.842498381796464,1.6923076923076923,49.376102760788264
round_5_forecast_2026_2027,DF,2026-07-26,16.863737942236025,22.169797282895367,1.0769230769230769,47.316746716832206
round_5_forecast_2026_2027,DF,2026-08-02,15.725526955498232,21.28179673571801,0.4230769230769231,44.4528137397186
round_5_forecast_2026_2027,DF,2026-08-09,15.708725856597132,21.210282450003728,1.1153846153846154,43.73128571774058
round_5_forecast_2026_2027,DF,2026-08-16,16.171834647805923,21.726552779674055,1.6538461538461535,43.83141978367465
round_5_forecast_2026_2027,DF,2026-08-23,17.272041241212516,22.70223739505867,2.3461538461538463,44.75235769576256
round_5_forecast_2026_2027,DF,2026-08-30,17.5799588236301,23.063172559893836,2.3461538461538463,43.381818135323
round_5_forecast_2026_2027,DF,2026-09-06,17.99221965468556,23.771891632707543,1.4230769230769231,31.59100624691991
round_5_forecast_2026_2027,DF,2026-09-13,18.83428174259765,24.253975149191056,3.0384615384615383,36.009350202963866
round_5_forecast_2026_2027,DF,2026-09-20,18.963533390949294,24.021282841498746,4.461538461538462,44.32408536779903
round_5_forecast_2026_2027,DF,2026-09-27,19.079025149191057,24.18684218215809,5.038461538461538,45.66410569746935
round_5_forecast_2026_2027,DF,2026-10-04,19.714125274725273,24.69200989010989,4.346153846153846,52.76693021978023
round_5_forecast_2026_2027,DF,2026-10-11,19.809845604395605,24.61609230769231,4.1923076923076925,54.94737197802199
round_5_forecast_2026_2027,DF,2026-10-18,19.709148351648352,24.067514835164836,6.038461538461537,62.30650494505495
round_5_forecast_2026_2027,DF,2026-10-25,19.409769230769232,23.266305494505495,6.5,70.78876483516484
round_5_forecast_2026_2027,DF,2026-11-01,19.013354945054942,22.45697857142857,6.884615384615385,75.50162142857143
round_5_forecast_2026_2027,DF,2026-11-08,19.078535714285714,22.798195054945054,6.576923076923077,73.93709395604395
round_5_forecast_2026_2027,DF,2026-11-15,19.082545054945054,22.56092252747253,6.769230769230769,76.58482417582418
round_5_forecast_2026_2027,DF,2026-11-22,18.87061043956044,22.14093186813187,7.0,79.23469175824175
round_5_forecast_2026_2027,DF,2026-11-29,19.13971098901099,22.47214835164835,6.730769230769231,78.31477362637362
round_5_forecast_2026_2027,DF,2026-12-06,19.001768681318683,22.049869230769232,6.8076923076923075,80.15239725274726
round_5_forecast_2026_2027,DF,2026-12-13,19.000242307692307,22.541956593406592,6.6923076923076925,76.09990714285715
round_5_forecast_2026_2027,DF,2026-12-20,19.036682010582012,22.340669841269843,6.62962962962963,78.41455291005292
round_5_forecast_2026_2027,DF,2026-12-27,18.954984656084655,22.33326296296296,6.777777777777778,78.43105555555556
round_5_forecast_2026_2027,DF,2027-01-03,18.954984656084655,22.33326296296296,6.777777777777778,78.43105555555556
round_5_forecast_2026_2027,DF,2027-01-10,18.82487566137566,22.136574074074073,6.925925925925926,79.05156190476191
round_5_forecast_2026_2027,DF,2027-01-17,18.888044973544975,22.589732804232806,6.62962962962963,74.8475037037037
round_5_forecast_2026_2027,DF,2027-01-24,18.94075925925926,22.42561798941799,6.518518518518517,77.71054232804234
round_5_forecast_2026_2027,DF,2027-01-31,18.96136349206349,22.460097883597875,6.814814814814815,77.76258465608466
round_5_forecast_2026_2027,DF,2027-02-07,18.850433333333335,22.233678306878307,6.888888888888889,78.55129365079365
round_5_forecast_2026_2027,DF,2027-02-14,18.790442328042328,22.438221693121697,6.888888888888889,76.48033386243387
round_5_forecast_2026_2027,DF,2027-02-21,18.77562275132275,22.33476031746032,6.851851851851852,78.33710476190475
round_5_forecast_2026_2027,DF,2027-02-28,18.810085185185184,22.37845555555555,6.777777777777778,78.2005343915344
round_5_forecast_2026_2027,DF,2027-03-07,18.856320105820107,22.456989947089944,6.62962962962963,77.19962486772486
round_5_forecast_2026_2027,DF,2027-03-14,18.926579894179895,22.369304232804232,6.888888888888889,79.0882724867725
round_5_forecast_2026_2027,DF,2027-03-21,18.66837362637363,22.2741978021978,6.730769230769231,78.06491098901098
round_5_forecast_2026_2027,DF,2027-03-28,18.564245604395605,22.087048901098903,6.230769230769231,77.97871098901099
round_5_forecast_2026_2027,DF,2027-04-04,18.49548901098901,22.288442307692307,6.1923076923076925,75.30253571428571
round_5_forecast_2026_2027,DF,2027-04-11,18.301835714285712,22.01833186813187,6.346153846153847,76.13400549450549
round_5_forecast_2026_2027,DF,2027-04-18,18.152386263736265,21.93978406593407,6.1923076923076925,74.25246538461539
round_5_forecast_2026_2027,DF,2027-04-25,17.855242307692308,21.86409120879121,5.730769230769231,71.32469120879121
round_5_forecast_2026_2027,DF,2027-05-02,17.101554395604396,21.55451483516483,4.269230769230769,66.84253241758242
round_5_forecast_2026_2027,DF,2027-05-09,16.90403791208791,21.48503791208791,3.807692307692307,64.10438626373626
round_5_forecast_2026_2027,DF,2027-05-16,16.609813736263735,21.087831318681317,4.076923076923077,64.76626263736263
round_5_forecast_2026_2027,DF,2027-05-23,16.49649120879121,20.889305494505493,4.038461538461538,64.11686593406593
round_5_forecast_2026_2027,DF,2027-05-30,16.219637362637364,20.950647802197803,3.3846153846153846,62.590139010989
round_5_forecast_2026_2027,DF,2027-06-06,16.06648956043956,20.68503791208791,3.2307692307692313,62.40984395604396
round_5_forecast_2026_2027,DF,2027-06-13,15.528370329670327,20.370064835164836,2.269230769230769,58.58736868131868
round_5_forecast_2026_2027,DF,2027-06-20,15.253173076923076,20.124252747252747,1.8076923076923077,57.12083241758242
round_5_forecast_2026_2027,DF,2027-06-27,14.951898351648351,19.838968131868132,1.3461538461538465,55.54826758241759
round_5_forecast_2026_2027,DF,2027-07-04,14.630248351648351,19.673627472527475,1.2307692307692308,52.94847417582418
round_5_forecast_2026_2027,DF,2027-07-11,15.086415384615384,20.226698901098903,1.3461538461538465,51.93524230769231
round_5_forecast_2026_2027,DF,2027-07-18,15.277458791208792,20.42786868131868,1.5384615384615383,51.089475274725274
round_5_forecast_2026_2027,DF,2027-07-25,15.255286263736265,20.48089120879121,1.6923076923076923,49.214419780219785
round_5_forecast_2026_2027,DF,2027-08-01,15.502130769230767,20.808190109890113,1.0769230769230769,47.155063736263735
round_5_forecast_2026_2027,DF,2027-08-08,16.115622527472528,21.671892307692307,0.4230769230769231,43.79208296703296
round_5_forecast_2026_2027,DF,2027-08-15,16.09882142857143,21.600378021978024,1.1153846153846154,43.070554945054944
round_5_forecast_2026_2027,DF,2027-08-22,16.56193021978022,22.11664835164835,1.6538461538461535,43.17068901098901
round_5_forecast_2026_2027,DF,2027-08-29,17.662136813186812,23.092332967032966,2.3461538461538463,44.09162692307692
round_5_forecast_2026_2027,DF,2027-09-05,17.970054395604397,23.453268131868132,2.3461538461538463,42.72108736263736
round_5_forecast_2026_2027,DF,2027-09-12,18.450421428571428,24.230093406593408,1.4230769230769231,38.91644010989011
round_5_forecast_2026_2027,DF,2027-09-19,19.29248351648352,24.712176923076928,3.0384615384615383,43.334784065934066
round_5_forecast_2026_2027,DF,2027-09-26,19.42173516483516,24.479484615384617,4.461538461538462,51.64951923076923
round_5_forecast_2026_2027,DF,2027-10-03,19.53722692307692,24.645043956043956,5.038461538461538,52.98953956043955
round_5_forecast_2026_2027,GO,2026-03-15,19.85797387323343,23.43704716469799,6.7798041952879835,79.68162539968296
round_5_forecast_2026_2027,GO,2026-03-22,19.72286758998364,23.351763111856364,6.314149003653894,78.74615890294172
round_5_forecast_2026_2027,GO,2026-03-29,19.66934010393955,23.566515868261945,6.188526714443217,76.027242366267
round_5_forecast_2026_2027,GO,2026-04-05,19.770534022845915,23.63572105061596,5.993283991718046,83.07008752798498
round_5_forecast_2026_2027,GO,2026-04-12,19.534874182951683,23.48946729835091,6.051577283210761,80.976897866831
round_5_forecast_2026_2027,GO,2026-04-19,19.253152413034215,23.472492051388187,5.234860330646704,77.47847669922047
round_5_forecast_2026_2027,GO,2026-04-26,18.45552295014426,23.167890149472644,3.6672013004794457,72.26704825035155
round_5_forecast_2026_2027,GO,2026-05-03,18.66695419462133,23.532039994082492,3.286983733862612,73.79570632404254
round_5_forecast_2026_2027,GO,2026-05-10,18.460693365061985,23.20344257318313,3.5064960816333897,74.4048631071507
round_5_forecast_2026_2027,GO,2026-05-17,18.382741729390226,23.07434747322188,3.3417492100095316,73.51462797251685
round_5_forecast_2026_2027,GO,2026-05-24,18.020774721535386,22.97830305546993,3.0609986084247396,72.95932631314832
round_5_forecast_2026_2027,GO,2026-05-31,18.091910015425572,22.901081008388392,2.7650067828634137,71.8750241152782
round_5_forecast_2026_2027,GO,2026-06-07,18.030923517644872,23.069516304680803,1.4402520239505088,60.65572739277886
round_5_forecast_2026_2027,GO,2026-06-14,17.681410549125737,22.805920166128256,1.469551114317643,59.89149419525881
round_5_forecast_2026_2027,GO,2026-06-21,17.48680715538858,22.64420507181778,0.8323181601302047,57.32249230826702
round_5_forecast_2026_2027,GO,2026-06-28,17.149537624364697,22.50281167476045,0.5367150465918198,55.2926753675468
round_5_forecast_2026_2027,GO,2026-07-05,16.72681562367785,22.1142289252788,0.924804618417136,52.02223189751571
round_5_forecast_2026_2027,GO,2026-07-12,16.878685918431014,22.328503167721557,0.9161772911459216,50.77596598365789
round_5_forecast_2026_2027,GO,2026-07-19,17.02922051661765,22.464667586365632,1.1119952975103602,48.99396198787091
round_5_forecast_2026_2027,GO,2026-07-26,17.337156466345437,22.91797293636892,0.6284672537877676,46.75197417890123
round_5_forecast_2026_2027,GO,2026-08-02,16.159048258996922,21.97278625762562,0.4500857433639366,43.736738758482225
round_5_forecast_2026_2027,GO,2026-08-09,16.312750889772545,22.091721241668164,0.8887065932930562,42.10612158379398
round_5_forecast_2026_2027,GO,2026-08-16,17.065393232879536,22.81165464212152,1.053287451357115,41.35002169014137
round_5_forecast_2026_2027,GO,2026-08-23,17.8627062170528,23.488024479936797,2.2526159479310017,44.16200559242794
round_5_forecast_2026_2027,GO,2026-08-30,18.222748508963605,23.991511290109695,2.2534018376685085,42.56608541057593
round_5_forecast_2026_2027,GO,2026-09-06,19.237876703814365,25.19738172503922,1.509473834262088,29.20637996176792
round_5_forecast_2026_2027,GO,2026-09-13,19.868794859388355,25.50784035898302,3.063192890825104,33.905239782560166
round_5_forecast_2026_2027,GO,2026-09-20,19.80177392946911,24.930914216274115,4.558544687303411,43.009420012352074
round_5_forecast_2026_2027,GO,2026-09-27,19.80528692264148,24.997094668607065,5.12844677862663,46.22125709683959
round_5_forecast_2026_2027,GO,2026-10-04,21.112108896397935,26.19507563286888,4.683225953236618,53.64631966452964
round_5_forecast_2026_2027,GO,2026-10-11,21.262876231152884,26.176820790374254,4.653849117356319,55.65748327169298
round_5_forecast_2026_2027,GO,2026-10-18,20.99690280697791,25.410748461149236,6.217070710709939,63.57285665626691
round_5_forecast_2026_2027,GO,2026-10-25,20.646898231574305,24.57210171767092,6.608315540097085,71.03032622813956
round_5_forecast_2026_2027,GO,2026-11-01,20.251604566744593,23.85206301243763,6.8274116545757,74.94869795157315
round_5_forecast_2026_2027,GO,2026-11-08,20.334435761277483,24.121573525818263,6.688237362906181,74.16982736694754
round_5_forecast_2026_2027,GO,2026-11-15,20.33913004928424,23.97893272605481,6.844491363580141,76.02505762387577
round_5_forecast_2026_2027,GO,2026-11-22,20.19891230142685,23.60827598473798,6.911997275601586,78.43012644201788
round_5_forecast_2026_2027,GO,2026-11-29,20.447858159963065,23.788600862821102,6.7359023412320935,78.76063857904482
round_5_forecast_2026_2027,GO,2026-12-06,20.232090979794396,23.223282922329332,6.898225398303797,81.4973980403886
round_5_forecast_2026_2027,GO,2026-12-13,20.112298906670876,23.74409499190592,6.718842045291615,77.55436144021652
round_5_forecast_2026_2027,GO,2026-12-20,20.21057649927181,23.576187338245948,6.688902297525115,79.58503774966495
round_5_forecast_2026_2027,GO,2026-12-27,20.187152456685673,23.478297603756857,6.841626993422699,80.12425618923741
round_5_forecast_2026_2027,GO,2027-01-03,20.187152456685673,23.478297603756857,6.841626993422699,80.12425618923741
round_5_forecast_2026_2027,GO,2027-01-10,20.062359373639342,23.28129760891891,6.9055295672178065,80.5890954635585
round_5_forecast_2026_2027,GO,2027-01-17,20.09781399345096,23.750079464461155,6.589831778540697,77.29142849886412
round_5_forecast_2026_2027,GO,2027-01-24,20.18515729607853,23.641232589769604,6.742795935039918,79.13030294748219
round_5_forecast_2026_2027,GO,2027-01-31,20.13435555884129,23.60455910875236,6.791443331376967,79.42477526958643
round_5_forecast_2026_2027,GO,2027-02-07,20.10139560645235,23.41705414285803,6.776558408093739,80.02892199991264
round_5_forecast_2026_2027,GO,2027-02-14,19.964020416964367,23.56866812441924,6.820961563956668,78.80734410377868
round_5_forecast_2026_2027,GO,2027-02-21,19.995041113362372,23.57888316053165,6.8637042760503135,79.59789151529742
round_5_forecast_2026_2027,GO,2027-02-28,19.98810274376653,23.47523439391532,6.797985015644465,80.10922501278868
round_5_forecast_2026_2027,GO,2027-03-07,19.998908793988058,23.686221488376496,6.685100403350198,78.07782673162822
round_5_forecast_2026_2027,GO,2027-03-14,20.167825088587698,23.5665989857266,6.863203757144174,80.08144785628181
round_5_forecast_2026_2027,GO,2027-03-21,19.85797387323343,23.43704716469799,6.7798041952879835,79.68162539968296
round_5_forecast_2026_2027,GO,2027-03-28,19.72286758998364,23.351763111856364,6.314149003653894,78.74615890294172
round_5_forecast_2026_2027,GO,2027-04-04,19.66934010393955,23.566515868261945,6.188526714443217,76.027242366267
round_5_forecast_2026_2027,GO,2027-04-11,19.507771968905185,23.37295899667523,5.993283991718046,75.82195181826899
round_5_forecast_2026_2027,GO,2027-04-18,19.272112129010953,23.22670524441018,6.051577283210761,73.728762157115
round_5_forecast_2026_2027,GO,2027-04-25,18.990390359093485,23.209729997447457,5.234860330646704,70.23034098950448
round_5_forecast_2026_2027,GO,2027-05-02,18.19276089620353,22.90512809553192,3.6672013004794457,65.01891254063555
round_5_forecast_2026_2027,GO,2027-05-09,17.803424240452603,22.668510039913777,3.286983733862612,62.28007064999529
round_5_forecast_2026_2027,GO,2027-05-16,17.597163410893266,22.33991261901441,3.5064960816333897,62.889227433103464
round_5_forecast_2026_2027,GO,2027-05-23,17.5192117752215,22.21081751905316,3.3417492100095316,61.9989922984696
round_5_forecast_2026_2027,GO,2027-05-30,17.157244767366667,22.114773101301203,3.0609986084247396,61.44369063910108
round_5_forecast_2026_2027,GO,2027-06-06,17.22838006125685,22.03755105421967,2.7650067828634137,60.35938844123094
round_5_forecast_2026_2027,GO,2027-06-13,16.857584829759567,21.896177616795494,1.4402520239505088,55.81108894525208
round_5_forecast_2026_2027,GO,2027-06-20,16.508071861240435,21.632581478242955,1.469551114317643,55.04685574773204
round_5_forecast_2026_2027,GO,2027-06-27,16.313468467503274,21.47086638393247,0.8323181601302047,52.47785386074025
round_5_forecast_2026_2027,GO,2027-07-04,15.976198936479394,21.32947298687515,0.5367150465918198,50.448036920020016
round_5_forecast_2026_2027,GO,2027-07-11,16.305261137590907,21.69267443919186,0.924804618417136,49.92671219590458
round_5_forecast_2026_2027,GO,2027-07-18,16.457131432344074,21.906948681634617,0.9161772911459216,48.68044628204676
round_5_forecast_2026_2027,GO,2027-07-25,16.60766603053071,22.043113100278692,1.1119952975103602,46.89844228625978
round_5_forecast_2026_2027,GO,2027-08-01,16.915601980258494,22.49641845028198,0.6284672537877676,44.656454477290104
round_5_forecast_2026_2027,GO,2027-08-08,17.515294257249536,23.329032255878236,0.4500857433639366,41.60065263883742
round_5_forecast_2026_2027,GO,2027-08-15,17.668996888025156,23.447967239920775,0.8887065932930562,39.97003546414917
round_5_forecast_2026_2027,GO,2027-08-22,18.421639231132147,24.167900640374135,1.053287451357115,39.21393557049656
round_5_forecast_2026_2027,GO,2027-08-29,19.21895221530541,24.844270478189408,2.2526159479310017,42.02591947278313
round_5_forecast_2026_2027,GO,2027-09-05,19.578994507216215,25.347757288362303,2.2534018376685085,40.42999929093113
round_5_forecast_2026_2027,GO,2027-09-12,20.362272212442143,26.321777233667,1.509473834262088,36.99000277072857
round_5_forecast_2026_2027,GO,2027-09-19,20.99319036801614,26.6322358676108,3.063192890825104,41.68886259152082
round_5_forecast_2026_2027,GO,2027-09-26,20.926169438096892,26.055309724901896,4.558544687303411,50.79304282131273
round_5_forecast_2026_2027,GO,2027-10-03,20.929682431269264,26.12149017723484,5.12844677862663,54.00487990580024
round_5_forecast_2026_2027,MA,2026-03-15,23.161201453135888,25.40504134325756,7.0,87.518169721001
round_5_forecast_2026_2027,MA,2026-03-22,23.170592634043206,25.394972767226506,6.997310228402169,87.75146546114863
round_5_forecast_2026_2027,MA,2026-03-29,23.304071742414283,25.67721676834761,6.992126784929182,86.77171140311405
round_5_forecast_2026_2027,MA,2026-04-05,23.243003669649184,25.526978892031668,6.996906301225593,86.8707392033236
round_5_forecast_2026_2027,MA,2026-04-12,23.259305474986224,25.59601578794048,6.991931962104346,86.68720439413697
round_5_forecast_2026_2027,MA,2026-04-19,23.33717201406804,25.77716222274064,6.97236897748531,85.45713349917872
round_5_forecast_2026_2027,MA,2026-04-26,23.302202515939964,25.779863921411778,6.97465869096182,85.14782936961711
round_5_forecast_2026_2027,MA,2026-05-03,23.089885191413703,25.698883469021393,6.853637777271378,87.912160932512
round_5_forecast_2026_2027,MA,2026-05-10,23.16485468354646,25.870218248573345,6.84913793448326,86.54758188869636
round_5_forecast_2026_2027,MA,2026-05-17,23.175873665897292,25.91629605562605,6.734036510926305,85.37155125923353
round_5_forecast_2026_2027,MA,2026-05-24,23.062867791452295,25.898711304032684,6.593959047836681,84.55195324655129
round_5_forecast_2026_2027,MA,2026-05-31,22.980083763364117,25.924065825199587,6.500299084547549,82.59216704929568
round_5_forecast_2026_2027,MA,2026-06-07,23.345070430506674,26.385872253571296,6.226731586637195,83.23905861636415
round_5_forecast_2026_2027,MA,2026-06-14,23.33723122103661,26.498513600864342,6.048430712832439,81.0753389897324
round_5_forecast_2026_2027,MA,2026-06-21,23.28047241266893,26.567906308502117,5.650191716072109,79.0929174248052
round_5_forecast_2026_2027,MA,2026-06-28,23.36142785627787,26.59097093934913,5.759922562119518,78.78896822851108
round_5_forecast_2026_2027,MA,2026-07-05,23.87640209317988,27.23040860577528,5.700605741702112,73.62776665671193
round_5_forecast_2026_2027,MA,2026-07-12,23.671256455883213,27.25676774331697,5.533074575009763,71.88808290202206
round_5_forecast_2026_2027,MA,2026-07-19,23.855973966246413,27.521626120349424,5.159311556090949,69.84621164399815
round_5_forecast_2026_2027,MA,2026-07-26,23.855700778788844,27.696491713695803,4.998436189244503,67.72305512924854
round_5_forecast_2026_2027,MA,2026-08-02,23.989456112649737,27.955592426695542,5.130415610079373,61.196073663938144
round_5_forecast_2026_2027,MA,2026-08-09,24.080063453743897,28.120943740654575,5.149267066668524,60.28028075551809
round_5_forecast_2026_2027,MA,2026-08-16,24.425769703529692,28.425798992877045,5.1766213311669835,59.19978303382905
round_5_forecast_2026_2027,MA,2026-08-23,24.537640460826218,28.55726178118075,5.793720557297842,60.35039065050839
round_5_forecast_2026_2027,MA,2026-08-30,24.6066496963293,28.684205049531997,5.666890196858518,59.49032347193843
round_5_forecast_2026_2027,MA,2026-09-06,25.162531786818885,29.31818333043352,5.491005679586787,52.18008313850746
round_5_forecast_2026_2027,MA,2026-09-13,25.247897203335892,29.326697153335676,5.855797932199311,53.67083698189668
round_5_forecast_2026_2027,MA,2026-09-20,25.350051587270883,29.30041180059274,6.375749389694895,55.21326982662538
round_5_forecast_2026_2027,MA,2026-09-27,25.432075079665825,29.460484212360942,6.2851931978764295,54.564916541637125
round_5_forecast_2026_2027,MA,2026-10-04,24.873725693692055,28.796429324911816,6.37848388559859,62.61505724679545
round_5_forecast_2026_2027,MA,2026-10-11,24.846921825244323,28.59001132242381,6.47115421470054,64.56032116244955
round_5_forecast_2026_2027,MA,2026-10-18,24.837311018914747,28.547899927631363,6.553691351082096,65.33804319092991
round_5_forecast_2026_2027,MA,2026-10-25,24.836406508734097,28.43131133238377,6.650596169352517,66.48337625657187
round_5_forecast_2026_2027,MA,2026-11-01,24.763474351582783,28.214739925938375,6.724458516674582,68.39594722863315
round_5_forecast_2026_2027,MA,2026-11-08,24.738878867412552,28.15022495018662,6.797064412963536,69.00023334567874
round_5_forecast_2026_2027,MA,2026-11-15,24.801933321466063,28.175848467260845,6.803766153730411,69.26193636845002
round_5_forecast_2026_2027,MA,2026-11-22,24.733654684853857,27.95401321293041,6.840303072853006,70.92034384056878
round_5_forecast_2026_2027,MA,2026-11-29,24.673265188761725,27.86666276989978,6.82672174630346,71.61038065537345
round_5_forecast_2026_2027,MA,2026-12-06,24.467011647590116,27.43318819753212,6.9804638192750925,74.36294742159863
round_5_forecast_2026_2027,MA,2026-12-13,24.396213576988384,27.26867333491477,6.974918542412238,76.05339176221165
round_5_forecast_2026_2027,MA,2026-12-20,24.193130035688807,26.97030227882989,6.755214477814296,77.90147998978907
round_5_forecast_2026_2027,MA,2026-12-27,23.920026119542552,26.565981743263325,6.993973176566147,80.21288489525594
round_5_forecast_2026_2027,MA,2027-01-03,23.920026119542552,26.565981743263325,6.993973176566147,80.21288489525594
round_5_forecast_2026_2027,MA,2027-01-10,23.720646803547808,26.29876561596786,6.9989351881734425,81.46191227890755
round_5_forecast_2026_2027,MA,2027-01-17,23.56976740156106,26.04689308285908,6.995612995117142,82.87752703703794
round_5_forecast_2026_2027,MA,2027-01-24,23.425044870270643,25.82685973960484,6.999956536354202,84.44904214544314
round_5_forecast_2026_2027,MA,2027-01-31,23.548557835261548,26.053230670114345,6.997115166476133,83.65708430783864
round_5_forecast_2026_2027,MA,2027-02-07,23.493596414691535,25.881706378171284,6.994327635368636,84.79526425899027
round_5_forecast_2026_2027,MA,2027-02-14,23.242131463814403,25.541727430869287,6.999939881270893,86.26962621628097
round_5_forecast_2026_2027,MA,2027-02-21,23.21557000314885,25.55008549386166,6.999926471712373,86.60131568405818
round_5_forecast_2026_2027,MA,2027-02-28,23.324122729791164,25.64345758071681,6.999879762541786,86.31349932890674
round_5_forecast_2026_2027,MA,2027-03-07,23.30101206998079,25.591607122524437,6.999614104463902,86.67860002575395
round_5_forecast_2026_2027,MA,2027-03-14,23.27062499989342,25.56241288159871,6.999939881270893,86.89229167703714
round_5_forecast_2026_2027,MA,2027-03-21,23.161201453135888,25.40504134325756,7.0,87.518169721001
round_5_forecast_2026_2027,MA,2027-03-28,23.170592634043206,25.394972767226506,6.997310228402169,87.75146546114863
round_5_forecast_2026_2027,MA,2027-04-04,23.304071742414283,25.67721676834761,6.992126784929182,86.77171140311405
round_5_forecast_2026_2027,MA,2027-04-11,23.27222210656402,25.556197328946503,6.996906301225593,87.38410392447278
round_5_forecast_2026_2027,MA,2027-04-18,23.288523911901056,25.625234224855316,6.991931962104346,87.20056911528616
round_5_forecast_2026_2027,MA,2027-04-25,23.366390450982873,25.80638065965547,6.97236897748531,85.97049822032791
round_5_forecast_2026_2027,MA,2027-05-02,23.3314209528548,25.80908235832661,6.97465869096182,85.66119409076632
round_5_forecast_2026_2027,MA,2027-05-09,23.516967354835007,26.1259656324427,6.853637777271378,83.74089945349509
round_5_forecast_2026_2027,MA,2027-05-16,23.59193684696777,26.297300411994648,6.84913793448326,82.37632040967945
round_5_forecast_2026_2027,MA,2027-05-23,23.602955829318596,26.34337821904736,6.734036510926305,81.20028978021661
round_5_forecast_2026_2027,MA,2027-05-30,23.4899499548736,26.32579346745399,6.593959047836681,80.38069176753439
round_5_forecast_2026_2027,MA,2027-06-06,23.407165926785424,26.351147988620895,6.500299084547549,78.42090557027878
round_5_forecast_2026_2027,MA,2027-06-13,23.42657154791292,26.46737337097754,6.226731586637195,75.76382030375298
round_5_forecast_2026_2027,MA,2027-06-20,23.418732338442855,26.58001471827059,6.048430712832439,73.60010067712123
round_5_forecast_2026_2027,MA,2027-06-27,23.361973530075176,26.64940742590836,5.650191716072109,71.61767911219403
round_5_forecast_2026_2027,MA,2027-07-04,23.442928973684115,26.672472056755375,5.759922562119518,71.31372991589991
round_5_forecast_2026_2027,MA,2027-07-11,23.469197226266537,26.823203738861935,5.700605741702112,70.13678508314798
round_5_forecast_2026_2027,MA,2027-07-18,23.26405158896987,26.849562876403628,5.533074575009763,68.39710132845812
round_5_forecast_2026_2027,MA,2027-07-25,23.44876909933307,27.11442125343608,5.159311556090949,66.35523007043422
round_5_forecast_2026_2027,MA,2027-08-01,23.4484959118755,27.289286846782456,4.998436189244503,64.23207355568461
round_5_forecast_2026_2027,MA,2027-08-08,23.591046442395943,27.557182756441744,5.130415610079373,63.48543941207029
round_5_forecast_2026_2027,MA,2027-08-15,23.681653783490106,27.722534070400783,5.149267066668524,62.56964650365024
round_5_forecast_2026_2027,MA,2027-08-22,24.027360033275897,28.027389322623247,5.1766213311669835,61.4891487819612
round_5_forecast_2026_2027,MA,2027-08-29,24.13923079057242,28.15885211092695,5.793720557297842,62.63975639864053
round_5_forecast_2026_2027,MA,2027-09-05,24.208240026075508,28.28579537927821,5.666890196858518,61.77968922007058
round_5_forecast_2026_2027,MA,2027-09-12,24.414779023437255,28.570430567051886,5.491005679586787,60.172213454542025
round_5_forecast_2026_2027,MA,2027-09-19,24.50014443995426,28.57894438995404,5.855797932199311,61.66296729793124
round_5_forecast_2026_2027,MA,2027-09-26,24.60229882388925,28.552659037211107,6.375749389694895,63.20540014265995
round_5_forecast_2026_2027,MA,2027-10-03,24.684322316284195,28.712731448979312,6.2851931978764295,62.5570468576717
round_5_forecast_2026_2027,MG,2026-03-15,19.04919350178182,22.729063012964147,6.776933122777066,76.78880515065097
round_5_forecast_2026_2027,MG,2026-03-22,18.612380828179127,22.272841065768347,6.639510904659625,76.67165883615579
round_5_forecast_2026_2027,MG,2026-03-29,18.433369565840323,22.254203688379395,6.469110597244052,75.41312641599458
round_5_forecast_2026_2027,MG,2026-04-05,18.9921805170913,22.73661586470093,6.465165716337653,80.60960330738621
round_5_forecast_2026_2027,MG,2026-04-12,18.42562714064098,22.256554513868014,6.10295360548195,78.8725615103154
round_5_forecast_2026_2027,MG,2026-04-19,18.080741043076785,22.09072831525829,5.831061145185717,77.97524649883958
round_5_forecast_2026_2027,MG,2026-04-26,16.886245969660756,21.344034197360653,4.6210524273088405,75.15551295315441
round_5_forecast_2026_2027,MG,2026-05-03,17.475966895409613,21.831337383004847,5.097208958361799,75.037257826795
round_5_forecast_2026_2027,MG,2026-05-10,17.0828954412096,21.341685381543765,4.8588713331486835,75.57128890998645
round_5_forecast_2026_2027,MG,2026-05-17,16.865921091569906,21.03159100170755,4.886168364190904,76.25794166261228
round_5_forecast_2026_2027,MG,2026-05-24,16.618078567590477,20.988707956377297,4.763993910743305,76.36935551400425
round_5_forecast_2026_2027,MG,2026-05-31,16.301255858534923,20.745266777179733,4.493649478828581,75.86149967914571
round_5_forecast_2026_2027,MG,2026-06-07,15.307790629655532,20.054905805427794,3.554923426153047,70.4753186779448
round_5_forecast_2026_2027,MG,2026-06-14,15.274962706905573,19.919576651418204,3.73762912265421,70.10148370226298
round_5_forecast_2026_2027,MG,2026-06-21,15.04636269755198,19.75080089757096,3.538601007879723,68.95658775691547
round_5_forecast_2026_2027,MG,2026-06-28,14.797086733323834,19.6202394378746,3.1908436562402467,67.22055624477848
round_5_forecast_2026_2027,MG,2026-07-05,14.045063007900492,18.926231204742557,3.3477973657008673,67.49184866331582
round_5_forecast_2026_2027,MG,2026-07-12,13.93927556750971,18.886375130672093,3.453888568355708,67.034464676975
round_5_forecast_2026_2027,MG,2026-07-19,14.310522092066568,19.168437943761383,3.4716244572343458,66.01886892578898
round_5_forecast_2026_2027,MG,2026-07-26,14.09228521882833,19.14440783926439,3.3718187468335237,65.0705285062089
round_5_forecast_2026_2027,MG,2026-08-02,13.037099291393323,18.373750334037272,2.945261997321084,63.68706252214338
round_5_forecast_2026_2027,MG,2026-08-09,12.92521576016582,18.142847992515843,3.4119367743096154,63.25473556462677
round_5_forecast_2026_2027,MG,2026-08-16,13.448468905796624,18.819098407922205,3.4688604432905037,61.777427044776864
round_5_forecast_2026_2027,MG,2026-08-23,14.06120649198032,19.22270069319331,4.184780861645327,63.313029321177154
round_5_forecast_2026_2027,MG,2026-08-30,14.458705347608264,19.83475552468274,3.937122139084951,61.56453594309436
round_5_forecast_2026_2027,MG,2026-09-06,14.658707002348114,20.218414646784943,3.4873971491470757,54.51708277365544
round_5_forecast_2026_2027,MG,2026-09-13,15.141652322945683,20.421592355132223,4.412843599695238,56.80977629486681
round_5_forecast_2026_2027,MG,2026-09-20,15.406832620414988,20.19974561350871,5.167347126842072,60.71394990772424
round_5_forecast_2026_2027,MG,2026-09-27,16.100916999182534,20.865263204906867,5.5494258910764005,62.44036739665159
round_5_forecast_2026_2027,MG,2026-10-04,17.99608719531361,22.641032928819012,5.27538896869588,63.08651266294717
round_5_forecast_2026_2027,MG,2026-10-11,18.55814484821067,23.182756958173137,5.465392478865907,62.709287953485294
round_5_forecast_2026_2027,MG,2026-10-18,18.719978036694968,22.92166051970994,6.258945077174318,67.01646523699915
round_5_forecast_2026_2027,MG,2026-10-25,18.77252134088249,22.472896420287604,6.6629208780535905,72.48647324321274
round_5_forecast_2026_2027,MG,2026-11-01,18.392837935455116,21.925504001058645,6.554037881553006,74.04213640893012
round_5_forecast_2026_2027,MG,2026-11-08,18.871335686334735,22.48473135929223,6.625216570241895,74.37750209809477
round_5_forecast_2026_2027,MG,2026-11-15,18.85118456395535,22.25186693472921,6.727844205937842,76.59419731111828
round_5_forecast_2026_2027,MG,2026-11-22,18.91883374029467,22.199076706531503,6.780681507441032,77.19518293308597
round_5_forecast_2026_2027,MG,2026-11-29,19.369642018316924,22.63900365850362,6.816736172333596,78.6596073124303
round_5_forecast_2026_2027,MG,2026-12-06,19.3331695663828,22.43655678114923,6.804478175559294,79.81395791985338
round_5_forecast_2026_2027,MG,2026-12-13,19.233848033358875,22.781325122053236,6.673117364120368,77.1948960590192
round_5_forecast_2026_2027,MG,2026-12-20,19.456545328427243,22.687701601457068,6.643223671529356,79.30745559032532
round_5_forecast_2026_2027,MG,2026-12-27,19.49017209194819,22.847464294674342,6.625841223779583,78.83536690318503
round_5_forecast_2026_2027,MG,2027-01-03,19.49017209194819,22.847464294674342,6.625841223779583,78.83536690318503
round_5_forecast_2026_2027,MG,2027-01-10,19.345188143956744,22.788162463080656,6.763683940948693,77.90077209931815
round_5_forecast_2026_2027,MG,2027-01-17,19.413991991214537,23.165801024532428,6.45262076145467,75.46092399041832
round_5_forecast_2026_2027,MG,2027-01-24,19.41266142841334,23.070992666489396,6.467625703078289,75.78892965013044
round_5_forecast_2026_2027,MG,2027-01-31,19.52462766486725,23.174733993634437,6.668536507676972,76.52102552853624
round_5_forecast_2026_2027,MG,2027-02-07,19.375275756104863,23.048877050896856,6.618666738575172,76.2808927740327
round_5_forecast_2026_2027,MG,2027-02-14,19.270275984910935,23.120907376691445,6.688574655159927,74.8905319682847
round_5_forecast_2026_2027,MG,2027-02-21,19.39599048079815,23.228933933267125,6.777182140042794,75.28070881972026
round_5_forecast_2026_2027,MG,2027-02-28,19.343057968583373,23.020849026030405,6.656480758302059,76.5210131711561
round_5_forecast_2026_2027,MG,2027-03-07,19.270164782290617,23.076468583918217,6.701276615056404,76.049598819552
round_5_forecast_2026_2027,MG,2027-03-14,19.40522830345896,23.009216882138396,6.793694760793135,76.89370955354578
round_5_forecast_2026_2027,MG,2027-03-21,19.04919350178182,22.729063012964147,6.776933122777066,76.78880515065097
round_5_forecast_2026_2027,MG,2027-03-28,18.612380828179127,22.272841065768347,6.639510904659625,76.67165883615579
round_5_forecast_2026_2027,MG,2027-04-04,18.433369565840323,22.254203688379395,6.469110597244052,75.41312641599458
round_5_forecast_2026_2027,MG,2027-04-11,18.19112787271619,21.93556322032582,6.465165716337653,76.17642169278366
round_5_forecast_2026_2027,MG,2027-04-18,17.624574496265872,21.455501869492913,6.10295360548195,74.43937989571286
round_5_forecast_2026_2027,MG,2027-04-25,17.279688398701676,21.28967567088318,5.831061145185717,73.54206488423704
round_5_forecast_2026_2027,MG,2027-05-02,16.085193325285648,20.542981552985545,4.6210524273088405,70.72233133855187
round_5_forecast_2026_2027,MG,2027-05-09,15.640200267629831,19.99557075522507,5.097208958361799,71.0327796473053
round_5_forecast_2026_2027,MG,2027-05-16,15.247128813429828,19.50591875376399,4.8588713331486835,71.56681073049675
round_5_forecast_2026_2027,MG,2027-05-23,15.030154463790131,19.19582437392777,4.886168364190904,72.2534634831226
round_5_forecast_2026_2027,MG,2027-05-30,14.782311939810697,19.152941328597517,4.763993910743305,72.36487733451457
round_5_forecast_2026_2027,MG,2027-06-06,14.465489230755148,18.909500149399953,4.493649478828581,71.85702149965601
round_5_forecast_2026_2027,MG,2027-06-13,13.882210893645878,18.629326069418138,3.554923426153047,69.503683828256
round_5_forecast_2026_2027,MG,2027-06-20,13.849382970895917,18.493996915408548,3.73762912265421,69.1298488525742
round_5_forecast_2026_2027,MG,2027-06-27,13.620782961542323,18.325221161561306,3.538601007879723,67.98495290722667
round_5_forecast_2026_2027,MG,2027-07-04,13.371506997314178,18.194659701864943,3.1908436562402467,66.2489213950897
round_5_forecast_2026_2027,MG,2027-07-11,13.55626329525584,18.437431492097904,3.3477973657008673,65.52171480430003
round_5_forecast_2026_2027,MG,2027-07-18,13.45047585486506,18.397575418027436,3.453888568355708,65.06433081795923
round_5_forecast_2026_2027,MG,2027-07-25,13.821722379421914,18.67963823111673,3.4716244572343458,64.04873506677319
round_5_forecast_2026_2027,MG,2027-08-01,13.603485506183675,18.65560812661974,3.3718187468335237,63.10039464719312
round_5_forecast_2026_2027,MG,2027-08-08,14.263305036640064,19.599956079284013,2.945261997321084,60.33983244208246
round_5_forecast_2026_2027,MG,2027-08-15,14.15142150541256,19.369053737762584,3.4119367743096154,59.90750548456584
round_5_forecast_2026_2027,MG,2027-08-22,14.674674651043365,20.045304153168946,3.4688604432905037,58.43019696471595
round_5_forecast_2026_2027,MG,2027-08-29,15.287412237227056,20.44890643844005,4.184780861645327,59.96579924111622
round_5_forecast_2026_2027,MG,2027-09-05,15.684911092855003,21.06096126992948,3.937122139084951,58.21730586303344
round_5_forecast_2026_2027,MG,2027-09-12,16.48956185456764,22.049269499004467,3.4873971491470757,56.29229948635346
round_5_forecast_2026_2027,MG,2027-09-19,16.972507175165212,22.252447207351754,4.412843599695238,58.58499300756482
round_5_forecast_2026_2027,MG,2027-09-26,17.237687472634516,22.03060046572824,5.167347126842072,62.48916662042227
round_5_forecast_2026_2027,MG,2027-10-03,17.93177185140206,22.696118057126395,5.5494258910764005,64.2155841093496
round_5_forecast_2026_2027,MS,2026-03-15,22.053600480379565,25.45748034308872,6.8535751374078675,76.85148265592957
round_5_forecast_2026_2027,MS,2026-03-22,21.34916807079872,25.064356437215764,6.08846888587102,73.73586026739746
round_5_forecast_2026_2027,MS,2026-03-29,21.66850100661426,25.406985110458812,6.1077545929988855,72.74295558288406
round_5_forecast_2026_2027,MS,2026-04-05,22.52359408859524,26.38656981267522,5.814085053675279,72.87172460455334
round_5_forecast_2026_2027,MS,2026-04-12,21.54271636443031,25.493215014890097,5.133601219856717,71.84653146545287
round_5_forecast_2026_2027,MS,2026-04-19,21.08353344134766,25.059313079537464,4.944539538623715,71.95669747208191
round_5_forecast_2026_2027,MS,2026-04-26,20.180171432704142,24.364530202329295,3.9373876830694456,68.6167155335341
round_5_forecast_2026_2027,MS,2026-05-03,20.781248702510304,24.905988061720382,4.038850989301662,69.94028277299198
round_5_forecast_2026_2027,MS,2026-05-10,20.4379659087418,24.300867258873804,4.629402531070126,71.50414787489827
round_5_forecast_2026_2027,MS,2026-05-17,20.210417908055163,24.02205505359122,4.0311865510028975,72.2008369710249
round_5_forecast_2026_2027,MS,2026-05-24,19.417634768854334,23.16201082959273,4.510383229673971,74.08790054232146
round_5_forecast_2026_2027,MS,2026-05-31,19.507639799370985,23.262520027247277,4.2630958203984335,73.52629815070557
round_5_forecast_2026_2027,MS,2026-06-07,18.500591886512,22.6242030049893,3.0652688256293636,68.65963732980305
round_5_forecast_2026_2027,MS,2026-06-14,18.254812114911733,22.33772785741898,3.06323507794001,68.54502487794385
round_5_forecast_2026_2027,MS,2026-06-21,18.061330783767488,22.264244693650383,2.7712785094808674,66.68666862698846
round_5_forecast_2026_2027,MS,2026-06-28,18.177509284436123,22.56832332270227,2.1096926547183346,62.4653121292156
round_5_forecast_2026_2027,MS,2026-07-05,15.85489435489373,20.079422890218375,3.2782421493120384,67.83790450591299
round_5_forecast_2026_2027,MS,2026-07-12,15.481092152214988,20.10127486845291,2.9912253756246385,66.84722684832957
round_5_forecast_2026_2027,MS,2026-07-19,16.135455138370382,20.81081205639499,2.590960876773856,62.8823480297604
round_5_forecast_2026_2027,MS,2026-07-26,16.42466954397807,21.250533446851342,2.350965445923579,62.471816425161165
round_5_forecast_2026_2027,MS,2026-08-02,15.37746818839612,20.333156142937774,2.4269254296196157,61.62963584288792
round_5_forecast_2026_2027,MS,2026-08-09,15.196400087621608,20.40340389531188,2.3956343683909314,58.2926550874718
round_5_forecast_2026_2027,MS,2026-08-16,16.14601530689783,21.36455594294279,2.6350358124074194,56.93065930862232
round_5_forecast_2026_2027,MS,2026-08-23,15.715771737334672,20.696662096604417,3.590250872674194,61.03750088347737
round_5_forecast_2026_2027,MS,2026-08-30,16.993476824834378,22.357368362580395,3.632145967237471,58.36714071473348
round_5_forecast_2026_2027,MS,2026-09-06,18.15272434207293,23.484595487205947,3.6731406852299022,48.44381670123372
round_5_forecast_2026_2027,MS,2026-09-13,18.21828601058093,23.46134037386247,4.8799091367292275,51.36430413104382
round_5_forecast_2026_2027,MS,2026-09-20,18.090955578682465,22.877550626387197,5.124162698447454,55.69029134736199
round_5_forecast_2026_2027,MS,2026-09-27,19.281469063225707,23.844224872322595,5.92102831486723,59.446863434234366
round_5_forecast_2026_2027,MS,2026-10-04,21.52087039754928,25.92506219708656,5.977790939201456,64.53579808124587
round_5_forecast_2026_2027,MS,2026-10-11,21.74713864022222,26.179722962587245,6.140541069704442,65.60993313781435
round_5_forecast_2026_2027,MS,2026-10-18,21.772139184481738,25.969779867507544,6.126758712992669,67.6719223129146
round_5_forecast_2026_2027,MS,2026-10-25,21.49508538669804,25.476781954688295,6.482035813959226,69.82469511172783
round_5_forecast_2026_2027,MS,2026-11-01,21.41835152173344,25.336238771606883,6.389822550395115,70.84474270437238
round_5_forecast_2026_2027,MS,2026-11-08,21.528039244112065,25.679292524039877,6.080869781258137,68.3999613134216
round_5_forecast_2026_2027,MS,2026-11-15,21.89163832797977,25.9682267161593,6.289730501964969,69.48315393497917
round_5_forecast_2026_2027,MS,2026-11-22,22.4897389519114,26.378581110325364,6.4622612614667,70.86453535620333
round_5_forecast_2026_2027,MS,2026-11-29,22.440424725578325,26.118915114386684,6.530786211215127,73.51700656613143
round_5_forecast_2026_2027,MS,2026-12-06,22.38945492195877,25.890201830133385,6.7570791244854735,75.17140138464617
round_5_forecast_2026_2027,MS,2026-12-13,22.47686285956349,26.31743124275702,6.716727406742147,72.81972628426863
round_5_forecast_2026_2027,MS,2026-12-20,22.808707973124505,26.419608789478744,6.627610596826542,74.75466350519045
round_5_forecast_2026_2027,MS,2026-12-27,22.753121832258316,26.23236193096048,6.8811908363951,76.60480123910173
round_5_forecast_2026_2027,MS,2027-01-03,22.753121832258316,26.23236193096048,6.8811908363951,76.60480123910173
round_5_forecast_2026_2027,MS,2027-01-10,22.621818916707586,26.01750800993628,6.840185967366798,76.70709055405732
round_5_forecast_2026_2027,MS,2027-01-17,22.6811805235711,26.22977776551322,6.730731665458474,75.9713448030755
round_5_forecast_2026_2027,MS,2027-01-24,22.695710583329067,26.11766381699482,6.886945104578371,76.34780835018324
round_5_forecast_2026_2027,MS,2027-01-31,22.640367673581014,26.138625190166305,6.867170758116659,76.36901046928257
round_5_forecast_2026_2027,MS,2027-02-07,22.51013140147564,26.043767657521823,6.587091005858707,75.76912627670686
round_5_forecast_2026_2027,MS,2027-02-14,22.384915159942427,25.761783770299687,6.699081164237281,77.1318842977968
round_5_forecast_2026_2027,MS,2027-02-21,22.53689042646196,25.899674678738425,6.793649156398167,77.53813173633668
round_5_forecast_2026_2027,MS,2027-02-28,22.330549016757885,25.662023964490764,6.9047479456002785,78.14667892840328
round_5_forecast_2026_2027,MS,2027-03-07,22.44393426381566,26.364495018426048,6.328475246582864,72.83089817727958
round_5_forecast_2026_2027,MS,2027-03-14,22.394378064442805,25.82686516256935,6.697814844308881,76.94423305398873
round_5_forecast_2026_2027,MS,2027-03-21,22.053600480379565,25.45748034308872,6.8535751374078675,76.85148265592957
round_5_forecast_2026_2027,MS,2027-03-28,21.34916807079872,25.064356437215764,6.08846888587102,73.73586026739746
round_5_forecast_2026_2027,MS,2027-04-04,21.66850100661426,25.406985110458812,6.1077545929988855,72.74295558288406
round_5_forecast_2026_2027,MS,2027-04-11,21.27822906746673,25.14120479154671,5.814085053675279,71.72283637415894
round_5_forecast_2026_2027,MS,2027-04-18,20.2973513433018,24.247849993761587,5.133601219856717,70.69764323505848
round_5_forecast_2026_2027,MS,2027-04-25,19.83816842021915,23.81394805840896,4.944539538623715,70.80780924168752
round_5_forecast_2026_2027,MS,2027-05-02,18.934806411575632,23.119165181200785,3.9373876830694456,67.46782730313971
round_5_forecast_2026_2027,MS,2027-05-09,17.911456223170536,22.036195582380618,4.038850989301662,68.21236579935146
round_5_forecast_2026_2027,MS,2027-05-16,17.568173429402034,21.431074779534036,4.629402531070126,69.77623090125776
round_5_forecast_2026_2027,MS,2027-05-23,17.3406254287154,21.152262574251456,4.0311865510028975,70.4729199973844
round_5_forecast_2026_2027,MS,2027-05-30,16.547842289514566,20.292218350252963,4.510383229673971,72.35998356868095
round_5_forecast_2026_2027,MS,2027-06-06,16.637847320031216,20.39272754790751,4.2630958203984335,71.79838117706507
round_5_forecast_2026_2027,MS,2027-06-13,16.727064570371592,20.8506756888489,3.0652688256293636,68.14939699474814
round_5_forecast_2026_2027,MS,2027-06-20,16.481284798771327,20.564200541278577,3.06323507794001,68.03478454288894
round_5_forecast_2026_2027,MS,2027-06-27,16.287803467627086,20.490717377509984,2.7712785094808674,66.17642829193356
round_5_forecast_2026_2027,MS,2027-07-04,16.40398196829572,20.794796006561867,2.1096926547183346,61.95507179416071
round_5_forecast_2026_2027,MS,2027-07-11,15.785861888243057,20.010390423567703,3.2782421493120384,62.96118387130108
round_5_forecast_2026_2027,MS,2027-07-18,15.412059685564314,20.032242401802236,2.9912253756246385,61.97050621371766
round_5_forecast_2026_2027,MS,2027-07-25,16.06642267171971,20.74177958974432,2.590960876773856,58.0056273951485
round_5_forecast_2026_2027,MS,2027-08-01,16.355637077327394,21.18150098020067,2.350965445923579,57.595095790549266
round_5_forecast_2026_2027,MS,2027-08-08,17.434411778243643,22.390099732785306,2.4269254296196157,55.52272348775183
round_5_forecast_2026_2027,MS,2027-08-15,17.25334367746913,22.460347485159406,2.3956343683909314,52.18574273233572
round_5_forecast_2026_2027,MS,2027-08-22,18.20295889674535,23.42149953279031,2.6350358124074194,50.82374695348625
round_5_forecast_2026_2027,MS,2027-08-29,17.772715327182198,22.75360568645194,3.590250872674194,54.930588528341296
round_5_forecast_2026_2027,MS,2027-09-05,19.0504204146819,24.414311952427916,3.632145967237471,52.26022835959739
round_5_forecast_2026_2027,MS,2027-09-12,20.12371858634305,25.45558973147607,3.6731406852299022,52.429222220176875
round_5_forecast_2026_2027,MS,2027-09-19,20.18928025485105,25.43233461813259,4.8799091367292275,55.34970964998699
round_5_forecast_2026_2027,MS,2027-09-26,20.061949822952585,24.84854487065732,5.124162698447454,59.67569686630515
round_5_forecast_2026_2027,MS,2027-10-03,21.25246330749583,25.815219116592715,5.92102831486723,63.432268953177534
round_5_forecast_2026_2027,MT,2026-03-15,22.35751385828082,25.212861856733213,6.972080373056689,85.00248488512499
round_5_forecast_2026_2027,MT,2026-03-22,22.18687307606903,25.079036072252183,6.893448995616762,84.64266414285407
round_5_forecast_2026_2027,MT,2026-03-29,22.288042141773953,25.433504125520177,6.808132879245405,83.06985805643393
round_5_forecast_2026_2027,MT,2026-04-05,22.040935331018648,25.247550754454583,6.7234682120313565,86.81246222174767
round_5_forecast_2026_2027,MT,2026-04-12,21.748555181994757,25.077899728597615,6.4532550950644865,85.48895798682966
round_5_forecast_2026_2027,MT,2026-04-19,21.478288651235733,25.049699814946603,6.276257447246073,82.99869066780488
round_5_forecast_2026_2027,MT,2026-04-26,21.043614147868517,24.942273857288644,5.43672787446178,79.13443012512553
round_5_forecast_2026_2027,MT,2026-05-03,20.96238942110863,25.06469583763819,4.622910985076997,82.42892054237248
round_5_forecast_2026_2027,MT,2026-05-10,20.97519973160469,24.937918731796103,4.974000253575472,82.95150408353079
round_5_forecast_2026_2027,MT,2026-05-17,20.781361141216525,24.903182729710913,4.697423096649571,81.89113346465874
round_5_forecast_2026_2027,MT,2026-05-24,20.331711061469225,24.590728780687595,4.479414760632946,80.95693889059876
round_5_forecast_2026_2027,MT,2026-05-31,20.26000489339611,24.653497364027025,3.574094036532517,78.16062676001806
round_5_forecast_2026_2027,MT,2026-06-07,20.125119848960058,24.856066095755196,2.160679712058879,72.07338018368942
round_5_forecast_2026_2027,MT,2026-06-14,19.67477884848885,24.509832626735676,1.8679896106868603,71.1477399607944
round_5_forecast_2026_2027,MT,2026-06-21,19.668076590025635,24.56839381704099,1.519688158757556,68.32850705178585
round_5_forecast_2026_2027,MT,2026-06-28,19.632973088915556,24.757847866464076,0.9734612078399616,65.14191044563145
round_5_forecast_2026_2027,MT,2026-07-05,19.026220241604484,24.091492380697424,1.3275202139182938,58.27577006723181
round_5_forecast_2026_2027,MT,2026-07-12,19.116416924254366,24.319825677692112,1.4201276440674122,57.557264851618775
round_5_forecast_2026_2027,MT,2026-07-19,19.190161589977382,24.486196615825424,1.4074881849777665,55.09558814389247
round_5_forecast_2026_2027,MT,2026-07-26,19.591490074832112,25.154358989188555,0.8932931424652926,52.41834134014738
round_5_forecast_2026_2027,MT,2026-08-02,19.01649811756521,24.64312479748561,1.020013903122061,45.13242335968805
round_5_forecast_2026_2027,MT,2026-08-09,19.36918498305041,25.040646779008977,1.3113471006980726,43.56837802121273
round_5_forecast_2026_2027,MT,2026-08-16,20.14672226495104,25.793559717887774,1.4181832587716714,42.309836984783416
round_5_forecast_2026_2027,MT,2026-08-23,20.467196585092086,25.701773478374346,3.000304286608663,48.692625217269565
round_5_forecast_2026_2027,MT,2026-08-30,20.906139426490356,26.35084485270427,3.281625566374943,47.39139654698862
round_5_forecast_2026_2027,MT,2026-09-06,22.603903377535016,28.04065716130789,3.318638661798978,33.33834289305856
round_5_forecast_2026_2027,MT,2026-09-13,23.05769225626833,28.20548616495287,4.591885830255677,37.545947455748816
round_5_forecast_2026_2027,MT,2026-09-20,22.966880610999088,27.48856353399963,6.005382592479169,45.576007850211795
round_5_forecast_2026_2027,MT,2026-09-27,23.20730239652763,27.58387832187007,6.47835858199235,49.58351875562049
round_5_forecast_2026_2027,MT,2026-10-04,23.38559744976374,27.62371935175505,6.309844286140924,67.18937188786592
round_5_forecast_2026_2027,MT,2026-10-11,23.253237382821755,27.354150945274565,6.529002565947924,69.60187518634231
round_5_forecast_2026_2027,MT,2026-10-18,23.220291113729097,26.975848183638632,6.858452345559261,73.87359740487473
round_5_forecast_2026_2027,MT,2026-10-25,22.87564254271656,26.277695026981288,6.888310768295295,77.20780561080123
round_5_forecast_2026_2027,MT,2026-11-01,22.661362295070237,25.98955565129847,6.769851332674043,78.66925265732958
round_5_forecast_2026_2027,MT,2026-11-08,22.799973877674997,26.21532611693661,6.865852313339982,78.11044033840496
round_5_forecast_2026_2027,MT,2026-11-15,22.783656140082496,25.95480942713553,6.952429490843167,80.60730616697005
round_5_forecast_2026_2027,MT,2026-11-22,22.898672897805156,26.04805467607435,6.902934827423649,80.57704901891927
round_5_forecast_2026_2027,MT,2026-11-29,22.872938981402665,25.828648589673417,6.9571373561108585,81.75459172800261
round_5_forecast_2026_2027,MT,2026-12-06,22.614955767371747,25.396953907452815,6.964297014833413,83.48650239109851
round_5_forecast_2026_2027,MT,2026-12-13,22.575174922329936,25.614088587040968,6.9620047151266755,82.52395107152766
round_5_forecast_2026_2027,MT,2026-12-20,22.643410980419084,25.58205521811325,6.776995212180107,83.45879906072953
round_5_forecast_2026_2027,MT,2026-12-27,22.61733844863841,25.482591627633173,6.998349482596542,83.6821863701026
round_5_forecast_2026_2027,MT,2027-01-03,22.61733844863841,25.482591627633173,6.998349482596542,83.6821863701026
round_5_forecast_2026_2027,MT,2027-01-10,22.49181523470249,25.211745109639356,6.975884993322957,84.4708979320861
round_5_forecast_2026_2027,MT,2027-01-17,22.53269749773894,25.57758736007252,6.979012721659043,82.62616845902117
round_5_forecast_2026_2027,MT,2027-01-24,22.554125441000828,25.364977116915256,6.951542140842107,84.11684495249966
round_5_forecast_2026_2027,MT,2027-01-31,22.54210959759488,25.397582242235565,6.983018719023207,83.85321585020667
round_5_forecast_2026_2027,MT,2027-02-07,22.5619581271456,25.36159847920319,6.974850298819338,84.41148179803662
round_5_forecast_2026_2027,MT,2027-02-14,22.39637651771586,25.14122189376343,6.984057424192185,85.02099932998073
round_5_forecast_2026_2027,MT,2027-02-21,22.459243813227097,25.240888408288015,6.999001992128922,84.7748988336796
round_5_forecast_2026_2027,MT,2027-02-28,22.41908445225671,25.250006914232475,6.993268474491702,84.84574819364573
round_5_forecast_2026_2027,MT,2027-03-07,22.54974702541008,25.60240400383226,6.943230079753938,83.50087223806388
round_5_forecast_2026_2027,MT,2027-03-14,22.54270256255264,25.39817013551999,6.991206297060895,84.58739727391837
round_5_forecast_2026_2027,MT,2027-03-21,22.35751385828082,25.212861856733213,6.972080373056689,85.00248488512499
round_5_forecast_2026_2027,MT,2027-03-28,22.18687307606903,25.079036072252183,6.893448995616762,84.64266414285407
round_5_forecast_2026_2027,MT,2027-04-04,22.288042141773953,25.433504125520177,6.808132879245405,83.06985805643393
round_5_forecast_2026_2027,MT,2027-04-11,22.20394095300269,25.41055637643862,6.7234682120313565,82.126979153677
round_5_forecast_2026_2027,MT,2027-04-18,21.91156080397879,25.240905350581656,6.4532550950644865,80.80347491875901
round_5_forecast_2026_2027,MT,2027-04-25,21.641294273219778,25.212705436930644,6.276257447246073,78.31320759973421
round_5_forecast_2026_2027,MT,2027-05-02,21.20661976985256,25.10527947927268,5.43672787446178,74.44894705705487
round_5_forecast_2026_2027,MT,2027-05-09,20.66546318382411,24.76776960035367,4.622910985076997,71.05760361746347
round_5_forecast_2026_2027,MT,2027-05-16,20.67827349432017,24.64099249451159,4.974000253575472,71.58018715862177
round_5_forecast_2026_2027,MT,2027-05-23,20.484434903932,24.606256492426393,4.697423096649571,70.51981653974971
round_5_forecast_2026_2027,MT,2027-05-30,20.034784824184705,24.293802543403075,4.479414760632946,69.58562196568974
round_5_forecast_2026_2027,MT,2027-06-06,19.96307865611159,24.356571126742505,3.574094036532517,66.78930983510904
round_5_forecast_2026_2027,MT,2027-06-13,19.80585381911012,24.536800065905258,2.160679712058879,61.74282771090543
round_5_forecast_2026_2027,MT,2027-06-20,19.35551281863891,24.190566596885738,1.8679896106868603,60.81718748801041
round_5_forecast_2026_2027,MT,2027-06-27,19.348810560175696,24.249127787191053,1.519688158757556,57.997954579001856
round_5_forecast_2026_2027,MT,2027-07-04,19.313707059065617,24.438581836614137,0.9734612078399616,54.81135797284746
round_5_forecast_2026_2027,MT,2027-07-11,19.08339669519623,24.148668834289175,1.3275202139182938,54.95237582356444
round_5_forecast_2026_2027,MT,2027-07-18,19.17359337784612,24.377002131283863,1.4201276440674122,54.23387060795141
round_5_forecast_2026_2027,MT,2027-07-25,19.247338043569133,24.54337306941717,1.4074881849777665,51.772193900225105
round_5_forecast_2026_2027,MT,2027-08-01,19.648666528423863,25.211535442780303,0.8932931424652926,49.09494709648001
round_5_forecast_2026_2027,MT,2027-08-08,20.292825130738688,25.919451810659083,1.020013903122061,46.767833073717426
round_5_forecast_2026_2027,MT,2027-08-15,20.645511996223888,26.316973792182456,1.3113471006980726,45.20378773524211
round_5_forecast_2026_2027,MT,2027-08-22,21.42304927812452,27.069886731061253,1.4181832587716714,43.94524669881281
round_5_forecast_2026_2027,MT,2027-08-29,21.74352359826556,26.97810049154782,3.000304286608663,50.328034931298944
round_5_forecast_2026_2027,MT,2027-09-05,22.18246643966383,27.627171865877752,3.281625566374943,49.026806261017995
round_5_forecast_2026_2027,MT,2027-09-12,22.74941911189372,28.186172895666587,3.318638661798978,49.45318547224031
round_5_forecast_2026_2027,MT,2027-09-19,23.20320799062703,28.351001899311573,4.591885830255677,53.66079003493056
round_5_forecast_2026_2027,MT,2027-09-26,23.11239634535779,27.634079268358335,6.005382592479169,61.690850429393535
round_5_forecast_2026_2027,MT,2027-10-03,23.35281813088633,27.729394056228767,6.47835858199235,65.69836133480223
round_5_forecast_2026_2027,PA,2026-03-15,23.128571601858088,25.1871904766617,7.0,88.57292456636831
round_5_forecast_2026_2027,PA,2026-03-22,23.11167964124168,25.08960521722275,7.0,89.49795256967819
round_5_forecast_2026_2027,PA,2026-03-29,23.244094503507988,25.32262735267968,6.999030429876148,88.88193137896371
round_5_forecast_2026_2027,PA,2026-04-05,23.43406648034976,25.508587500540457,6.998652075046694,86.5958257330363
round_5_forecast_2026_2027,PA,2026-04-12,23.418675051261527,25.49129506247651,6.997441254820896,86.98518901075883
round_5_forecast_2026_2027,PA,2026-04-19,23.490848082000387,25.63691764461136,6.995492489470757,86.46895319216772
round_5_forecast_2026_2027,PA,2026-04-26,23.470028303387924,25.655021279062087,6.996723394371318,86.45243831657474
round_5_forecast_2026_2027,PA,2026-05-03,23.23801289948844,25.525218918927276,6.964922819747405,88.73526753691684
round_5_forecast_2026_2027,PA,2026-05-10,23.30398262720177,25.672870169454015,6.962400186363176,87.7287917118287
round_5_forecast_2026_2027,PA,2026-05-17,23.305986673196458,25.753529209562213,6.931839311687555,86.82348783179262
round_5_forecast_2026_2027,PA,2026-05-24,23.168940652418545,25.72825752890046,6.848628234815906,86.14899414856872
round_5_forecast_2026_2027,PA,2026-05-31,23.089345728798236,25.711270175458225,6.802954112597874,85.16425769261777
round_5_forecast_2026_2027,PA,2026-06-07,23.20137468650729,25.92091164499764,6.706731155559422,87.21840656472475
round_5_forecast_2026_2027,PA,2026-06-14,23.20560923622657,26.037075014988822,6.626937303530908,85.5394680181287
round_5_forecast_2026_2027,PA,2026-06-21,23.21490309841625,26.14814827238024,6.331575802873947,83.62104106891609
round_5_forecast_2026_2027,PA,2026-06-28,23.2160097725357,26.161704857203716,6.415413955169345,83.36161725755954
round_5_forecast_2026_2027,PA,2026-07-05,23.305953599597803,26.33972051496759,6.4048029508409465,82.52930665159526
round_5_forecast_2026_2027,PA,2026-07-12,23.229685338720685,26.520179696944375,6.175670927920274,80.2778870226202
round_5_forecast_2026_2027,PA,2026-07-19,23.36085921994451,26.701708935700537,6.038613884406299,78.89568741740167
round_5_forecast_2026_2027,PA,2026-07-26,23.40777806060966,26.952394922550734,5.859579142131044,77.1301131817665
round_5_forecast_2026_2027,PA,2026-08-02,23.38838602027044,26.99775641863852,5.863166572340663,73.01153540575605
round_5_forecast_2026_2027,PA,2026-08-09,23.481304611565843,27.150169474592513,6.085557535559809,72.80083016972247
round_5_forecast_2026_2027,PA,2026-08-16,23.673397028467047,27.348722291116857,6.165956122177977,72.05906526383369
round_5_forecast_2026_2027,PA,2026-08-23,23.77945303435556,27.441421982723657,6.564851485375831,72.8544875100886
round_5_forecast_2026_2027,PA,2026-08-30,23.813456848008727,27.51350501358524,6.538311969667894,72.35150228094678
round_5_forecast_2026_2027,PA,2026-09-06,24.797915031897556,28.539681746482163,6.517442305988046,63.59007535276415
round_5_forecast_2026_2027,PA,2026-09-13,24.927063285679303,28.67377905219416,6.727255423762884,63.45264552210765
round_5_forecast_2026_2027,PA,2026-09-20,24.97520264358451,28.669330682625706,6.844595533238976,63.982831670234695
round_5_forecast_2026_2027,PA,2026-09-27,25.010240583725498,28.735061474469976,6.927853733375903,63.97531766564518
round_5_forecast_2026_2027,PA,2026-10-04,24.44209788552741,28.025445080332112,6.916659076964332,70.93517511240664
round_5_forecast_2026_2027,PA,2026-10-11,24.37059644202633,27.84039996688189,6.899862226813544,72.33215926936697
round_5_forecast_2026_2027,PA,2026-10-18,24.353110642964715,27.86479409062238,6.906017643183642,72.3565158694359
round_5_forecast_2026_2027,PA,2026-10-25,24.40618830277738,27.816219426132445,6.920562528427166,72.9480508741383
round_5_forecast_2026_2027,PA,2026-11-01,24.3631238297627,27.613659334574017,6.931901181669411,74.39795069345936
round_5_forecast_2026_2027,PA,2026-11-08,24.357238858060956,27.614258897421102,6.901977157636255,74.42600382695302
round_5_forecast_2026_2027,PA,2026-11-15,24.33588244187262,27.51323365361751,6.9718544785531,75.24370603625042
round_5_forecast_2026_2027,PA,2026-11-22,24.326464077557,27.368974583795872,6.96246581366713,76.24291919323865
round_5_forecast_2026_2027,PA,2026-11-29,24.248858332674335,27.18376581381636,6.9800334093486835,77.51041093646303
round_5_forecast_2026_2027,PA,2026-12-06,24.128118434496997,26.800851386769367,6.9979054584997895,79.63175707796718
round_5_forecast_2026_2027,PA,2026-12-13,23.97426119700636,26.54487268774884,6.991440992452966,81.41087201910307
round_5_forecast_2026_2027,PA,2026-12-20,23.84427719567242,26.26929747094969,6.777777777777778,82.77193980491312
round_5_forecast_2026_2027,PA,2026-12-27,23.613854870600008,25.93623787587562,7.0,84.54744124607888
round_5_forecast_2026_2027,PA,2027-01-03,23.613854870600008,25.93623787587562,7.0,84.54744124607888
round_5_forecast_2026_2027,PA,2027-01-10,23.483490189502064,25.758818155514525,7.0,85.06014505299804
round_5_forecast_2026_2027,PA,2027-01-17,23.36114372974459,25.569692537323636,6.999232473465862,86.0016539840201
round_5_forecast_2026_2027,PA,2027-01-24,23.31098087274501,25.460532671415343,6.999058780430592,86.6624921296457
round_5_forecast_2026_2027,PA,2027-01-31,23.37513548309464,25.53565270115079,6.999961025039671,86.64249772926301
round_5_forecast_2026_2027,PA,2027-02-07,23.33053986930681,25.384337202651192,6.999922050079342,87.53392730003226
round_5_forecast_2026_2027,PA,2027-02-14,23.131042513724495,25.15901842527216,7.0,88.25656137871127
round_5_forecast_2026_2027,PA,2027-02-21,23.15428465453001,25.200040394989248,6.9964882612623525,88.25627445849561
round_5_forecast_2026_2027,PA,2027-02-28,23.18911928452642,25.21895112447112,7.0,88.41233235571119
round_5_forecast_2026_2027,PA,2027-03-07,23.163920083076643,25.176977490132742,7.0,88.73575125607164
round_5_forecast_2026_2027,PA,2027-03-14,23.172429670061817,25.207648347104055,7.0,88.57466654279094
round_5_forecast_2026_2027,PA,2027-03-21,23.128571601858088,25.1871904766617,7.0,88.57292456636831
round_5_forecast_2026_2027,PA,2027-03-28,23.11167964124168,25.08960521722275,7.0,89.49795256967819
round_5_forecast_2026_2027,PA,2027-04-04,23.244094503507988,25.32262735267968,6.999030429876148,88.88193137896371
round_5_forecast_2026_2027,PA,2027-04-11,23.207701861776687,25.28222288196738,6.998652075046694,88.9955427192767
round_5_forecast_2026_2027,PA,2027-04-18,23.19231043268846,25.26493044390344,6.997441254820896,89.38490599699922
round_5_forecast_2026_2027,PA,2027-04-25,23.264483463427315,25.410553026038286,6.995492489470757,88.86867017840812
round_5_forecast_2026_2027,PA,2027-05-02,23.24366368481485,25.428656660489015,6.996723394371318,88.85215530281515
round_5_forecast_2026_2027,PA,2027-05-09,23.36981383426071,25.657019853699556,6.964922819747405,87.73059480136675
round_5_forecast_2026_2027,PA,2027-05-16,23.435783561974045,25.80467110422629,6.962400186363176,86.72411897627863
round_5_forecast_2026_2027,PA,2027-05-23,23.437787607968737,25.885330144334493,6.931839311687555,85.81881509624252
round_5_forecast_2026_2027,PA,2027-05-30,23.30074158719082,25.860058463672736,6.848628234815906,85.14432141301862
round_5_forecast_2026_2027,PA,2027-06-06,23.22114666357051,25.8430711102305,6.802954112597874,84.15958495706768
round_5_forecast_2026_2027,PA,2027-06-13,23.13545444344652,25.854991401936864,6.706731155559422,82.93256073759201
round_5_forecast_2026_2027,PA,2027-06-20,23.139688993165795,25.971154771928052,6.626937303530908,81.25362219099597
round_5_forecast_2026_2027,PA,2027-06-27,23.148982855355477,26.082228029319463,6.331575802873947,79.33519524178337
round_5_forecast_2026_2027,PA,2027-07-04,23.15008952947493,26.09578461414294,6.415413955169345,79.07577143042683
round_5_forecast_2026_2027,PA,2027-07-11,23.229329776684654,26.263096692054447,6.4048029508409465,78.05891040410494
round_5_forecast_2026_2027,PA,2027-07-18,23.15306151580754,26.44355587403123,6.175670927920274,75.80749077512989
round_5_forecast_2026_2027,PA,2027-07-25,23.284235397031363,26.625085112787392,6.038613884406299,74.42529116991135
round_5_forecast_2026_2027,PA,2027-08-01,23.33115423769652,26.87577109963759,5.859579142131044,72.65971693427618
round_5_forecast_2026_2027,PA,2027-08-08,23.521489438670223,27.1308598370383,5.863166572340663,71.48118139592188
round_5_forecast_2026_2027,PA,2027-08-15,23.614408029965624,27.283272892992287,6.085557535559809,71.2704761598883
round_5_forecast_2026_2027,PA,2027-08-22,23.806500446866828,27.481825709516635,6.165956122177977,70.52871125399953
round_5_forecast_2026_2027,PA,2027-08-29,23.912556452755336,27.57452540112343,6.564851485375831,71.32413350025443
round_5_forecast_2026_2027,PA,2027-09-05,23.946560266408504,27.64660843198502,6.538311969667894,70.8211482711126
round_5_forecast_2026_2027,PA,2027-09-12,24.109909957314677,27.851676671899277,6.517442305988046,69.82727954024237
round_5_forecast_2026_2027,PA,2027-09-19,24.239058211096424,27.985773977611274,6.727255423762884,69.68984970958587
round_5_forecast_2026_2027,PA,2027-09-26,24.28719756900163,27.981325608042827,6.844595533238976,70.22003585771292
round_5_forecast_2026_2027,PA,2027-10-03,24.32223550914261,28.047056399887097,6.927853733375903,70.2125218531234
round_5_forecast_2026_2027,PB,2026-03-15,23.0874329575126,25.974654244618,6.917745140371055,76.72835583895935
round_5_forecast_2026_2027,PB,2026-03-22,23.116301209454907,25.93957379392573,6.934393513076673,77.45130480512282
round_5_forecast_2026_2027,PB,2026-03-29,23.082109892841927,25.962692876789973,6.823266344261463,76.50926061848689
round_5_forecast_2026_2027,PB,2026-04-05,23.52890311158421,26.31734006286644,6.887426335590303,76.06400552632742
round_5_forecast_2026_2027,PB,2026-04-12,23.472413832381317,26.274288709017405,6.8672135404718055,75.53468255389416
round_5_forecast_2026_2027,PB,2026-04-19,23.381350660116375,26.189014950682935,6.808250999425839,75.1472595429835
round_5_forecast_2026_2027,PB,2026-04-26,23.219854134652763,25.971271819577535,6.734750162196358,75.43027850913363
round_5_forecast_2026_2027,PB,2026-05-03,23.514479212015065,26.318997052606992,6.63468864173324,76.8411300029386
round_5_forecast_2026_2027,PB,2026-05-10,23.45855739972828,26.299287495611427,6.6284545736786695,76.08555295146765
round_5_forecast_2026_2027,PB,2026-05-17,23.28454803782036,26.03836906594976,6.711211824563278,76.89791452333344
round_5_forecast_2026_2027,PB,2026-05-24,23.103588428109727,25.770195031395033,6.69304377303046,77.67747654681082
round_5_forecast_2026_2027,PB,2026-05-31,22.768074242301086,25.50186708437045,6.672561721984842,77.26135037300233
round_5_forecast_2026_2027,PB,2026-06-07,23.5490359619573,26.165587705912102,6.639350895757597,73.7752924455621
round_5_forecast_2026_2027,PB,2026-06-14,23.307312371027297,25.887303207392005,6.723385288256599,74.43586389291012
round_5_forecast_2026_2027,PB,2026-06-21,23.02354325079222,25.669603098893266,6.588848655966473,73.87345029345356
round_5_forecast_2026_2027,PB,2026-06-28,22.918933128493393,25.57213425824721,6.604198802085422,73.89511147382127
round_5_forecast_2026_2027,PB,2026-07-05,23.021572125833945,25.7556703307749,6.523008414926542,70.93428076201495
round_5_forecast_2026_2027,PB,2026-07-12,22.74920647542415,25.695471642336567,6.245291586233454,68.81533550644903
round_5_forecast_2026_2027,PB,2026-07-19,22.70458145578772,25.652350570688427,6.251483844533545,68.36970094270697
round_5_forecast_2026_2027,PB,2026-07-26,22.63048565431274,25.604340936972644,6.305406513832296,68.06478954528002
round_5_forecast_2026_2027,PB,2026-08-02,21.73028328278733,24.957568016525517,5.994791697836961,68.00916229778481
round_5_forecast_2026_2027,PB,2026-08-09,21.747714194757325,24.98919620729863,5.955756275009659,67.2892864130105
round_5_forecast_2026_2027,PB,2026-08-16,21.957788850515502,25.199943848096584,6.113735499025049,67.37935491121277
round_5_forecast_2026_2027,PB,2026-08-23,22.053746004077283,25.512383773878376,5.796800594199086,65.9651234625733
round_5_forecast_2026_2027,PB,2026-08-30,22.191002671226393,25.593400864765556,5.906702710424699,65.42360495156791
round_5_forecast_2026_2027,PB,2026-09-06,21.458749873049296,24.8392804560651,5.87816339233579,66.21602203930851
round_5_forecast_2026_2027,PB,2026-09-13,21.686975537048863,25.26273782467526,5.702187447195214,64.66844178013721
round_5_forecast_2026_2027,PB,2026-09-20,21.970559922713885,25.65589186033341,5.54419361239308,63.5783796751706
round_5_forecast_2026_2027,PB,2026-09-27,22.220509508912496,25.94114428163394,5.568417779617025,62.67107578991648
round_5_forecast_2026_2027,PB,2026-10-04,21.927439886850923,25.55374638037351,5.722903603311857,67.10508653055912
round_5_forecast_2026_2027,PB,2026-10-11,22.13379833594895,25.74390165459481,5.880216217108829,67.18314388790246
round_5_forecast_2026_2027,PB,2026-10-18,22.2646907763044,25.966097359314823,5.8299012115020545,66.38288111391564
round_5_forecast_2026_2027,PB,2026-10-25,22.42559993409327,26.16728342577367,5.820116676090716,65.97032507939183
round_5_forecast_2026_2027,PB,2026-11-01,22.602810321872756,26.237077587959153,5.996534482084737,66.24410781651719
round_5_forecast_2026_2027,PB,2026-11-08,22.575262850844915,26.29750600289728,5.750813336873909,65.76264034896013
round_5_forecast_2026_2027,PB,2026-11-15,22.80435855959035,26.473247055046578,5.909536205603435,65.84431329558848
round_5_forecast_2026_2027,PB,2026-11-22,22.867092756245967,26.460044643651933,6.128723063047447,66.43535459663887
round_5_forecast_2026_2027,PB,2026-11-29,22.98519309341408,26.5886315111058,6.1589030284115704,67.27759920672901
round_5_forecast_2026_2027,PB,2026-12-06,23.019938337237797,26.46644936743909,6.30695472155978,67.5883861374151
round_5_forecast_2026_2027,PB,2026-12-13,23.09251858767164,26.435017022557012,6.524777659290639,68.82402193770417
round_5_forecast_2026_2027,PB,2026-12-20,23.0385316018894,26.446712208664486,6.134975570575748,68.1813670428042
round_5_forecast_2026_2027,PB,2026-12-27,23.08689302418783,26.45409958058008,6.482686214973028,69.2701394425648
round_5_forecast_2026_2027,PB,2027-01-03,23.08689302418783,26.45409958058008,6.482686214973028,69.2701394425648
round_5_forecast_2026_2027,PB,2027-01-10,23.14128145224535,26.406093375031375,6.759507087811207,70.03881615570205
round_5_forecast_2026_2027,PB,2027-01-17,23.043137000863535,26.205257070294024,6.701733419579733,71.72017785361348
round_5_forecast_2026_2027,PB,2027-01-24,23.074427097468572,26.177222997492017,6.761837464170871,72.66962642083926
round_5_forecast_2026_2027,PB,2027-01-31,23.14468500795363,26.41819322974328,6.674797792854889,71.10212823283402
round_5_forecast_2026_2027,PB,2027-02-07,23.16010797244271,26.447530819106944,6.748627382363792,71.4791006835034
round_5_forecast_2026_2027,PB,2027-02-14,23.12240361866988,26.1954870235099,6.83968865135199,73.40518663794009
round_5_forecast_2026_2027,PB,2027-02-21,23.072848755429742,26.05462547060566,6.894351389118788,75.35725926078375
round_5_forecast_2026_2027,PB,2027-02-28,23.13343003686852,26.17682830351717,6.768019721980228,74.63172251907118
round_5_forecast_2026_2027,PB,2027-03-07,23.18747908651993,26.26053052984027,6.796383115442357,74.40020087850839
round_5_forecast_2026_2027,PB,2027-03-14,23.15923087044311,26.165291249393658,6.90813236773225,75.03115549668526
round_5_forecast_2026_2027,PB,2027-03-21,23.0874329575126,25.974654244618,6.917745140371055,76.72835583895935
round_5_forecast_2026_2027,PB,2027-03-28,23.116301209454907,25.93957379392573,6.934393513076673,77.45130480512282
round_5_forecast_2026_2027,PB,2027-04-04,23.082109892841927,25.962692876789973,6.823266344261463,76.50926061848689
round_5_forecast_2026_2027,PB,2027-04-11,23.031977940707662,25.820414891989895,6.887426335590303,78.06612170309471
round_5_forecast_2026_2027,PB,2027-04-18,22.97548866150477,25.77736353814086,6.8672135404718055,77.53679873066146
round_5_forecast_2026_2027,PB,2027-04-25,22.88442548923983,25.69208977980639,6.808250999425839,77.14937571975078
round_5_forecast_2026_2027,PB,2027-05-02,22.722928963776223,25.47434664870099,6.734750162196358,77.4323946859009
round_5_forecast_2026_2027,PB,2027-05-09,22.609816118839085,25.41433395943101,6.63468864173324,77.17014213666418
round_5_forecast_2026_2027,PB,2027-05-16,22.553894306552294,25.394624402435447,6.6284545736786695,76.41456508519322
round_5_forecast_2026_2027,PB,2027-05-23,22.379884944644385,25.13370597277378,6.711211824563278,77.22692665705901
round_5_forecast_2026_2027,PB,2027-05-30,22.198925334933747,24.865531938219053,6.69304377303046,78.00648868053639
round_5_forecast_2026_2027,PB,2027-06-06,21.863411149125103,24.59720399119447,6.672561721984842,77.5903625067279
round_5_forecast_2026_2027,PB,2027-06-13,21.668351375912856,24.284903119867653,6.639350895757597,77.30140310910681
round_5_forecast_2026_2027,PB,2027-06-20,21.426627784982855,24.006618621347563,6.723385288256599,77.96197455645483
round_5_forecast_2026_2027,PB,2027-06-27,21.142858664747777,23.788918512848817,6.588848655966473,77.39956095699827
round_5_forecast_2026_2027,PB,2027-07-04,21.038248542448947,23.691449672202765,6.604198802085422,77.42122213736597
round_5_forecast_2026_2027,PB,2027-07-11,20.960854622068688,23.694952827009644,6.523008414926542,76.82279676540152
round_5_forecast_2026_2027,PB,2027-07-18,20.688488971658895,23.634754138571317,6.245291586233454,74.70385150983562
round_5_forecast_2026_2027,PB,2027-07-25,20.643863952022468,23.591633066923173,6.251483844533545,74.25821694609355
round_5_forecast_2026_2027,PB,2027-08-01,20.56976815054748,23.543623433207387,6.305406513832296,73.9533055486666
round_5_forecast_2026_2027,PB,2027-08-08,20.478690902484523,23.70597563622271,5.994791697836961,72.35148160692678
round_5_forecast_2026_2027,PB,2027-08-15,20.49612181445453,23.737603826995823,5.955756275009659,71.63160572215249
round_5_forecast_2026_2027,PB,2027-08-22,20.7061964702127,23.948351467793778,6.113735499025049,71.72167422035474
round_5_forecast_2026_2027,PB,2027-08-29,20.80215362377448,24.260791393575573,5.796800594199086,70.30744277171527
round_5_forecast_2026_2027,PB,2027-09-05,20.939410290923583,24.341808484462753,5.906702710424699,69.7659242607099
round_5_forecast_2026_2027,PB,2027-09-12,21.04557078619567,24.426101369211473,5.87816339233579,69.94452254089798
round_5_forecast_2026_2027,PB,2027-09-19,21.273796450195235,24.849558737821635,5.702187447195214,68.3969422817267
round_5_forecast_2026_2027,PB,2027-09-26,21.557380835860258,25.24271277347978,5.54419361239308,67.30688017676007
round_5_forecast_2026_2027,PB,2027-10-03,21.80733042205887,25.52796519478031,5.568417779617025,66.39957629150594
round_5_forecast_2026_2027,PE,2026-03-15,22.8748730702956,25.707136438049695,6.923900181206728,76.92348661698651
round_5_forecast_2026_2027,PE,2026-03-22,22.882977266230434,25.68717972806693,6.915543869045001,77.36284167901452
round_5_forecast_2026_2027,PE,2026-03-29,22.8339698515216,25.647281955582702,6.820791251492254,76.46775768934995
round_5_forecast_2026_2027,PE,2026-04-05,23.320096319731167,26.076030279250727,6.869258321380245,75.8327161732359
round_5_forecast_2026_2027,PE,2026-04-12,23.239331435510984,25.96947557491568,6.8946251153533575,75.68559199388102
round_5_forecast_2026_2027,PE,2026-04-19,23.11861586809999,25.792706607494942,6.815991812500966,75.73274828700157
round_5_forecast_2026_2027,PE,2026-04-26,22.98958083102894,25.54614479438039,6.825586277988582,76.31590276137202
round_5_forecast_2026_2027,PE,2026-05-03,23.429572658957333,26.020333985362548,6.787695318968722,76.3425322259645
round_5_forecast_2026_2027,PE,2026-05-10,23.35007060368206,25.906992506674552,6.807217833758444,76.38385198610615
round_5_forecast_2026_2027,PE,2026-05-17,23.139867134681204,25.556715694509904,6.852271462707327,77.80025351240437
round_5_forecast_2026_2027,PE,2026-05-24,22.96850038075256,25.3382535267335,6.861655805748087,78.2583645807332
round_5_forecast_2026_2027,PE,2026-05-31,22.643402335452947,25.055605287145163,6.88096144460049,77.96704805494652
round_5_forecast_2026_2027,PE,2026-06-07,23.17568251173225,25.42283769780613,6.904912620090354,76.13826995596514
round_5_forecast_2026_2027,PE,2026-06-14,22.963259106921036,25.19942445563064,6.933509931544706,76.4825234565261
round_5_forecast_2026_2027,PE,2026-06-21,22.651691165693546,24.91039434340802,6.8898486036376125,76.43013539340893
round_5_forecast_2026_2027,PE,2026-06-28,22.530875277101245,24.78833731041401,6.8891939213179825,76.3658780546935
round_5_forecast_2026_2027,PE,2026-07-05,22.34309137728151,24.68634923172532,6.8818552342700565,75.20729637285507
round_5_forecast_2026_2027,PE,2026-07-12,22.08267809508603,24.57209733985808,6.794834196821458,73.54277889638045
round_5_forecast_2026_2027,PE,2026-07-19,22.036826610499546,24.516119605510028,6.843821635417688,73.01252006689374
round_5_forecast_2026_2027,PE,2026-07-26,21.924793208467435,24.415147177435628,6.810698387257628,73.15247987271941
round_5_forecast_2026_2027,PE,2026-08-02,20.98860812539367,23.718226132543744,6.664860682490611,73.39739986209922
round_5_forecast_2026_2027,PE,2026-08-09,21.005624066078003,23.707742293727097,6.709339118386403,73.08407354218117
round_5_forecast_2026_2027,PE,2026-08-16,21.19778088217751,23.92381252950943,6.739005701659462,73.18478458765613
round_5_forecast_2026_2027,PE,2026-08-23,21.28793758702497,24.242940159044725,6.549692858574404,71.56999240053817
round_5_forecast_2026_2027,PE,2026-08-30,21.40444720441084,24.343820060651936,6.514883751754369,70.87083360217808
round_5_forecast_2026_2027,PE,2026-09-06,20.632566336851024,23.512842698024787,6.601369083354089,72.05568064326884
round_5_forecast_2026_2027,PE,2026-09-13,20.831808786256538,23.973369823329993,6.381916405850137,70.20094155584783
round_5_forecast_2026_2027,PE,2026-09-20,21.16315186556935,24.468202514579374,6.21291578543806,68.53937370693198
round_5_forecast_2026_2027,PE,2026-09-27,21.48615855213073,24.7945471806779,6.176128123118279,67.44514184305022
round_5_forecast_2026_2027,PE,2026-10-04,21.530817837900063,24.768025654838933,6.315703089722289,70.19415791093034
round_5_forecast_2026_2027,PE,2026-10-11,21.75189909319821,25.017278059292536,6.361626249674282,70.03186459979257
round_5_forecast_2026_2027,PE,2026-10-18,21.933175385627266,25.31024663991698,6.332221322927772,68.95305160806394
round_5_forecast_2026_2027,PE,2026-10-25,22.158304999039657,25.60999838516923,6.30020305280133,68.115009401612
round_5_forecast_2026_2027,PE,2026-11-01,22.328020831684,25.681693339540892,6.375273457034378,68.46579770721907
round_5_forecast_2026_2027,PE,2026-11-08,22.31406555443375,25.786579541271863,6.25769844616866,67.5097469066036
round_5_forecast_2026_2027,PE,2026-11-15,22.544289752415096,25.979385382783224,6.295801695670729,67.48598393266735
round_5_forecast_2026_2027,PE,2026-11-22,22.572739069296347,25.91238443592363,6.462888383321458,68.49644339712341
round_5_forecast_2026_2027,PE,2026-11-29,22.77680628177441,26.182059177629633,6.435185352260816,68.49923692466807
round_5_forecast_2026_2027,PE,2026-12-06,22.76979357981788,25.991094973587764,6.60757194512697,68.96225340168677
round_5_forecast_2026_2027,PE,2026-12-13,22.80412269567834,25.923711637897764,6.697462753454293,70.33957829619439
round_5_forecast_2026_2027,PE,2026-12-20,22.761880446278987,25.95097679425612,6.383067991355247,69.83568862506172
round_5_forecast_2026_2027,PE,2026-12-27,22.841353662395218,26.00108391113188,6.6577866542654265,70.4987761243745
round_5_forecast_2026_2027,PE,2027-01-03,22.841353662395218,26.00108391113188,6.6577866542654265,70.4987761243745
round_5_forecast_2026_2027,PE,2027-01-10,22.855563085622705,25.94282436010012,6.811453700354221,71.34834418989135
round_5_forecast_2026_2027,PE,2027-01-17,22.735656881195073,25.742963213017365,6.75860547779236,72.89115859021646
round_5_forecast_2026_2027,PE,2027-01-24,22.826626674151964,25.822930853756013,6.834401904521911,73.36025933118763
round_5_forecast_2026_2027,PE,2027-01-31,22.899074806031525,25.991095383905737,6.826298991492135,72.31715682352427
round_5_forecast_2026_2027,PE,2027-02-07,22.905211958284077,26.010798405071583,6.821571028543058,72.73575003488419
round_5_forecast_2026_2027,PE,2027-02-14,22.847108416513233,25.809242989138927,6.867782135262174,73.96265623382351
round_5_forecast_2026_2027,PE,2027-02-21,22.817674519638285,25.728823289017782,6.916239341803452,75.67510347878543
round_5_forecast_2026_2027,PE,2027-02-28,22.928009246656085,25.892976507964136,6.858444032916086,74.8344524101336
round_5_forecast_2026_2027,PE,2027-03-07,22.961059265452004,25.975549665890636,6.8341503573000475,74.43912234250594
round_5_forecast_2026_2027,PE,2027-03-14,22.92108954349242,25.936613656678485,6.865416937554513,74.72578008043706
round_5_forecast_2026_2027,PE,2027-03-21,22.8748730702956,25.707136438049695,6.923900181206728,76.92348661698651
round_5_forecast_2026_2027,PE,2027-03-28,22.882977266230434,25.68717972806693,6.915543869045001,77.36284167901452
round_5_forecast_2026_2027,PE,2027-04-04,22.8339698515216,25.647281955582702,6.820791251492254,76.46775768934995
round_5_forecast_2026_2027,PE,2027-04-11,22.773240963355356,25.529174922874915,6.869258321380245,78.05731003822113
round_5_forecast_2026_2027,PE,2027-04-18,22.692476079135172,25.422620218539873,6.8946251153533575,77.91018585886626
round_5_forecast_2026_2027,PE,2027-04-25,22.571760511724182,25.24585125111913,6.815991812500966,77.95734215198681
round_5_forecast_2026_2027,PE,2027-05-02,22.44272547465313,24.999289438004578,6.825586277988582,78.54049662635725
round_5_forecast_2026_2027,PE,2027-05-09,22.2539531411723,24.84471446757751,6.787695318968722,78.76576114129384
round_5_forecast_2026_2027,PE,2027-05-16,22.174451085897022,24.73137298888952,6.807217833758444,78.80708090143547
round_5_forecast_2026_2027,PE,2027-05-23,21.96424761689617,24.38109617672487,6.852271462707327,80.22348242773369
round_5_forecast_2026_2027,PE,2027-05-30,21.792880862967525,24.162634008948466,6.861655805748087,80.68159349606253
round_5_forecast_2026_2027,PE,2027-06-06,21.467782817667914,23.879985769360133,6.88096144460049,80.39027697027585
round_5_forecast_2026_2027,PE,2027-06-13,21.298403995548263,23.54555918162214,6.904912620090354,80.2736331551427
round_5_forecast_2026_2027,PE,2027-06-20,21.085980590737044,23.32214593944665,6.933509931544706,80.61788665570366
round_5_forecast_2026_2027,PE,2027-06-27,20.774412649509554,23.033115827224023,6.8898486036376125,80.5654985925865
round_5_forecast_2026_2027,PE,2027-07-04,20.653596760917257,22.91105879423002,6.8891939213179825,80.50124125387106
round_5_forecast_2026_2027,PE,2027-07-11,20.552129220890595,22.89538707533441,6.8818552342700565,79.92109332322335
round_5_forecast_2026_2027,PE,2027-07-18,20.29171593869512,22.781135183467168,6.794834196821458,78.25657584674873
round_5_forecast_2026_2027,PE,2027-07-25,20.24586445410863,22.725157449119116,6.843821635417688,77.72631701726202
round_5_forecast_2026_2027,PE,2027-08-01,20.133831052076523,22.624185021044717,6.810698387257628,77.86627682308769
round_5_forecast_2026_2027,PE,2027-08-08,20.05737101968323,22.78698902683331,6.664860682490611,76.0425589146524
round_5_forecast_2026_2027,PE,2027-08-15,20.07438696036757,22.776505188016664,6.709339118386403,75.72923259473434
round_5_forecast_2026_2027,PE,2027-08-22,20.26654377646708,22.992575423798996,6.739005701659462,75.8299436402093
round_5_forecast_2026_2027,PE,2027-08-29,20.356700481314537,23.31170305333429,6.549692858574404,74.21515145309137
round_5_forecast_2026_2027,PE,2027-09-05,20.4732100987004,23.4125829549415,6.514883751754369,73.51599265473128
round_5_forecast_2026_2027,PE,2027-09-12,20.601008436302035,23.48128479747579,6.601369083354089,73.88833374758977
round_5_forecast_2026_2027,PE,2027-09-19,20.80025088570755,23.941811922781,6.381916405850137,72.03359466016875
round_5_forecast_2026_2027,PE,2027-09-26,21.131593965020357,24.43664461403039,6.21291578543806,70.37202681125291
round_5_forecast_2026_2027,PE,2027-10-03,21.454600651581735,24.76298928012891,6.176128123118279,69.27779494737113
round_5_forecast_2026_2027,PI,2026-03-15,22.670386606966737,25.559841938409196,6.9942695092180385,83.32223149678751
round_5_forecast_2026_2027,PI,2026-03-22,22.670715540722757,25.588329502639432,6.943052326670873,83.20046248752293
round_5_forecast_2026_2027,PI,2026-03-29,22.795748060923646,25.914292328880887,6.82035313168032,80.9204125845317
round_5_forecast_2026_2027,PI,2026-04-05,22.423109068352172,25.44419011549375,6.888107421079485,83.27214492523477
round_5_forecast_2026_2027,PI,2026-04-12,22.442279475676344,25.54778541254354,6.865761378678765,82.2175771502279
round_5_forecast_2026_2027,PI,2026-04-19,22.526865307509723,25.803052355262643,6.646904649959859,79.21839077427963
round_5_forecast_2026_2027,PI,2026-04-26,22.467104379386495,25.771316145234447,6.599057001401687,78.4371929878784
round_5_forecast_2026_2027,PI,2026-05-03,22.252734279373197,25.77070629929813,6.138739689536,81.77537102038579
round_5_forecast_2026_2027,PI,2026-05-10,22.3583832981222,25.969408686745716,6.186755477854995,79.7800426019449
round_5_forecast_2026_2027,PI,2026-05-17,22.390390277792765,26.04080066269853,6.049471681371017,77.78464131810271
round_5_forecast_2026_2027,PI,2026-05-24,22.26063110970964,26.09579459369945,5.76923178061484,75.83402734162861
round_5_forecast_2026_2027,PI,2026-05-31,22.20052330501948,26.20314999789565,5.43894591415722,72.38822871468443
round_5_forecast_2026_2027,PI,2026-06-07,22.95326599153729,26.98914382487806,5.051607644981736,69.13447312343435
round_5_forecast_2026_2027,PI,2026-06-14,22.909936310346037,27.042016167740687,4.9514022226494525,67.09693243169417
round_5_forecast_2026_2027,PI,2026-06-21,22.77978706739672,27.034970722742298,4.224397761127492,64.83868418286511
round_5_forecast_2026_2027,PI,2026-06-28,22.911735504410434,27.14690992243252,4.102436740142318,63.95712286229612
round_5_forecast_2026_2027,PI,2026-07-05,23.793683103625657,28.20183460035216,3.914806721890358,54.183092677422174
round_5_forecast_2026_2027,PI,2026-07-12,23.602623808791428,28.265699932704965,3.483216592717066,51.58269453437901
round_5_forecast_2026_2027,PI,2026-07-19,23.68009248504718,28.47293186483293,2.7805399977285905,49.5605050555135
round_5_forecast_2026_2027,PI,2026-07-26,23.697396049041757,28.597253654786336,2.4583797499908577,47.79232279927541
round_5_forecast_2026_2027,PI,2026-08-02,23.299832647968483,28.45698387482785,2.152834087943277,44.01582284269098
round_5_forecast_2026_2027,PI,2026-08-09,23.389150488218544,28.65103605500664,1.994721927449852,43.14770803576552
round_5_forecast_2026_2027,PI,2026-08-16,23.801090864472805,29.02781981321338,2.0513140595045205,42.45481051035155
round_5_forecast_2026_2027,PI,2026-08-23,23.96545831270261,29.422753931659383,2.439480288590376,41.96036465430541
round_5_forecast_2026_2027,PI,2026-08-30,24.08702252962703,29.569952751112805,2.4461424459235097,41.72825237376232
round_5_forecast_2026_2027,PI,2026-09-06,23.904285533173837,29.483780307014182,1.7470723215294055,38.05318159592413
round_5_forecast_2026_2027,PI,2026-09-13,24.144686670260125,29.7694520095444,2.468727765885997,38.83718666853035
round_5_forecast_2026_2027,PI,2026-09-20,24.433674515517627,30.08824213464472,2.7727637156123452,39.5156412878003
round_5_forecast_2026_2027,PI,2026-09-27,24.61495319653623,30.314239732259164,2.6699913891442035,39.02590525217806
round_5_forecast_2026_2027,PI,2026-10-04,24.82086285600618,30.322150219126343,3.101918456943369,44.65068262447053
round_5_forecast_2026_2027,PI,2026-10-11,24.800864064756897,29.998407957076353,3.7442139001399366,47.89754190439763
round_5_forecast_2026_2027,PI,2026-10-18,24.864519793473946,30.03532703574949,4.007758168113897,48.95296883154347
round_5_forecast_2026_2027,PI,2026-10-25,24.94297068593548,29.88161471462474,4.720564479132317,51.07621163608818
round_5_forecast_2026_2027,PI,2026-11-01,24.803527804021996,29.511352432071703,4.805717426881648,53.998042551986686
round_5_forecast_2026_2027,PI,2026-11-08,24.89608313040786,29.685124242891117,5.377405284393133,52.911621362311486
round_5_forecast_2026_2027,PI,2026-11-15,24.97283274072141,29.683654788870296,5.152066867896489,53.52204167883463
round_5_forecast_2026_2027,PI,2026-11-22,24.71739622353539,29.104900459932992,5.699985995171584,57.70427498151789
round_5_forecast_2026_2027,PI,2026-11-29,24.632091155493544,28.94776050457279,5.91123012689961,59.013185117387614
round_5_forecast_2026_2027,PI,2026-12-06,24.35058970320381,28.39216471017757,6.588701792179392,62.48523248004992
round_5_forecast_2026_2027,PI,2026-12-13,24.355376685331372,28.342725048038876,6.5097793112229025,63.34601238671115
round_5_forecast_2026_2027,PI,2026-12-20,24.146892513417928,27.997082487663825,6.423131816021027,65.82300460907993
round_5_forecast_2026_2027,PI,2026-12-27,23.807403408093112,27.431407385787203,6.831240920265833,69.81828058811925
round_5_forecast_2026_2027,PI,2027-01-03,23.807403408093112,27.431407385787203,6.831240920265833,69.81828058811925
round_5_forecast_2026_2027,PI,2027-01-10,23.51963816818667,26.93533828002285,6.904656653597354,72.93673456115374
round_5_forecast_2026_2027,PI,2027-01-17,23.313424391925572,26.61964748342233,6.811023246625411,74.55644647272148
round_5_forecast_2026_2027,PI,2027-01-24,23.088126523248917,26.22037011245538,6.944634102737684,78.16613632484963
round_5_forecast_2026_2027,PI,2027-01-31,23.174790537752408,26.57447858239008,6.9028086684482055,75.8656215217432
round_5_forecast_2026_2027,PI,2027-02-07,23.171825074800793,26.368608547594853,6.903215189288037,77.63932866429572
round_5_forecast_2026_2027,PI,2027-02-14,22.885363811817744,25.89763339580072,6.942147736845225,80.20412830284684
round_5_forecast_2026_2027,PI,2027-02-21,22.77543753565714,25.851131976357596,6.967097943814768,81.16608804266292
round_5_forecast_2026_2027,PI,2027-02-28,22.913066812416087,26.01507763759661,6.951391087744343,80.37783213750396
round_5_forecast_2026_2027,PI,2027-03-07,22.938541582642035,26.04485112705985,6.935307902521536,80.43242343123289
round_5_forecast_2026_2027,PI,2027-03-14,22.86964398126882,25.92456882518973,6.952355919527892,81.12889458729234
round_5_forecast_2026_2027,PI,2027-03-21,22.670386606966737,25.559841938409196,6.9942695092180385,83.32223149678751
round_5_forecast_2026_2027,PI,2027-03-28,22.670715540722757,25.588329502639432,6.943052326670873,83.20046248752293
round_5_forecast_2026_2027,PI,2027-04-04,22.795748060923646,25.914292328880887,6.82035313168032,80.9204125845317
round_5_forecast_2026_2027,PI,2027-04-11,22.82173356556097,25.842814612702547,6.888107421079485,81.68485984628157
round_5_forecast_2026_2027,PI,2027-04-18,22.84090397288514,25.946409909752337,6.865761378678765,80.63029207127471
round_5_forecast_2026_2027,PI,2027-04-25,22.92548980471852,26.20167685247144,6.646904649959859,77.63110569532643
round_5_forecast_2026_2027,PI,2027-05-02,22.86572887659529,26.169940642443237,6.599057001401687,76.84990790892522
round_5_forecast_2026_2027,PI,2027-05-09,23.033228599497644,26.551200619422577,6.138739689536,73.51866049331396
round_5_forecast_2026_2027,PI,2027-05-16,23.138877618246653,26.749903006870166,6.186755477854995,71.52333207487305
round_5_forecast_2026_2027,PI,2027-05-23,23.17088459791722,26.82129498282298,6.049471681371017,69.52793079103088
round_5_forecast_2026_2027,PI,2027-05-30,23.041125429834093,26.8762889138239,5.76923178061484,67.57731681455677
round_5_forecast_2026_2027,PI,2027-06-06,22.98101762514393,26.983644318020097,5.43894591415722,64.13151818761261
round_5_forecast_2026_2027,PI,2027-06-13,22.97922901334513,27.0151068466859,5.051607644981736,61.094164147485685
round_5_forecast_2026_2027,PI,2027-06-20,22.935899332153873,27.067979189548527,4.9514022226494525,59.05662345574551
round_5_forecast_2026_2027,PI,2027-06-27,22.80575008920456,27.060933744550137,4.224397761127492,56.79837520691644
round_5_forecast_2026_2027,PI,2027-07-04,22.937698526218277,27.172872944240364,4.102436740142318,55.91681388634745
round_5_forecast_2026_2027,PI,2027-07-11,22.8419255343401,27.250077031066606,3.914806721890358,54.970360910286345
round_5_forecast_2026_2027,PI,2027-07-18,22.65086623950587,27.313942363419407,3.483216592717066,52.36996276724318
round_5_forecast_2026_2027,PI,2027-07-25,22.728334915761625,27.521174295547375,2.7805399977285905,50.347773288377674
round_5_forecast_2026_2027,PI,2027-08-01,22.7456384797562,27.64549608550078,2.4583797499908577,48.57959103213959
round_5_forecast_2026_2027,PI,2027-08-08,22.80364223101722,27.960793457876584,2.152834087943277,47.246775158519846
round_5_forecast_2026_2027,PI,2027-08-15,22.89296007126729,28.154845638055377,1.994721927449852,46.37866035159438
round_5_forecast_2026_2027,PI,2027-08-22,23.304900447521543,28.53162939626212,2.0513140595045205,45.685762826180415
round_5_forecast_2026_2027,PI,2027-08-29,23.46926789575135,28.92656351470812,2.439480288590376,45.191316970134274
round_5_forecast_2026_2027,PI,2027-09-05,23.59083211267577,29.073762334161543,2.4461424459235097,44.959204689591175
round_5_forecast_2026_2027,PI,2027-09-12,23.83650135263496,29.415996126475303,1.7470723215294055,43.24659822366525
round_5_forecast_2026_2027,PI,2027-09-19,24.07690248972124,29.70166782900552,2.468727765885997,44.030603296271465
round_5_forecast_2026_2027,PI,2027-09-26,24.36589033497875,30.02045795410584,2.7727637156123452,44.70905791554143
round_5_forecast_2026_2027,PI,2027-10-03,24.54716901599736,30.246455551720288,2.6699913891442035,44.219321879919185
round_5_forecast_2026_2027,PR,2026-03-15,18.87352697056573,21.995782629862767,6.8060638542073875,81.7669717046562
round_5_forecast_2026_2027,PR,2026-03-22,17.819901125841856,21.205051021013706,6.323224604434455,79.44406160783245
round_5_forecast_2026_2027,PR,2026-03-29,18.005858391163567,21.375639906638195,6.2386740594659145,79.15988057366168
round_5_forecast_2026_2027,PR,2026-04-05,19.44807153536841,22.884814636471585,6.22738234303728,75.33516635906659
round_5_forecast_2026_2027,PR,2026-04-12,18.38689110247086,21.83315925078935,5.578034356803312,74.90558431590048
round_5_forecast_2026_2027,PR,2026-04-19,17.928923612195224,21.38845551584889,5.5730657173145755,75.6964062886109
round_5_forecast_2026_2027,PR,2026-04-26,17.14566981983191,20.744498024508527,5.158660750087978,74.18888123519251
round_5_forecast_2026_2027,PR,2026-05-03,17.539757973835073,20.954267807756775,5.370193730529451,76.30028030788739
round_5_forecast_2026_2027,PR,2026-05-10,17.082430375753255,20.33307190570699,5.50403197839861,76.83517913535609
round_5_forecast_2026_2027,PR,2026-05-17,16.896953354576134,20.171606460031125,5.171743363607771,77.53066374117708
round_5_forecast_2026_2027,PR,2026-05-24,15.974118376643537,19.19293025468092,5.33975823888773,79.02819798796835
round_5_forecast_2026_2027,PR,2026-05-31,15.832485874527828,19.109701436558534,4.9989807003345605,79.22898713460498
round_5_forecast_2026_2027,PR,2026-06-07,15.074702490780604,18.462785356112384,4.489909314999637,78.26537985468539
round_5_forecast_2026_2027,PR,2026-06-14,14.700846673605934,18.000658510869904,4.962869722796099,78.43747147334099
round_5_forecast_2026_2027,PR,2026-06-21,14.548287623181944,17.90833437225282,4.760090676913764,78.1882077828877
round_5_forecast_2026_2027,PR,2026-06-28,14.333060615759758,17.982691619487348,3.83263133457204,75.59217533394809
round_5_forecast_2026_2027,PR,2026-07-05,12.526353686165672,15.846313221822728,5.0278374063841085,80.50391522856583
round_5_forecast_2026_2027,PR,2026-07-12,11.774520069234718,15.512149414946112,4.4591558518051375,79.65472688166022
round_5_forecast_2026_2027,PR,2026-07-19,12.349476727529892,16.145692376365666,4.236597453118442,76.99208883823842
round_5_forecast_2026_2027,PR,2026-07-26,12.34462308611816,16.19009510622188,4.2869688153108125,78.41870933451052
round_5_forecast_2026_2027,PR,2026-08-02,11.444409072226415,15.40746137134765,4.566725480611017,78.97885725891712
round_5_forecast_2026_2027,PR,2026-08-09,11.155891360086288,15.315900515455116,4.325387685639935,77.03261538743787
round_5_forecast_2026_2027,PR,2026-08-16,11.997255600850128,16.33303125845707,4.189779083876414,74.88803236007038
round_5_forecast_2026_2027,PR,2026-08-23,11.605084737378204,15.72331896582214,4.907268087282043,77.33912984760867
round_5_forecast_2026_2027,PR,2026-08-30,12.497277048338006,16.80862679764446,4.787819764917901,76.5461857927585
round_5_forecast_2026_2027,PR,2026-09-06,13.593149462500753,17.875140119856127,5.113662971929648,71.61265563397484
round_5_forecast_2026_2027,PR,2026-09-13,13.18084566448495,17.397500074559876,5.7876681605893285,73.5724359362247
round_5_forecast_2026_2027,PR,2026-09-20,12.991280314561724,16.976284155637646,5.695276625773424,74.57328453534392
round_5_forecast_2026_2027,PR,2026-09-27,14.260932568577108,18.15259598017978,6.258255759610789,77.35643750795322
round_5_forecast_2026_2027,PR,2026-10-04,16.55158670770392,20.290613661254707,6.218764137195018,78.02202691586437
round_5_forecast_2026_2027,PR,2026-10-11,16.757520663882687,20.571696615273332,6.420741564960483,78.20504071008457
round_5_forecast_2026_2027,PR,2026-10-18,16.877631780830466,20.652286502575915,6.332341423518745,77.89007190305425
round_5_forecast_2026_2027,PR,2026-10-25,16.813342378499403,20.614243173159625,6.328977618175767,77.69785305295564
round_5_forecast_2026_2027,PR,2026-11-01,16.877436698029943,20.50830451862505,6.453113205189545,78.22869684092642
round_5_forecast_2026_2027,PR,2026-11-08,17.187878960033473,21.013758652825636,6.275000509294022,76.35887491880979
round_5_forecast_2026_2027,PR,2026-11-15,17.602783033728556,21.408864007242165,6.323018111504642,77.39543883539355
round_5_forecast_2026_2027,PR,2026-11-22,18.30682681770211,21.84895375963814,6.556476582913154,78.8070236380248
round_5_forecast_2026_2027,PR,2026-11-29,18.535600858282212,22.10201040357415,6.61408634421738,79.45914565730887
round_5_forecast_2026_2027,PR,2026-12-06,18.69169557977644,22.095180200249327,6.713770083142079,79.55976019374575
round_5_forecast_2026_2027,PR,2026-12-13,18.88126147798958,22.55263187123629,6.684373353992934,78.89212045675443
round_5_forecast_2026_2027,PR,2026-12-20,19.28297843644396,22.689872166197564,6.613736301451478,80.0673301677003
round_5_forecast_2026_2027,PR,2026-12-27,19.67084375394826,22.942119076974883,6.893313071185992,81.92682632472192
round_5_forecast_2026_2027,PR,2027-01-03,19.67084375394826,22.942119076974883,6.893313071185992,81.92682632472192
round_5_forecast_2026_2027,PR,2027-01-10,19.636809270253057,22.86742284914282,6.896267703950162,81.91191316472784
round_5_forecast_2026_2027,PR,2027-01-17,19.667632712035104,22.859126058201536,6.825569018104465,82.73039212838219
round_5_forecast_2026_2027,PR,2027-01-24,19.33156297031781,22.513748626464043,6.813623974777859,81.56989023490652
round_5_forecast_2026_2027,PR,2027-01-31,19.630798290739236,22.979764599444863,6.782965593817637,81.64612188306565
round_5_forecast_2026_2027,PR,2027-02-07,19.487512947392887,22.92238497749867,6.610030668728453,80.0616711212691
round_5_forecast_2026_2027,PR,2027-02-14,19.428622751487342,22.592351181664768,6.814339235082757,82.05652961007691
round_5_forecast_2026_2027,PR,2027-02-21,19.72662835215553,22.78125791893346,6.87599827100313,83.21390127968421
round_5_forecast_2026_2027,PR,2027-02-28,19.3930373856411,22.49635869210996,6.95307107149149,82.48009123718755
round_5_forecast_2026_2027,PR,2027-03-07,19.30555958691733,22.88372647028378,6.531622048057288,79.37249301452884
round_5_forecast_2026_2027,PR,2027-03-14,19.335358502091875,22.468959148695852,6.812139467791699,82.29623952961252
round_5_forecast_2026_2027,PR,2027-03-21,18.87352697056573,21.995782629862767,6.8060638542073875,81.7669717046562
round_5_forecast_2026_2027,PR,2027-03-28,17.819901125841856,21.205051021013706,6.323224604434455,79.44406160783245
round_5_forecast_2026_2027,PR,2027-04-04,18.005858391163567,21.375639906638195,6.2386740594659145,79.15988057366168
round_5_forecast_2026_2027,PR,2027-04-11,17.583281007262222,21.02002410836539,6.22738234303728,78.90573142401108
round_5_forecast_2026_2027,PR,2027-04-18,16.522100574364668,19.968368722683163,5.578034356803312,78.47614938084496
round_5_forecast_2026_2027,PR,2027-04-25,16.064133084089033,19.5236649877427,5.5730657173145755,79.26697135355538
round_5_forecast_2026_2027,PR,2027-05-02,15.28087929172572,18.87970749640234,5.158660750087978,77.75944630013699
round_5_forecast_2026_2027,PR,2027-05-09,14.227439781136765,17.64194961505847,5.370193730529451,78.86010967764749
round_5_forecast_2026_2027,PR,2027-05-16,13.770112183054948,17.02075371300868,5.50403197839861,79.39500850511618
round_5_forecast_2026_2027,PR,2027-05-23,13.584635161877824,16.85928826733282,5.171743363607771,80.09049311093717
round_5_forecast_2026_2027,PR,2027-05-30,12.661800183945228,15.880612061982614,5.33975823888773,81.58802735772844
round_5_forecast_2026_2027,PR,2027-06-06,12.52016768182952,15.797383243860228,4.9989807003345605,81.78881650436509
round_5_forecast_2026_2027,PR,2027-06-13,12.951737136432865,16.339820001764643,4.489909314999637,80.50361393045769
round_5_forecast_2026_2027,PR,2027-06-20,12.577881319258196,15.877693156522165,4.962869722796099,80.67570554911329
round_5_forecast_2026_2027,PR,2027-06-27,12.425322268834202,15.785369017905076,4.760090676913764,80.42644185866
round_5_forecast_2026_2027,PR,2027-07-04,12.210095261412016,15.859726265139606,3.83263133457204,77.83040940972037
round_5_forecast_2026_2027,PR,2027-07-11,12.042001183887376,15.36196071954443,5.0278374063841085,78.92534833736696
round_5_forecast_2026_2027,PR,2027-07-18,11.29016756695642,15.027796912667815,4.4591558518051375,78.07615999046135
round_5_forecast_2026_2027,PR,2027-07-25,11.865124225251597,15.66133987408737,4.236597453118442,75.41352194703954
round_5_forecast_2026_2027,PR,2027-08-01,11.860270583839863,15.70574260394358,4.2869688153108125,76.84014244331165
round_5_forecast_2026_2027,PR,2027-08-08,12.857723900070726,16.820776199191958,4.566725480611017,75.0949186011003
round_5_forecast_2026_2027,PR,2027-08-15,12.569206187930597,16.729215343299426,4.325387685639935,73.14867672962107
round_5_forecast_2026_2027,PR,2027-08-22,13.410570428694434,17.74634608630138,4.189779083876414,71.00409370225357
round_5_forecast_2026_2027,PR,2027-08-29,13.01839956522251,17.136633793666448,4.907268087282043,73.45519118979186
round_5_forecast_2026_2027,PR,2027-09-05,13.910591876182314,18.22194162548877,4.787819764917901,72.66224713494168
round_5_forecast_2026_2027,PR,2027-09-12,15.403829311123992,19.685819968479368,5.113662971929648,71.74290892801201
round_5_forecast_2026_2027,PR,2027-09-19,14.991525513108192,19.20817992318312,5.7876681605893285,73.70268923026187
round_5_forecast_2026_2027,PR,2027-09-26,14.801960163184969,18.78696400426089,5.695276625773424,74.70353782938108
round_5_forecast_2026_2027,PR,2027-10-03,16.071612417200352,19.963275828803024,6.258255759610789,77.48669080199039
round_5_forecast_2026_2027,RJ,2026-03-15,21.947290790940112,24.88327381291581,6.802288120666792,81.26808454729041
round_5_forecast_2026_2027,RJ,2026-03-22,21.298436381828903,23.936130218450227,6.973537897319828,82.83969365648696
round_5_forecast_2026_2027,RJ,2026-03-29,20.99735243943977,23.793005225584803,6.58460000450814,82.45763694456564
round_5_forecast_2026_2027,RJ,2026-04-05,20.653757542737136,23.55336066202423,6.717658293390661,83.75241165565127
round_5_forecast_2026_2027,RJ,2026-04-12,19.950303603222057,22.83842433602421,6.4031149176629665,82.47261135922092
round_5_forecast_2026_2027,RJ,2026-04-19,19.68806180742336,22.70236858969177,6.18952681912286,82.91510510120588
round_5_forecast_2026_2027,RJ,2026-04-26,18.65743099606294,22.007358184901577,5.619330179871688,81.65032413723233
round_5_forecast_2026_2027,RJ,2026-05-03,19.378930602060365,22.41280596423052,6.002740829614964,82.24705016932514
round_5_forecast_2026_2027,RJ,2026-05-10,18.95583923133113,21.949325058619305,5.723510027379288,82.16552147895867
round_5_forecast_2026_2027,RJ,2026-05-17,18.50136473668636,21.73891072251311,5.561172718506106,82.09585253064992
round_5_forecast_2026_2027,RJ,2026-05-24,18.49904363551715,21.582385616275133,5.814089620805392,82.76397460503198
round_5_forecast_2026_2027,RJ,2026-05-31,17.97567276953746,21.280782758809384,5.220771689880317,82.42541294076862
round_5_forecast_2026_2027,RJ,2026-06-07,16.968325650103907,20.63803435287799,4.6103069290502745,79.85454144509849
round_5_forecast_2026_2027,RJ,2026-06-14,16.761724989463804,20.237345781838723,4.925748605405415,80.15496870288091
round_5_forecast_2026_2027,RJ,2026-06-21,16.551307644589695,20.174209238623007,4.527142809871768,79.74488155976384
round_5_forecast_2026_2027,RJ,2026-06-28,16.323706560328947,19.936495287956554,4.659071189888158,79.48202131574834
round_5_forecast_2026_2027,RJ,2026-07-05,15.547917826012652,19.19748966293716,4.380175820659043,79.3516828572055
round_5_forecast_2026_2027,RJ,2026-07-12,15.23158567809055,18.84411751434755,4.678661796327659,79.38279688018886
round_5_forecast_2026_2027,RJ,2026-07-19,15.422892179407173,19.185365694481213,4.324617674235787,78.22259454362027
round_5_forecast_2026_2027,RJ,2026-07-26,15.352372238635404,18.970357176580706,4.965076884391065,79.29875992329569
round_5_forecast_2026_2027,RJ,2026-08-02,14.548031016878586,18.398241386310236,4.595162087827072,78.60564055988577
round_5_forecast_2026_2027,RJ,2026-08-09,14.245082413345289,18.102084065782257,4.947431166807234,77.14471236829614
round_5_forecast_2026_2027,RJ,2026-08-16,14.661361537767988,18.86645432561592,4.557808460171952,75.80201522015187
round_5_forecast_2026_2027,RJ,2026-08-23,15.16281164611458,18.712705779721738,5.4109282930647655,77.7437073890545
round_5_forecast_2026_2027,RJ,2026-08-30,15.395178838675772,19.076456969611357,5.342917252937326,76.98443980736629
round_5_forecast_2026_2027,RJ,2026-09-06,15.731935394453044,19.73793740620551,4.544122880147742,73.25136863912752
round_5_forecast_2026_2027,RJ,2026-09-13,15.881144901327458,19.563847604586925,5.539653212055477,74.40344429660064
round_5_forecast_2026_2027,RJ,2026-09-20,15.924807431698504,19.08512603062621,6.256556403232782,76.98306005935683
round_5_forecast_2026_2027,RJ,2026-09-27,16.751754422594868,20.081431860160365,5.90576492126202,77.19131930022482
round_5_forecast_2026_2027,RJ,2026-10-04,19.302818575471797,22.604667082707685,5.92675594280676,77.04581338876629
round_5_forecast_2026_2027,RJ,2026-10-11,19.730449540804724,22.81447770627175,6.234288116415009,77.98592972056001
round_5_forecast_2026_2027,RJ,2026-10-18,19.918510379367703,22.938262879618136,6.777453418857335,78.45718614698676
round_5_forecast_2026_2027,RJ,2026-10-25,20.067115886517655,22.879059152203055,6.741593899596604,79.01248428080221
round_5_forecast_2026_2027,RJ,2026-11-01,19.935507504644537,22.655532115970537,6.650379368162935,79.53174606606373
round_5_forecast_2026_2027,RJ,2026-11-08,20.51633704704893,23.354245460047284,6.6572397727009776,79.90342501083983
round_5_forecast_2026_2027,RJ,2026-11-15,20.584615871923468,23.391437636385135,6.663896797350029,80.47898121492594
round_5_forecast_2026_2027,RJ,2026-11-22,21.055996512870426,23.71326572171564,6.8036546465674625,80.60908601951486
round_5_forecast_2026_2027,RJ,2026-11-29,21.401920840786637,24.152451608292957,6.885890137674715,81.07251770943961
round_5_forecast_2026_2027,RJ,2026-12-06,21.72325243161034,24.482558038083873,6.781074546018085,81.2135098336984
round_5_forecast_2026_2027,RJ,2026-12-13,21.959209182787685,24.83583923077648,6.913296022099192,80.22996611883858
round_5_forecast_2026_2027,RJ,2026-12-20,22.248034971334217,24.936316492924806,6.513062312417521,81.41084072234703
round_5_forecast_2026_2027,RJ,2026-12-27,22.700883800741263,25.48718210504144,6.7466451768788565,80.79975671014624
round_5_forecast_2026_2027,RJ,2027-01-03,22.700883800741263,25.48718210504144,6.7466451768788565,80.79975671014624
round_5_forecast_2026_2027,RJ,2027-01-10,22.47639441903505,25.488644231624654,6.763874225769502,79.86160370780168
round_5_forecast_2026_2027,RJ,2027-01-17,22.702523442804953,25.76971586342773,6.631929409713858,78.70569355250194
round_5_forecast_2026_2027,RJ,2027-01-24,22.3336195344612,25.35678242772642,6.582843824213445,79.09110148229273
round_5_forecast_2026_2027,RJ,2027-01-31,22.609555314951084,25.746660399204444,6.5686972543395905,80.02332733416027
round_5_forecast_2026_2027,RJ,2027-02-07,22.460860896466315,25.544235244207236,6.51999048271059,79.4277916574127
round_5_forecast_2026_2027,RJ,2027-02-14,22.513628116845936,25.776113702701625,6.3761653160060465,78.59078997718754
round_5_forecast_2026_2027,RJ,2027-02-21,22.540424380458756,25.817759375401813,6.624587398136249,79.24078564709039
round_5_forecast_2026_2027,RJ,2027-02-28,22.348319666384047,25.426135124304537,6.5316889441250705,79.47014429266935
round_5_forecast_2026_2027,RJ,2027-03-07,22.22348717992683,25.42143545712591,6.672651737462372,79.92196478146468
round_5_forecast_2026_2027,RJ,2027-03-14,22.332480195258853,25.269243023992235,6.749370044694348,80.92452075554125
round_5_forecast_2026_2027,RJ,2027-03-21,21.947290790940112,24.88327381291581,6.802288120666792,81.26808454729041
round_5_forecast_2026_2027,RJ,2027-03-28,21.298436381828903,23.936130218450227,6.973537897319828,82.83969365648696
round_5_forecast_2026_2027,RJ,2027-04-04,20.99735243943977,23.793005225584803,6.58460000450814,82.45763694456564
round_5_forecast_2026_2027,RJ,2027-04-11,20.758275116209504,23.6578782354966,6.717658293390661,81.98288991171452
round_5_forecast_2026_2027,RJ,2027-04-18,20.054821176694425,22.94294190949658,6.4031149176629665,80.70308961528417
round_5_forecast_2026_2027,RJ,2027-04-25,19.792579380895727,22.806886163164133,6.18952681912286,81.14558335726915
round_5_forecast_2026_2027,RJ,2027-05-02,18.761948569535303,22.111875758373944,5.619330179871688,79.88080239329558
round_5_forecast_2026_2027,RJ,2027-05-09,18.20480809335079,21.238683455520945,6.002740829614964,80.87495800068548
round_5_forecast_2026_2027,RJ,2027-05-16,17.78171672262155,20.775202549909732,5.723510027379288,80.79342931031903
round_5_forecast_2026_2027,RJ,2027-05-23,17.327242227976786,20.564788213803535,5.561172718506106,80.72376036201027
round_5_forecast_2026_2027,RJ,2027-05-30,17.32492112680757,20.40826310756556,5.814089620805392,81.39188243639232
round_5_forecast_2026_2027,RJ,2027-06-06,16.801550260827884,20.10666025009981,5.220771689880317,81.05332077212897
round_5_forecast_2026_2027,RJ,2027-06-13,16.590034408005444,20.259743110779528,4.6103069290502745,79.4038508813692
round_5_forecast_2026_2027,RJ,2027-06-20,16.383433747365334,19.859054539740253,4.925748605405415,79.70427813915163
round_5_forecast_2026_2027,RJ,2027-06-27,16.173016402491225,19.795917996524544,4.527142809871768,79.29419099603456
round_5_forecast_2026_2027,RJ,2027-07-04,15.94541531823048,19.558204045858087,4.659071189888158,79.03133075201904
round_5_forecast_2026_2027,RJ,2027-07-11,15.981992687966589,19.6315645248911,4.380175820659043,78.17633618350426
round_5_forecast_2026_2027,RJ,2027-07-18,15.665660540044488,19.278192376301483,4.678661796327659,78.20745020648761
round_5_forecast_2026_2027,RJ,2027-07-25,15.856967041361113,19.61944055643515,4.324617674235787,77.04724786991902
round_5_forecast_2026_2027,RJ,2027-08-01,15.786447100589342,19.40443203853464,4.965076884391065,78.12341324959445
round_5_forecast_2026_2027,RJ,2027-08-08,16.321056341025777,20.171266710457427,4.595162087827072,76.98767641943789
round_5_forecast_2026_2027,RJ,2027-08-15,16.01810773749248,19.87510938992945,4.947431166807234,75.52674822784826
round_5_forecast_2026_2027,RJ,2027-08-22,16.434386861915176,20.63947964976311,4.557808460171952,74.18405107970399
round_5_forecast_2026_2027,RJ,2027-08-29,16.93583697026177,20.485731103868925,5.4109282930647655,76.12574324860663
round_5_forecast_2026_2027,RJ,2027-09-05,17.16820416282296,20.849482293758545,5.342917252937326,75.3664756669184
round_5_forecast_2026_2027,RJ,2027-09-12,18.04752572705926,22.053527738811724,4.544122880147742,73.79327185467203
round_5_forecast_2026_2027,RJ,2027-09-19,18.196735233933676,21.87943793719314,5.539653212055477,74.94534751214513
round_5_forecast_2026_2027,RJ,2027-09-26,18.24039776430472,21.400716363232423,6.256556403232782,77.52496327490132
round_5_forecast_2026_2027,RJ,2027-10-03,19.067344755201084,22.39702219276658,5.90576492126202,77.73322251576931
round_5_forecast_2026_2027,RN,2026-03-15,23.990198800939076,26.56448251103606,6.930176605102428,78.28974500030095
round_5_forecast_2026_2027,RN,2026-03-22,24.013994990376226,26.520942213791656,6.953192131950109,78.97158348814287
round_5_forecast_2026_2027,RN,2026-03-29,24.006491481470057,26.554691559622352,6.869944295021772,78.3746110923687
round_5_forecast_2026_2027,RN,2026-04-05,24.094840728285952,26.591315905129203,6.9404533494183225,78.33356190889765
round_5_forecast_2026_2027,RN,2026-04-12,24.0672335424574,26.605768518379243,6.874640122544897,77.58678088111422
round_5_forecast_2026_2027,RN,2026-04-19,24.048529914150187,26.57812105009639,6.847280942715524,77.172112672119
round_5_forecast_2026_2027,RN,2026-04-26,23.891488553240908,26.439581286464012,6.7048580317390325,76.98467875707092
round_5_forecast_2026_2027,RN,2026-05-03,23.98440307736999,26.596455672687057,6.7157990855706435,79.54404240885206
round_5_forecast_2026_2027,RN,2026-05-10,23.92983999795647,26.616322683848356,6.5083793452559,78.47203270638143
round_5_forecast_2026_2027,RN,2026-05-17,23.845290752375288,26.536723407667015,6.67083841406536,78.23141249322052
round_5_forecast_2026_2027,RN,2026-05-24,23.67157916483805,26.31629226928858,6.648296505094565,78.58404712180536
round_5_forecast_2026_2027,RN,2026-05-31,23.370488523843488,26.04907125536782,6.5816180695928415,78.33469941706278
round_5_forecast_2026_2027,RN,2026-06-07,24.2273941210493,26.86890122542829,6.577344755789586,73.94741841933767
round_5_forecast_2026_2027,RN,2026-06-14,23.946008133754457,26.54754684683614,6.688972330688844,74.9207466541381
round_5_forecast_2026_2027,RN,2026-06-21,23.767066769836195,26.408501972915435,6.482299238693882,73.97063673621567
round_5_forecast_2026_2027,RN,2026-06-28,23.644642465682495,26.293266592728973,6.525960143699859,74.10392331735841
round_5_forecast_2026_2027,RN,2026-07-05,24.14545412310138,26.849720541140712,6.447632142148233,68.89754852962614
round_5_forecast_2026_2027,RN,2026-07-12,23.893277198575788,26.862229433053493,5.98607178518898,66.42422665282004
round_5_forecast_2026_2027,RN,2026-07-19,23.85034278468867,26.86197525967863,6.000518989374165,65.72304224837838
round_5_forecast_2026_2027,RN,2026-07-26,23.797601886481047,26.904266939776367,5.970220468965851,64.6311785815183
round_5_forecast_2026_2027,RN,2026-08-02,23.059615448876414,26.36287426192863,5.427317276869522,64.21105223960619
round_5_forecast_2026_2027,RN,2026-08-09,23.084721983338067,26.422803868117548,5.414359951990812,63.35977516768206
round_5_forecast_2026_2027,RN,2026-08-16,23.24611317530134,26.562236158145343,5.598759490279056,63.680098292294666
round_5_forecast_2026_2027,RN,2026-08-23,23.402469868071385,26.829751186120596,5.4161965737261895,62.63415344873862
round_5_forecast_2026_2027,RN,2026-08-30,23.52214478717568,26.894127216555137,5.483786624571653,62.04375991110472
round_5_forecast_2026_2027,RN,2026-09-06,22.98423041840449,26.342652844943245,5.455038193094146,62.07063324572601
round_5_forecast_2026_2027,RN,2026-09-13,23.17613841787429,26.59250125673889,5.31777002296715,61.650068180983496
round_5_forecast_2026_2027,RN,2026-09-20,23.443168899910106,26.85979533787759,5.256990561125648,61.03874601777211
round_5_forecast_2026_2027,RN,2026-09-27,23.667847032276885,27.09068764122659,5.212935616465072,60.37597390686184
round_5_forecast_2026_2027,RN,2026-10-04,23.32455664085791,26.65561324881703,5.529200087145333,65.85047320043891
round_5_forecast_2026_2027,RN,2026-10-11,23.50530350709,26.787865708033916,5.62208304462249,66.26059300439286
round_5_forecast_2026_2027,RN,2026-10-18,23.609936972393985,26.91432191311937,5.606584782319667,65.790613090955
round_5_forecast_2026_2027,RN,2026-10-25,23.749997295642977,27.017039531599274,5.764529520726493,66.01192919097134
round_5_forecast_2026_2027,RN,2026-11-01,23.85935986016553,27.09395342991536,5.940828287628043,66.02484000070703
round_5_forecast_2026_2027,RN,2026-11-08,23.863217484166952,27.127902113538145,5.65913523929836,66.11154296902752
round_5_forecast_2026_2027,RN,2026-11-15,24.037676724554995,27.25596345520344,5.937175114032064,66.43340402634526
round_5_forecast_2026_2027,RN,2026-11-22,24.110669347393152,27.262281011660097,6.122118898791462,66.89743258661733
round_5_forecast_2026_2027,RN,2026-11-29,24.19441908115985,27.324462716083428,6.280391801357084,68.10230278713281
round_5_forecast_2026_2027,RN,2026-12-06,24.187498382630476,27.206740233807633,6.567930248024025,68.68349735154952
round_5_forecast_2026_2027,RN,2026-12-13,24.30085967687721,27.287319324001995,6.5697579757882725,69.04833003708997
round_5_forecast_2026_2027,RN,2026-12-20,24.25187865354641,27.284662843952876,6.268291337809888,68.66150701828767
round_5_forecast_2026_2027,RN,2026-12-27,24.254059090658,27.22978601306652,6.625864340380802,69.98705816937206
round_5_forecast_2026_2027,RN,2027-01-03,24.254059090658,27.22978601306652,6.625864340380802,69.98705816937206
round_5_forecast_2026_2027,RN,2027-01-10,24.237934151090325,27.151002205301936,6.778440207739683,70.73352138156325
round_5_forecast_2026_2027,RN,2027-01-17,24.130942910389855,26.97348928530589,6.7801347588713785,72.31343779988893
round_5_forecast_2026_2027,RN,2027-01-24,24.11793040235106,26.921886330787988,6.76510235051533,73.29162429762852
round_5_forecast_2026_2027,RN,2027-01-31,24.22518204732603,27.14292001996635,6.749813991373178,71.94982390841336
round_5_forecast_2026_2027,RN,2027-02-07,24.192454540430443,27.10128512096412,6.811894437569211,72.77156390314775
round_5_forecast_2026_2027,RN,2027-02-14,24.133842337755674,26.881522099059705,6.889758797844672,74.53017118534483
round_5_forecast_2026_2027,RN,2027-02-21,24.035285220354876,26.738292519910473,6.905024711181222,76.45720183791686
round_5_forecast_2026_2027,RN,2027-02-28,24.11079380384746,26.8130647137433,6.851543002283212,75.90122275592967
round_5_forecast_2026_2027,RN,2027-03-07,24.104588521472735,26.840915283598175,6.869816085457506,76.09519900353547
round_5_forecast_2026_2027,RN,2027-03-14,24.085116645364128,26.737682299679022,6.925015616663885,76.84211802979196
round_5_forecast_2026_2027,RN,2027-03-21,23.990198800939076,26.56448251103606,6.930176605102428,78.28974500030095
round_5_forecast_2026_2027,RN,2027-03-28,24.013994990376226,26.520942213791656,6.953192131950109,78.97158348814287
round_5_forecast_2026_2027,RN,2027-04-04,24.006491481470057,26.554691559622352,6.869944295021772,78.3746110923687
round_5_forecast_2026_2027,RN,2027-04-11,23.95025421687072,26.446729393713973,6.9404533494183225,79.49574473284846
round_5_forecast_2026_2027,RN,2027-04-18,23.92264703104216,26.461182006964005,6.874640122544897,78.74896370506504
round_5_forecast_2026_2027,RN,2027-04-25,23.90394340273495,26.43353453868115,6.847280942715524,78.3342954960698
round_5_forecast_2026_2027,RN,2027-05-02,23.74690204182567,26.294994775048774,6.7048580317390325,78.14686158102172
round_5_forecast_2026_2027,RN,2027-05-09,23.716090836515782,26.328143431832853,6.7157990855706435,77.4475053008184
round_5_forecast_2026_2027,RN,2027-05-16,23.66152775710227,26.348010442994152,6.5083793452559,76.37549559834777
round_5_forecast_2026_2027,RN,2027-05-23,23.576978511521084,26.26841116681281,6.67083841406536,76.13487538518687
round_5_forecast_2026_2027,RN,2027-05-30,23.403266923983846,26.047980028434377,6.648296505094565,76.4875100137717
round_5_forecast_2026_2027,RN,2027-06-06,23.102176282989284,25.780759014513617,6.5816180695928415,76.23816230902912
round_5_forecast_2026_2027,RN,2027-06-13,22.92736311345566,25.568870217834647,6.577344755789586,75.25885188902588
round_5_forecast_2026_2027,RN,2027-06-20,22.64597712616081,25.247515839242492,6.688972330688844,76.23218012382631
round_5_forecast_2026_2027,RN,2027-06-27,22.467035762242553,25.108470965321793,6.482299238693882,75.28207020590388
round_5_forecast_2026_2027,RN,2027-07-04,22.344611458088853,24.99323558513533,6.525960143699859,75.41535678704662
round_5_forecast_2026_2027,RN,2027-07-11,22.28943011375257,24.9936965317919,6.447632142148233,74.91207435486778
round_5_forecast_2026_2027,RN,2027-07-18,22.03725318922698,25.006205423704685,5.98607178518898,72.43875247806167
round_5_forecast_2026_2027,RN,2027-07-25,21.994318775339867,25.005951250329822,6.000518989374165,71.73756807362001
round_5_forecast_2026_2027,RN,2027-08-01,21.941577877132236,25.04824293042756,5.970220468965851,70.64570440675995
round_5_forecast_2026_2027,RN,2027-08-08,21.9169337659571,25.22019257900931,5.427317276869522,69.12577670676912
round_5_forecast_2026_2027,RN,2027-08-15,21.942040300418753,25.28012218519823,5.414359951990812,68.274499634845
round_5_forecast_2026_2027,RN,2027-08-22,22.103431492382025,25.41955447522603,5.598759490279056,68.5948227594576
round_5_forecast_2026_2027,RN,2027-08-29,22.25978818515207,25.687069503201283,5.4161965737261895,67.54887791590156
round_5_forecast_2026_2027,RN,2027-09-05,22.379463104256367,25.751445533635817,5.483786624571653,66.95848437826766
round_5_forecast_2026_2027,RN,2027-09-12,22.51925331328953,25.877675739828288,5.455038193094146,66.91611352473319
round_5_forecast_2026_2027,RN,2027-09-19,22.71116131275933,26.127524151623923,5.31777002296715,66.49554845999069
round_5_forecast_2026_2027,RN,2027-09-26,22.978191794795137,26.394818232762624,5.256990561125648,65.88422629677932
round_5_forecast_2026_2027,RN,2027-10-03,23.202869927161924,26.625710536111622,5.212935616465072,65.22145418586904
round_5_forecast_2026_2027,RO,2026-03-15,22.77972581055521,25.06520190207239,7.0,90.56075767673792
round_5_forecast_2026_2027,RO,2026-03-22,22.671374431768495,24.889247641627275,6.999039509820925,91.22326727115843
round_5_forecast_2026_2027,RO,2026-03-29,22.783094581404267,25.151239732655824,6.956178170697706,90.19620117365704
round_5_forecast_2026_2027,RO,2026-04-05,22.702682825763965,25.127810811939806,6.96253842421741,90.69418144886988
round_5_forecast_2026_2027,RO,2026-04-12,22.651810649432655,25.10378560500713,6.996359419284445,90.37387358588548
round_5_forecast_2026_2027,RO,2026-04-19,22.47343981476115,25.0583758313317,6.942324969758973,89.38610543915887
round_5_forecast_2026_2027,RO,2026-04-26,22.38769071726916,25.033615723935515,6.851457782207518,88.48870243989684
round_5_forecast_2026_2027,RO,2026-05-03,22.12387598457774,25.03208256101078,6.375180161885547,88.52985621776108
round_5_forecast_2026_2027,RO,2026-05-10,22.250556574395866,25.064905098410083,6.647555976088183,89.62199540235696
round_5_forecast_2026_2027,RO,2026-05-17,22.131042336737607,25.103658867910877,6.669610280412815,89.20504447779943
round_5_forecast_2026_2027,RO,2026-05-24,21.706992538740774,24.856829281703796,6.087576217269987,87.64290963250491
round_5_forecast_2026_2027,RO,2026-05-31,21.7238542414093,25.026904442538395,6.188996458890863,85.92891232906123
round_5_forecast_2026_2027,RO,2026-06-07,21.066332232660095,24.809599781000426,5.454917026522095,88.39089502909034
round_5_forecast_2026_2027,RO,2026-06-14,20.722028376853896,24.790909096596323,4.414170144476375,84.31197957075051
round_5_forecast_2026_2027,RO,2026-06-21,20.82986103646678,25.03384231292921,3.787195301060137,80.98721729897768
round_5_forecast_2026_2027,RO,2026-06-28,21.021422642147297,25.434196874897363,3.437698608363867,77.60777864983382
round_5_forecast_2026_2027,RO,2026-07-05,19.952801179641316,24.398885427284053,3.799111737031484,80.87282067335846
round_5_forecast_2026_2027,RO,2026-07-12,19.892009078055924,24.534152768352673,3.2581580305022757,78.05347020567142
round_5_forecast_2026_2027,RO,2026-07-19,20.065001695125947,24.935720612012275,3.041783024190627,75.08669577569748
round_5_forecast_2026_2027,RO,2026-07-26,20.311671987044935,25.408377016382108,2.508623358148174,72.99077722558707
round_5_forecast_2026_2027,RO,2026-08-02,20.458116636384425,25.45667207906886,3.215155815388127,64.35014377247936
round_5_forecast_2026_2027,RO,2026-08-09,20.562609153000917,25.529644028310347,3.541847918912333,65.13802919416553
round_5_forecast_2026_2027,RO,2026-08-16,21.050219732466697,25.941052341434595,4.1787010298414735,65.54228684086188
round_5_forecast_2026_2027,RO,2026-08-23,21.074638282668364,25.39652238881727,5.234418834397714,71.74229710051823
round_5_forecast_2026_2027,RO,2026-08-30,21.39365643597258,25.760817092853497,5.730820667959,73.13181221446315
round_5_forecast_2026_2027,RO,2026-09-06,23.11609212330548,27.359006445599096,6.124303226953702,61.63916216181304
round_5_forecast_2026_2027,RO,2026-09-13,23.31627490541138,27.435605461464935,6.563258017988746,63.50741688929441
round_5_forecast_2026_2027,RO,2026-09-20,23.14180310801012,26.834370173913452,6.841098117043207,68.41833617886343
round_5_forecast_2026_2027,RO,2026-09-27,23.17444321004399,26.799275615592094,6.96855053819151,70.93016015531323
round_5_forecast_2026_2027,RO,2026-10-04,23.596279875904056,27.067063102015684,6.985362574010938,80.03827778946474
round_5_forecast_2026_2027,RO,2026-10-11,23.426845323740046,26.723268660187752,6.976833462493441,82.02077779733227
round_5_forecast_2026_2027,RO,2026-10-18,23.41977748785702,26.515189140723887,6.995247910569979,83.60068124762205
round_5_forecast_2026_2027,RO,2026-10-25,23.174157290961812,26.098014454986583,6.912450214815579,84.79600572167466
round_5_forecast_2026_2027,RO,2026-11-01,23.166217146879664,26.03633274912821,6.909781715758485,85.74578193603674
round_5_forecast_2026_2027,RO,2026-11-08,23.170631551175788,25.917497385192135,6.984905632624746,86.77697193533955
round_5_forecast_2026_2027,RO,2026-11-15,23.111673627120048,25.704889832472077,6.99987565503933,88.00836618991868
round_5_forecast_2026_2027,RO,2026-11-22,23.205694186730703,25.815265781958185,6.997063535796377,87.83820563451715
round_5_forecast_2026_2027,RO,2026-11-29,23.104570959824045,25.59903093075063,7.0,88.57181776787843
round_5_forecast_2026_2027,RO,2026-12-06,23.055752138854697,25.450709502047797,6.9989151648602554,89.05298072764447
round_5_forecast_2026_2027,RO,2026-12-13,22.883054113665494,25.34004560472271,6.995458467158573,89.00033407252045
round_5_forecast_2026_2027,RO,2026-12-20,22.9598729398969,25.35165852181009,6.777777777777778,89.12660081114997
round_5_forecast_2026_2027,RO,2026-12-27,22.85503749277079,25.194861530641216,7.0,89.28336111800955
round_5_forecast_2026_2027,RO,2027-01-03,22.85503749277079,25.194861530641216,7.0,89.28336111800955
round_5_forecast_2026_2027,RO,2027-01-10,22.82185322451913,25.12469191222358,7.0,89.63459443506231
round_5_forecast_2026_2027,RO,2027-01-17,22.759867909299857,25.196065395890383,6.999834322178567,89.05820820394962
round_5_forecast_2026_2027,RO,2027-01-24,22.848271915393145,25.23992122307373,6.9997143923226295,89.23754369380634
round_5_forecast_2026_2027,RO,2027-01-31,22.87722147162066,25.217300678682303,7.0,89.35391777775784
round_5_forecast_2026_2027,RO,2027-02-07,22.91106192435096,25.229370209336203,7.0,89.578701358672
round_5_forecast_2026_2027,RO,2027-02-14,22.766622843708696,24.949328576964955,7.0,90.45730567553434
round_5_forecast_2026_2027,RO,2027-02-21,22.744070654051548,24.963184973905268,7.0,90.4768542888316
round_5_forecast_2026_2027,RO,2027-02-28,22.748451060068668,25.081019243840917,6.99935572319944,89.78579718042556
round_5_forecast_2026_2027,RO,2027-03-07,22.87428500442696,25.25354634434374,7.0,89.69707954603902
round_5_forecast_2026_2027,RO,2027-03-14,22.890880806104946,25.255824860403923,7.0,89.93151465540213
round_5_forecast_2026_2027,RO,2027-03-21,22.77972581055521,25.06520190207239,7.0,90.56075767673792
round_5_forecast_2026_2027,RO,2027-03-28,22.671374431768495,24.889247641627275,6.999039509820925,91.22326727115843
round_5_forecast_2026_2027,RO,2027-04-04,22.783094581404267,25.151239732655824,6.956178170697706,90.19620117365704
round_5_forecast_2026_2027,RO,2027-04-11,22.76586084250297,25.190988828678815,6.96253842421741,89.80057182712481
round_5_forecast_2026_2027,RO,2027-04-18,22.714988666171667,25.16696362174613,6.996359419284445,89.48026396414043
round_5_forecast_2026_2027,RO,2027-04-25,22.53661783150016,25.121553848070704,6.942324969758973,88.4924958174138
round_5_forecast_2026_2027,RO,2027-05-02,22.450868734008164,25.09679374067452,6.851457782207518,87.59509281815177
round_5_forecast_2026_2027,RO,2027-05-09,22.03117966538322,24.939386241816266,6.375180161885547,84.6596031879648
round_5_forecast_2026_2027,RO,2027-05-16,22.157860255201346,24.972208779215563,6.647555976088183,85.75174237256068
round_5_forecast_2026_2027,RO,2027-05-23,22.038346017543088,25.01096254871636,6.669610280412815,85.33479144800316
round_5_forecast_2026_2027,RO,2027-05-30,21.614296219546254,24.76413296250928,6.087576217269987,83.77265660270862
round_5_forecast_2026_2027,RO,2027-06-06,21.631157922214776,24.934208123343875,6.188996458890863,82.05865929926497
round_5_forecast_2026_2027,RO,2027-06-13,21.45727675898505,25.20054430732537,5.454917026522095,78.46395158992443
round_5_forecast_2026_2027,RO,2027-06-20,21.112972903178846,25.18185362292127,4.414170144476375,74.38503613158461
round_5_forecast_2026_2027,RO,2027-06-27,21.22080556279173,25.424786839254157,3.787195301060137,71.06027385981179
round_5_forecast_2026_2027,RO,2027-07-04,21.41236716847224,25.82514140122231,3.437698608363867,67.68083521066792
round_5_forecast_2026_2027,RO,2027-07-11,21.320473799088862,25.766558046731603,3.799111737031484,66.2378462942376
round_5_forecast_2026_2027,RO,2027-07-18,21.25968169750347,25.90182538780022,3.2581580305022757,63.41849582655057
round_5_forecast_2026_2027,RO,2027-07-25,21.432674314573493,26.30339323145983,3.041783024190627,60.45172139657662
round_5_forecast_2026_2027,RO,2027-08-01,21.679344606492485,26.776049635829654,2.508623358148174,58.35580284646621
round_5_forecast_2026_2027,RO,2027-08-08,22.198368590453217,27.196924033137645,3.215155815388127,58.53656432824335
round_5_forecast_2026_2027,RO,2027-08-15,22.302861107069702,27.26989598237913,3.541847918912333,59.324449749929514
round_5_forecast_2026_2027,RO,2027-08-22,22.790471686535476,27.681304295503377,4.1787010298414735,59.728707396625865
round_5_forecast_2026_2027,RO,2027-08-29,22.81489023673715,27.13677434288606,5.234418834397714,65.92871765628222
round_5_forecast_2026_2027,RO,2027-09-05,23.133908390041363,27.50106904692229,5.730820667959,67.31823277022716
round_5_forecast_2026_2027,RO,2027-09-12,23.404390265340755,27.647304587634377,6.124303226953702,69.7985511372775
round_5_forecast_2026_2027,RO,2027-09-19,23.60457304744666,27.72390360350021,6.563258017988746,71.66680586475886
round_5_forecast_2026_2027,RO,2027-09-26,23.4301012500454,27.12266831594873,6.841098117043207,76.57772515432788
round_5_forecast_2026_2027,RO,2027-10-03,23.462741352079263,27.08757375762737,6.96855053819151,79.08954913077767
round_5_forecast_2026_2027,RR,2026-03-15,24.493180505134212,28.04076212435659,6.065720807377232,65.21472614549683
round_5_forecast_2026_2027,RR,2026-03-22,24.450225412119153,27.966658701553776,6.30169998321539,65.96014369109582
round_5_forecast_2026_2027,RR,2026-03-29,24.25717045950191,27.4115535157786,6.277069036392616,70.41560468363137
round_5_forecast_2026_2027,RR,2026-04-05,25.123195295005235,28.29118948322464,6.1987239010765895,59.2059470466701
round_5_forecast_2026_2027,RR,2026-04-12,24.721740947935498,27.51800667116819,6.857725699903666,65.2335592174365
round_5_forecast_2026_2027,RR,2026-04-19,24.38368614726999,26.96590713553993,6.971333301957635,69.44335419297447
round_5_forecast_2026_2027,RR,2026-04-26,24.27375294553807,26.73529397056874,6.967362991975458,70.5178856595378
round_5_forecast_2026_2027,RR,2026-05-03,24.780558865113544,26.964375998727263,7.0,72.37102257017678
round_5_forecast_2026_2027,RR,2026-05-10,24.82295683916618,26.976151644854426,7.0,72.3240645316969
round_5_forecast_2026_2027,RR,2026-05-17,24.674230353479786,26.93982228694252,7.0,72.46853458857717
round_5_forecast_2026_2027,RR,2026-05-24,24.564378244592582,26.764320040857044,6.996743712747432,72.96191762734112
round_5_forecast_2026_2027,RR,2026-05-31,24.34642757768398,26.62995537895568,6.974725365460938,73.14874789621753
round_5_forecast_2026_2027,RR,2026-06-07,23.86849458633677,26.07636102761059,7.0,81.65522816707465
round_5_forecast_2026_2027,RR,2026-06-14,23.762004777754505,26.026464828772937,7.0,81.37947493911255
round_5_forecast_2026_2027,RR,2026-06-21,23.73921984551129,25.999153474736097,7.0,81.30155095087616
round_5_forecast_2026_2027,RR,2026-06-28,23.69441273875057,26.01933271464181,7.0,81.2024400740799
round_5_forecast_2026_2027,RR,2026-07-05,22.920454649243368,25.267208845466563,7.0,87.85178033190691
round_5_forecast_2026_2027,RR,2026-07-12,22.873468062985708,25.264757309198743,7.0,87.55951407902634
round_5_forecast_2026_2027,RR,2026-07-19,22.91841564226012,25.374694819756066,7.0,87.45511748422719
round_5_forecast_2026_2027,RR,2026-07-26,22.98817551137214,25.569832412824823,6.995552650989646,86.77607001841697
round_5_forecast_2026_2027,RR,2026-08-02,22.56278668387455,25.266773713770853,6.997946956883543,86.73935927837329
round_5_forecast_2026_2027,RR,2026-08-09,22.65654404744768,25.3751213366854,6.998796755863889,86.58198535034448
round_5_forecast_2026_2027,RR,2026-08-16,22.79706501375884,25.72131817974998,6.948247486785763,85.03234497768094
round_5_forecast_2026_2027,RR,2026-08-23,23.005839902114555,26.114463952362065,6.998741622792751,82.90127606350255
round_5_forecast_2026_2027,RR,2026-08-30,23.046484274867247,26.194481582558662,6.926638706893644,82.7583919782537
round_5_forecast_2026_2027,RR,2026-09-06,23.178699451538993,26.50608808023932,6.89981769122898,80.98957123546273
round_5_forecast_2026_2027,RR,2026-09-13,23.223302420261128,26.579945916971408,6.938889546020028,81.29831428966783
round_5_forecast_2026_2027,RR,2026-09-20,23.551239850550107,27.222985958304033,6.75066279426691,76.81257808565944
round_5_forecast_2026_2027,RR,2026-09-27,23.811876839149036,27.58375863752749,6.757135854134657,74.10740161026483
round_5_forecast_2026_2027,RR,2026-10-04,24.122665100584495,27.773772166066433,6.579385843618245,73.27881111286071
round_5_forecast_2026_2027,RR,2026-10-11,24.08946628936522,27.625259316222444,6.935986495677443,74.34648956532145
round_5_forecast_2026_2027,RR,2026-10-18,24.104244576277996,27.679591967078807,6.827810620451652,74.30880786909646
round_5_forecast_2026_2027,RR,2026-10-25,24.276133310786513,27.700747340203044,6.783194586109423,73.76301068543401
round_5_forecast_2026_2027,RR,2026-11-01,24.04335051549533,27.347690429641844,6.9164723559970005,76.19609215704433
round_5_forecast_2026_2027,RR,2026-11-08,24.18880085432907,27.542821793209797,6.854910581343094,74.52774508523663
round_5_forecast_2026_2027,RR,2026-11-15,24.14965002033892,27.566399609220095,6.779742599881966,73.78550193900251
round_5_forecast_2026_2027,RR,2026-11-22,24.283708074602327,27.55339487391476,6.972672322344481,73.25665208982082
round_5_forecast_2026_2027,RR,2026-11-29,24.16068682063829,27.47493966859945,6.825370864915542,71.92101701756503
round_5_forecast_2026_2027,RR,2026-12-06,24.1495885956666,27.36046285981748,6.7725970623183835,71.336324020095
round_5_forecast_2026_2027,RR,2026-12-13,24.074235427765547,27.168372927782656,6.723889987501087,71.77542132867221
round_5_forecast_2026_2027,RR,2026-12-20,23.891253945824353,27.047630460701303,6.596226701326786,71.51491213861559
round_5_forecast_2026_2027,RR,2026-12-27,23.76223309749223,27.009262886127324,6.217353030885487,69.6488411311455
round_5_forecast_2026_2027,RR,2027-01-03,23.76223309749223,27.009262886127324,6.217353030885487,69.6488411311455
round_5_forecast_2026_2027,RR,2027-01-10,23.99605129169951,27.450201320886364,6.042107764015198,66.06455262123242
round_5_forecast_2026_2027,RR,2027-01-17,24.07891786500017,27.46275120518027,6.10845515210326,65.94693053205309
round_5_forecast_2026_2027,RR,2027-01-24,24.085780789074775,27.68193473915186,5.784973502575144,63.456279633721934
round_5_forecast_2026_2027,RR,2027-01-31,24.12215765936134,27.54799273928318,5.8244847656100385,65.09709743178777
round_5_forecast_2026_2027,RR,2027-02-07,24.166983227709743,27.688172068391943,5.884958392415362,63.62176883478481
round_5_forecast_2026_2027,RR,2027-02-14,24.2310270309987,27.81283588766653,5.586682183908391,62.78300663972277
round_5_forecast_2026_2027,RR,2027-02-21,24.17463006171803,27.738924338995325,5.7569462617745435,63.793481047252385
round_5_forecast_2026_2027,RR,2027-02-28,24.417390038836643,27.993706379579933,6.050472997131776,63.26304381452668
round_5_forecast_2026_2027,RR,2027-03-07,24.483931063111683,28.06207098831202,5.780433736785628,63.61310631179979
round_5_forecast_2026_2027,RR,2027-03-14,24.37730994678585,27.97874598264052,5.733828770105186,64.2171968224583
round_5_forecast_2026_2027,RR,2027-03-21,24.493180505134212,28.04076212435659,6.065720807377232,65.21472614549683
round_5_forecast_2026_2027,RR,2027-03-28,24.450225412119153,27.966658701553776,6.30169998321539,65.96014369109582
round_5_forecast_2026_2027,RR,2027-04-04,24.25717045950191,27.4115535157786,6.277069036392616,70.41560468363137
round_5_forecast_2026_2027,RR,2027-04-11,24.266925353738188,27.4349195419576,6.1987239010765895,71.62055017751614
round_5_forecast_2026_2027,RR,2027-04-18,23.865471006668443,26.661736729901143,6.857725699903666,77.64816234828253
round_5_forecast_2026_2027,RR,2027-04-25,23.527416206002943,26.10963719427288,6.971333301957635,81.85795732382049
round_5_forecast_2026_2027,RR,2027-05-02,23.41748300427103,25.8790240293017,6.967362991975458,82.93248879038384
round_5_forecast_2026_2027,RR,2027-05-09,23.191188219414062,25.37500535302777,7.0,87.0587139305786
round_5_forecast_2026_2027,RR,2027-05-16,23.233586193466703,25.38678099915494,7.0,87.01175589209875
round_5_forecast_2026_2027,RR,2027-05-23,23.084859707780296,25.350451641243033,7.0,87.15622594897901
round_5_forecast_2026_2027,RR,2027-05-30,22.9750075988931,25.17494939515756,6.996743712747432,87.64960898774298
round_5_forecast_2026_2027,RR,2027-06-06,22.757056931984486,25.040584733256193,6.974725365460938,87.83643925661939
round_5_forecast_2026_2027,RR,2027-06-13,22.618067880658263,24.825934321932095,7.0,89.06734834857673
round_5_forecast_2026_2027,RR,2027-06-20,22.51157807207601,24.77603812309444,7.0,88.79159512061463
round_5_forecast_2026_2027,RR,2027-06-27,22.48879313983279,24.7487267690576,7.0,88.71367113237824
round_5_forecast_2026_2027,RR,2027-07-04,22.44398603307208,24.768906008963313,7.0,88.61456025558198
round_5_forecast_2026_2027,RR,2027-07-11,22.420239824147146,24.766994020370333,7.0,88.64040220693973
round_5_forecast_2026_2027,RR,2027-07-18,22.37325323788948,24.764542484102517,7.0,88.34813595405917
round_5_forecast_2026_2027,RR,2027-07-25,22.418200817163893,24.874479994659836,7.0,88.24373935926
round_5_forecast_2026_2027,RR,2027-08-01,22.487960686275915,25.06961758772859,6.995552650989646,87.5646918934498
round_5_forecast_2026_2027,RR,2027-08-08,22.64804868448015,25.352035714376456,6.997946956883543,86.63520292742625
round_5_forecast_2026_2027,RR,2027-08-15,22.74180604805328,25.460383337291,6.998796755863889,86.47782899939745
round_5_forecast_2026_2027,RR,2027-08-22,22.88232701436444,25.806580180355574,6.948247486785763,84.92818862673388
round_5_forecast_2026_2027,RR,2027-08-29,23.09110190272015,26.19972595296766,6.998741622792751,82.79711971255553
round_5_forecast_2026_2027,RR,2027-09-05,23.13174627547285,26.279743583164265,6.926638706893644,82.65423562730666
round_5_forecast_2026_2027,RR,2027-09-12,23.38602020990149,26.71340883860181,6.89981769122898,79.79911857482922
round_5_forecast_2026_2027,RR,2027-09-19,23.430623178623623,26.787266675333903,6.938889546020028,80.10786162903433
round_5_forecast_2026_2027,RR,2027-09-26,23.758560608912603,27.43030671666653,6.75066279426691,75.62212542502591
round_5_forecast_2026_2027,RR,2027-10-03,24.019197597511532,27.791079395889987,6.757135854134657,72.91694894963133
round_5_forecast_2026_2027,RS,2026-03-15,18.696010767334037,21.917110218782017,6.430457503412307,79.59112934660357
round_5_forecast_2026_2027,RS,2026-03-22,17.48993263274374,21.132422500912327,6.001438940760133,78.05977378302441
round_5_forecast_2026_2027,RS,2026-03-29,17.666291978679062,21.100418946831887,6.093555637121918,79.15927005560172
round_5_forecast_2026_2027,RS,2026-04-05,19.492797975133513,22.824804495426548,5.958688840866219,76.2116026081901
round_5_forecast_2026_2027,RS,2026-04-12,18.240262141985685,21.798470115554505,5.31191109694622,75.90025517808137
round_5_forecast_2026_2027,RS,2026-04-19,17.070794479664322,20.71754670153221,5.265292362923879,76.58911670198424
round_5_forecast_2026_2027,RS,2026-04-26,16.75566159245101,20.05051543210576,5.481838717606944,77.87261146532755
round_5_forecast_2026_2027,RS,2026-05-03,17.02902375476154,20.23209852980628,5.607360321820048,78.42599986647292
round_5_forecast_2026_2027,RS,2026-05-10,16.19117788951784,19.396930209964623,5.162092942526686,79.24263886630203
round_5_forecast_2026_2027,RS,2026-05-17,16.337612000058634,19.52573316328712,5.081557554696126,79.20298718909329
round_5_forecast_2026_2027,RS,2026-05-24,15.084979107687756,18.18512158949062,5.217158787186837,79.15267549229254
round_5_forecast_2026_2027,RS,2026-05-31,14.735880736780768,17.920707539724287,5.12992421908727,79.69068601840465
round_5_forecast_2026_2027,RS,2026-06-07,14.092910346689967,17.15230787368019,5.030534774610561,81.5411188573366
round_5_forecast_2026_2027,RS,2026-06-14,13.184762299625158,16.27851941493103,5.337860204863141,81.59197463446466
round_5_forecast_2026_2027,RS,2026-06-21,13.54593976459834,16.5946671967677,5.4376442980102935,81.26474802570577
round_5_forecast_2026_2027,RS,2026-06-28,13.209133427325233,16.521285726442656,4.6906550729670515,80.23752115065864
round_5_forecast_2026_2027,RS,2026-07-05,10.536067334557345,13.667251151697974,5.294940437164161,83.16974805271943
round_5_forecast_2026_2027,RS,2026-07-12,9.792347042460616,13.271644429651548,4.767884283968479,81.84015748827493
round_5_forecast_2026_2027,RS,2026-07-19,10.833026646554996,14.208588921941791,4.832929717475953,80.55142323776238
round_5_forecast_2026_2027,RS,2026-07-26,10.625679284110031,14.369037277669426,4.408937733887706,81.53623750393066
round_5_forecast_2026_2027,RS,2026-08-02,9.885119846841322,13.375124243816304,5.392964975811296,82.05500372251814
round_5_forecast_2026_2027,RS,2026-08-09,9.767375648737074,13.63300305404596,4.520420352688947,80.75096440958433
round_5_forecast_2026_2027,RS,2026-08-16,10.36444077099951,14.25502303767258,4.9486981414722715,80.19464874854383
round_5_forecast_2026_2027,RS,2026-08-23,9.845876585722268,13.697342975931829,4.828500553702394,80.19531071977053
round_5_forecast_2026_2027,RS,2026-08-30,10.816323459845568,14.696315568498315,5.0739737283952,80.3025262528572
round_5_forecast_2026_2027,RS,2026-09-06,11.396351712634056,15.030989512852582,5.502872930564822,79.50421264501333
round_5_forecast_2026_2027,RS,2026-09-13,11.470017302728962,15.137109912081538,5.968219097979881,80.34141866844624
round_5_forecast_2026_2027,RS,2026-09-20,11.120216027512708,15.04946159538477,5.433021420401178,78.46584668961695
round_5_forecast_2026_2027,RS,2026-09-27,12.469705934301537,16.151171677309698,6.05141015297432,79.63796213845688
round_5_forecast_2026_2027,RS,2026-10-04,14.74601857760399,18.377834368225457,6.046760606629409,79.95699974116687
round_5_forecast_2026_2027,RS,2026-10-11,15.094347131985955,18.879518806440753,6.083682151426937,79.80141910132396
round_5_forecast_2026_2027,RS,2026-10-18,15.223569340714583,19.312819226485153,5.604474109957734,76.93143261000657
round_5_forecast_2026_2027,RS,2026-10-25,15.431492181015836,19.47886883084414,5.737909545961846,77.1530658896235
round_5_forecast_2026_2027,RS,2026-11-01,15.780199641234947,19.764592790586647,5.978651219904807,76.49024193050018
round_5_forecast_2026_2027,RS,2026-11-08,16.261452993960344,20.37532570077167,5.681864887823299,75.2486511411717
round_5_forecast_2026_2027,RS,2026-11-15,16.781205962749027,20.941795001832823,5.561240364031771,75.22085437883038
round_5_forecast_2026_2027,RS,2026-11-22,17.74908996630986,21.729588887744363,5.897179040086982,75.48124726321798
round_5_forecast_2026_2027,RS,2026-11-29,17.801883190399952,21.78334332845606,6.048014769925848,74.69014089807351
round_5_forecast_2026_2027,RS,2026-12-06,18.246940537526267,22.409739531141955,6.0830090200724545,73.71061011042295
round_5_forecast_2026_2027,RS,2026-12-13,18.957239790662804,22.980055735655373,6.3315286484434665,75.86008844949603
round_5_forecast_2026_2027,RS,2026-12-20,19.085075771489393,23.074335030244765,5.819017646932118,74.89561387109788
round_5_forecast_2026_2027,RS,2026-12-27,19.883233147160485,23.73283922120016,6.461769946920966,75.85953346398183
round_5_forecast_2026_2027,RS,2027-01-03,19.883233147160485,23.73283922120016,6.461769946920966,75.85953346398183
round_5_forecast_2026_2027,RS,2027-01-10,20.12477228278958,24.120691226954634,6.319528274923159,75.61255292654616
round_5_forecast_2026_2027,RS,2027-01-17,19.995120044893252,23.779457854891085,6.420578825186907,77.27416331185408
round_5_forecast_2026_2027,RS,2027-01-24,19.83834409300628,23.595879982822623,6.525837136711911,75.99953852457872
round_5_forecast_2026_2027,RS,2027-01-31,20.368436292522176,24.175695969397022,6.388741016218892,77.29723851745227
round_5_forecast_2026_2027,RS,2027-02-07,20.155145434056266,24.17225563568026,6.397522205389607,75.50954293372786
round_5_forecast_2026_2027,RS,2027-02-14,19.8917268028066,23.6035345625738,6.4759611996383715,76.51840247150946
round_5_forecast_2026_2027,RS,2027-02-21,19.94107668492199,23.511871822643183,6.570290745077893,78.20404439871659
round_5_forecast_2026_2027,RS,2027-02-28,19.624124597001114,23.207307345312017,6.469561766230775,78.32494284013522
round_5_forecast_2026_2027,RS,2027-03-07,19.552044715593897,23.299043760952102,6.077327533283831,77.7570764023096
round_5_forecast_2026_2027,RS,2027-03-14,19.09915964495481,22.71488009205104,6.1893993197141715,77.87574854645788
round_5_forecast_2026_2027,RS,2027-03-21,18.696010767334037,21.917110218782017,6.430457503412307,79.59112934660357
round_5_forecast_2026_2027,RS,2027-03-28,17.48993263274374,21.132422500912327,6.001438940760133,78.05977378302441
round_5_forecast_2026_2027,RS,2027-04-04,17.666291978679062,21.100418946831887,6.093555637121918,79.15927005560172
round_5_forecast_2026_2027,RS,2027-04-11,17.10238400752135,20.434390527814383,5.958688840866219,79.52255247252916
round_5_forecast_2026_2027,RS,2027-04-18,15.849848174373529,19.408056147942347,5.31191109694622,79.21120504242042
round_5_forecast_2026_2027,RS,2027-04-25,14.680380512052162,18.327132733920052,5.265292362923879,79.90006656632329
round_5_forecast_2026_2027,RS,2027-05-02,14.36524762483885,17.6601014644936,5.481838717606944,81.18356132966662
round_5_forecast_2026_2027,RS,2027-05-09,13.362552318393131,16.56562709343787,5.607360321820048,81.33751086058726
round_5_forecast_2026_2027,RS,2027-05-16,12.524706453149433,15.730458773596212,5.162092942526686,82.15414986041637
round_5_forecast_2026_2027,RS,2027-05-23,12.671140563690226,15.859261726918712,5.081557554696126,82.11449818320762
round_5_forecast_2026_2027,RS,2027-05-30,11.418507671319349,14.518650153122213,5.217158787186837,82.06418648640688
round_5_forecast_2026_2027,RS,2027-06-06,11.069409300412358,14.254236103355876,5.12992421908727,82.602197012519
round_5_forecast_2026_2027,RS,2027-06-13,11.578168224978915,14.637565751969138,5.030534774610561,83.10664687594041
round_5_forecast_2026_2027,RS,2027-06-20,10.670020177914106,13.763777293219976,5.337860204863141,83.15750265306848
round_5_forecast_2026_2027,RS,2027-06-27,11.031197642887284,14.079925075056645,5.4376442980102935,82.83027604430957
round_5_forecast_2026_2027,RS,2027-07-04,10.69439130561418,14.006543604731602,4.6906550729670515,81.80304916926245
round_5_forecast_2026_2027,RS,2027-07-11,9.98054907263048,13.111732889771112,5.294940437164161,82.81387273063245
round_5_forecast_2026_2027,RS,2027-07-18,9.236828780533754,12.716126167724685,4.767884283968479,81.48428216618795
round_5_forecast_2026_2027,RS,2027-07-25,10.277508384628131,13.653070660014931,4.832929717475953,80.19554791567539
round_5_forecast_2026_2027,RS,2027-08-01,10.070161022183171,13.813519015742566,4.408937733887706,81.18036218184368
round_5_forecast_2026_2027,RS,2027-08-08,11.18836175399098,14.678366150965962,5.392964975811296,80.42748418675806
round_5_forecast_2026_2027,RS,2027-08-15,11.07061755588673,14.936244961195618,4.520420352688947,79.12344487382427
round_5_forecast_2026_2027,RS,2027-08-22,11.667682678149168,15.558264944822238,4.9486981414722715,78.56712921278377
round_5_forecast_2026_2027,RS,2027-08-29,11.149118492871924,15.000584883081483,4.828500553702394,78.56779118401046
round_5_forecast_2026_2027,RS,2027-09-05,12.119565366995223,15.999557475647974,5.0739737283952,78.67500671709713
round_5_forecast_2026_2027,RS,2027-09-12,13.053422653484564,16.68806045370309,5.502872930564822,79.48280952659735
round_5_forecast_2026_2027,RS,2027-09-19,13.127088243579472,16.794180852932044,5.968219097979881,80.32001555003026
round_5_forecast_2026_2027,RS,2027-09-26,12.77728696836322,16.706532536235276,5.433021420401178,78.44444357120098
round_5_forecast_2026_2027,RS,2027-10-03,14.126776875152046,17.808242618160207,6.05141015297432,79.6165590200409
round_5_forecast_2026_2027,SC,2026-03-15,19.407599922833576,22.151083556958355,6.895209821442036,82.99211865464456
round_5_forecast_2026_2027,SC,2026-03-22,18.282248791248776,21.191626474907128,6.726922681832821,81.73213427619041
round_5_forecast_2026_2027,SC,2026-03-29,18.403191381638397,21.19674442286984,6.745137343285523,82.79659202117597
round_5_forecast_2026_2027,SC,2026-04-05,19.47807427609168,22.37425869446679,6.601034739971466,80.60958314991527
round_5_forecast_2026_2027,SC,2026-04-12,18.46426234847872,21.47842924287303,6.277570753406676,79.92134773825559
round_5_forecast_2026_2027,SC,2026-04-19,17.809065213854126,20.819109036433545,6.2456621838125805,80.22101449227482
round_5_forecast_2026_2027,SC,2026-04-26,17.17969127039946,20.238954758382025,6.24219981199717,80.47159865623509
round_5_forecast_2026_2027,SC,2026-05-03,17.688446019199432,20.635233892620914,6.279729933401125,81.03024120811337
round_5_forecast_2026_2027,SC,2026-05-10,17.06683895065892,19.93389379417493,6.020382654637645,81.64141871563106
round_5_forecast_2026_2027,SC,2026-05-17,17.051998880272535,19.944791225550425,5.898463570569044,82.3267624405703
round_5_forecast_2026_2027,SC,2026-05-24,16.022307164771927,18.937444371913394,5.729420718666452,81.50140725282029
round_5_forecast_2026_2027,SC,2026-05-31,15.523243816703395,18.59679207541373,5.500446762048376,82.29200088892938
round_5_forecast_2026_2027,SC,2026-06-07,15.267686967350372,18.222101186738687,5.605898150692911,82.61941083220883
round_5_forecast_2026_2027,SC,2026-06-14,14.732407232349118,17.572909875260724,6.012742219806101,82.77828740964425
round_5_forecast_2026_2027,SC,2026-06-21,14.65947314855049,17.54110936210103,5.900322171909887,82.79963393761196
round_5_forecast_2026_2027,SC,2026-06-28,14.27256396579202,17.481556767030444,5.270799878874066,81.3288506685587
round_5_forecast_2026_2027,SC,2026-07-05,12.514392830389276,15.407712241852805,5.894287692059081,83.48958099788229
round_5_forecast_2026_2027,SC,2026-07-12,11.759851210849968,14.999639753715885,5.456281515553444,82.22191546936432
round_5_forecast_2026_2027,SC,2026-07-19,12.305814427121977,15.557325593656875,5.543793551595222,81.6203775424472
round_5_forecast_2026_2027,SC,2026-07-26,12.31888286743976,15.570508133914249,5.555233086949538,82.44648778606192
round_5_forecast_2026_2027,SC,2026-08-02,11.619170394442651,14.722179772882608,6.015168600139412,83.35902769419978
round_5_forecast_2026_2027,SC,2026-08-09,11.322660130399733,14.74069661053734,5.664752472384154,82.23993938340446
round_5_forecast_2026_2027,SC,2026-08-16,12.06975995185404,15.535206450500162,5.79809368152777,81.79229003696932
round_5_forecast_2026_2027,SC,2026-08-23,11.738855662576237,14.995054907787408,6.0860105521325725,81.62204077040315
round_5_forecast_2026_2027,SC,2026-08-30,12.465531316800634,15.753832291483128,6.07578674379079,81.66034189189183
round_5_forecast_2026_2027,SC,2026-09-06,13.16202086250778,16.28831143300568,6.333285671949918,82.03430885135725
round_5_forecast_2026_2027,SC,2026-09-13,12.990626667588844,16.07006837907264,6.666061231172458,82.11494629985864
round_5_forecast_2026_2027,SC,2026-09-20,12.784167731771316,15.892544877272444,6.446486260344072,80.45617386185523
round_5_forecast_2026_2027,SC,2026-09-27,13.995986537196188,16.859438740366365,6.739600550315157,82.84873050520112
round_5_forecast_2026_2027,SC,2026-10-04,15.993175431337589,18.766709684693964,6.794004586636139,83.54173113338734
round_5_forecast_2026_2027,SC,2026-10-11,16.22780325897013,19.09053311758155,6.7840064260373145,82.99419741575241
round_5_forecast_2026_2027,SC,2026-10-18,16.487187020753222,19.52181948152893,6.651470040644123,81.07359379916272
round_5_forecast_2026_2027,SC,2026-10-25,16.52936343399365,19.581717346450244,6.638799622972086,80.75090144965165
round_5_forecast_2026_2027,SC,2026-11-01,16.68321817933856,19.617203873364875,6.77752164194963,80.84193967735037
round_5_forecast_2026_2027,SC,2026-11-08,17.142846732837064,20.274343585375405,6.558902089559548,79.88451748508264
round_5_forecast_2026_2027,SC,2026-11-15,17.614014930403464,20.740077158616284,6.676138682298548,80.00450381773145
round_5_forecast_2026_2027,SC,2026-11-22,18.3688032537855,21.220505281958346,6.786144996507938,81.57518149964783
round_5_forecast_2026_2027,SC,2026-11-29,18.512426954196776,21.472130424464225,6.817164838523136,80.77729516499436
round_5_forecast_2026_2027,SC,2026-12-06,18.863649326456212,21.829805521541427,6.83774181085715,80.48057231619897
round_5_forecast_2026_2027,SC,2026-12-13,19.36196253716548,22.478829721599865,6.863100869210778,80.99822224531607
round_5_forecast_2026_2027,SC,2026-12-20,19.581604149659288,22.530148885405666,6.617206636208278,81.05850923731518
round_5_forecast_2026_2027,SC,2026-12-27,20.216362754291676,23.125308957689793,6.942115971224455,82.19737102309044
round_5_forecast_2026_2027,SC,2027-01-03,20.216362754291676,23.125308957689793,6.942115971224455,82.19737102309044
round_5_forecast_2026_2027,SC,2027-01-10,20.2827815612933,23.261381565520537,6.893717502541046,81.9969742104776
round_5_forecast_2026_2027,SC,2027-01-17,20.270881987377024,23.22845347099979,6.895757518115274,82.79831047794526
round_5_forecast_2026_2027,SC,2027-01-24,19.92663364932718,22.833018410482545,6.840862852147653,81.58922147145229
round_5_forecast_2026_2027,SC,2027-01-31,20.440139683737343,23.493571526066336,6.905484069170066,82.48336611205902
round_5_forecast_2026_2027,SC,2027-02-07,20.269183120338937,23.358970120109426,6.8550064308364425,81.4715442622582
round_5_forecast_2026_2027,SC,2027-02-14,20.16463950973233,23.11053144864579,6.906396388545652,82.31952456537482
round_5_forecast_2026_2027,SC,2027-02-21,20.39294476822206,23.14082790805331,6.959887918098522,83.7198196966223
round_5_forecast_2026_2027,SC,2027-02-28,20.041986488704673,22.849016493896503,6.942153170989542,83.14613686427376
round_5_forecast_2026_2027,SC,2027-03-07,20.01862451713429,22.988983410673026,6.800682554843314,82.41582527280234
round_5_forecast_2026_2027,SC,2027-03-14,19.859810233633468,22.646379905383576,6.854946629827725,83.05132450134676
round_5_forecast_2026_2027,SC,2027-03-21,19.407599922833576,22.151083556958355,6.895209821442036,82.99211865464456
round_5_forecast_2026_2027,SC,2027-03-28,18.282248791248776,21.191626474907128,6.726922681832821,81.73213427619041
round_5_forecast_2026_2027,SC,2027-04-04,18.403191381638397,21.19674442286984,6.745137343285523,82.79659202117597
round_5_forecast_2026_2027,SC,2027-04-11,17.919695300080406,20.815879718455516,6.601034739971466,82.69831213435704
round_5_forecast_2026_2027,SC,2027-04-18,16.905883372467446,19.920050266861757,6.277570753406676,82.01007672269738
round_5_forecast_2026_2027,SC,2027-04-25,16.250686237842853,19.260730060422276,6.2456621838125805,82.3097434767166
round_5_forecast_2026_2027,SC,2027-05-02,15.621312294388188,18.680575782370752,6.24219981199717,82.56032764067687
round_5_forecast_2026_2027,SC,2027-05-09,14.563134983824233,17.509922857245716,6.279729933401125,82.16473075177747
round_5_forecast_2026_2027,SC,2027-05-16,13.94152791528372,16.80858275879973,6.020382654637645,82.77590825929516
round_5_forecast_2026_2027,SC,2027-05-23,13.926687844897334,16.819480190175227,5.898463570569044,83.46125198423441
round_5_forecast_2026_2027,SC,2027-05-30,12.896996129396731,15.812133336538194,5.729420718666452,82.63589679648437
round_5_forecast_2026_2027,SC,2027-06-06,12.397932781328198,15.47148104003853,5.500446762048376,83.42649043259348
round_5_forecast_2026_2027,SC,2027-06-13,12.969572200437655,15.923986419825974,5.605898150692911,84.12207576883863
round_5_forecast_2026_2027,SC,2027-06-20,12.434292465436403,15.274795108348007,6.012742219806101,84.28095234627406
round_5_forecast_2026_2027,SC,2027-06-27,12.361358381637777,15.242994595188314,5.900322171909887,84.30229887424176
round_5_forecast_2026_2027,SC,2027-07-04,11.974449198879306,15.183442000117733,5.270799878874066,82.8315156051885
round_5_forecast_2026_2027,SC,2027-07-11,11.794762628733334,14.688082040196864,5.894287692059081,83.87242700570823
round_5_forecast_2026_2027,SC,2027-07-18,11.040221009194026,14.280009552059942,5.456281515553444,82.60476147719027
round_5_forecast_2026_2027,SC,2027-07-25,11.586184225466036,14.837695392000937,5.543793551595222,82.00322355027315
round_5_forecast_2026_2027,SC,2027-08-01,11.599252665783824,14.850877932258308,5.555233086949538,82.82933379388788
round_5_forecast_2026_2027,SC,2027-08-08,12.530038372690331,15.633047751130288,6.015168600139412,82.52226993353325
round_5_forecast_2026_2027,SC,2027-08-15,12.233528108647414,15.65156458878502,5.664752472384154,81.40318162273793
round_5_forecast_2026_2027,SC,2027-08-22,12.98062793010172,16.446074428747846,5.79809368152777,80.95553227630278
round_5_forecast_2026_2027,SC,2027-08-29,12.649723640823916,15.90592288603509,6.0860105521325725,80.7852830097366
round_5_forecast_2026_2027,SC,2027-09-05,13.376399295048314,16.66470026973081,6.07578674379079,80.8235841312253
round_5_forecast_2026_2027,SC,2027-09-12,14.622689247834243,17.748979818332142,6.333285671949918,81.96728894237835
round_5_forecast_2026_2027,SC,2027-09-19,14.45129505291531,17.530736764399105,6.666061231172458,82.04792639087975
round_5_forecast_2026_2027,SC,2027-09-26,14.244836117097782,17.353213262598906,6.446486260344072,80.38915395287634
round_5_forecast_2026_2027,SC,2027-10-03,15.456654922522654,18.320107125692832,6.739600550315157,82.78171059622223
round_5_forecast_2026_2027,SE,2026-03-15,23.968071962709264,26.45420081351991,6.938131606480216,78.1164226962627
round_5_forecast_2026_2027,SE,2026-03-22,23.979563012947217,26.47291140956931,6.96908237092718,77.86610129957216
round_5_forecast_2026_2027,SE,2026-03-29,23.94772965972071,26.428342979159748,6.929394004019399,77.34658126449241
round_5_forecast_2026_2027,SE,2026-04-05,24.291030133998554,26.787284038859863,6.866969167040924,75.80721996141817
round_5_forecast_2026_2027,SE,2026-04-12,24.19896421276789,26.56441514240761,6.953908627658587,76.79682578495816
round_5_forecast_2026_2027,SE,2026-04-19,23.93287159752808,26.2046519660354,6.932920872358558,77.3443414573667
round_5_forecast_2026_2027,SE,2026-04-26,23.776624919898808,25.88773752465009,6.949291687470362,78.5775017895262
round_5_forecast_2026_2027,SE,2026-05-03,24.22041636288247,26.34765618843107,6.945342288749445,77.64166673954608
round_5_forecast_2026_2027,SE,2026-05-10,24.119034643367076,26.122801640846735,6.953550411014125,78.56106398353194
round_5_forecast_2026_2027,SE,2026-05-17,23.857469486286355,25.733931780694643,6.998490809993468,79.75312836863156
round_5_forecast_2026_2027,SE,2026-05-24,23.745950970566646,25.665998885771916,6.964129895350092,79.18538568788779
round_5_forecast_2026_2027,SE,2026-05-31,23.376880133025683,25.331072249048475,6.997486846628044,79.22666176606046
round_5_forecast_2026_2027,SE,2026-06-07,23.292807469452033,25.103083335514583,6.9798987372261125,80.57920431787936
round_5_forecast_2026_2027,SE,2026-06-14,23.096875041161013,24.879547357841712,6.999748047379738,80.85987081854084
round_5_forecast_2026_2027,SE,2026-06-21,22.754993578038903,24.601090797328677,6.987024766225002,80.56543834111164
round_5_forecast_2026_2027,SE,2026-06-28,22.5474324880072,24.398726361279625,6.992513395907506,80.28022338023311
round_5_forecast_2026_2027,SE,2026-07-05,22.20227755200073,24.03628591692999,7.0,81.29100167457419
round_5_forecast_2026_2027,SE,2026-07-12,22.054549917343618,24.002482454954368,6.978370278188277,79.3322122156894
round_5_forecast_2026_2027,SE,2026-07-19,22.010248095547748,23.924978179283684,6.975863715092653,79.03652663494663
round_5_forecast_2026_2027,SE,2026-07-26,21.862779636275977,23.83212746281097,6.926130445654892,78.19314593472642
round_5_forecast_2026_2027,SE,2026-08-02,20.962869623138364,23.08989554658363,6.967393520620958,79.2213454342063
round_5_forecast_2026_2027,SE,2026-08-09,21.00375349606288,23.0308032507316,6.957454664669512,79.25424273561741
round_5_forecast_2026_2027,SE,2026-08-16,21.137051188601877,23.19468876473265,7.0,80.06159379533241
round_5_forecast_2026_2027,SE,2026-08-23,21.27362964363513,23.46098187040993,6.9731805526632495,78.54730482030772
round_5_forecast_2026_2027,SE,2026-08-30,21.40439054569557,23.59168107606944,6.96389945312415,77.8895218938592
round_5_forecast_2026_2027,SE,2026-09-06,20.885379459077296,22.99584077950176,6.992658164541135,76.66690986602161
round_5_forecast_2026_2027,SE,2026-09-13,21.042293018108236,23.33545424786145,6.935124249289748,75.82555945728446
round_5_forecast_2026_2027,SE,2026-09-20,21.439090262174386,23.808790536347804,6.855147030904884,75.29073048444235
round_5_forecast_2026_2027,SE,2026-09-27,21.733595052143738,24.138242738893187,6.805150702391317,74.13404675586591
round_5_forecast_2026_2027,SE,2026-10-04,22.420827427108808,24.716340498481763,6.91258349704483,75.95642830331495
round_5_forecast_2026_2027,SE,2026-10-11,22.64741582314451,24.96356263650982,6.965917750340595,75.88684653929536
round_5_forecast_2026_2027,SE,2026-10-18,22.87154473203418,25.265155260019977,6.8992987544545,75.86748695620537
round_5_forecast_2026_2027,SE,2026-10-25,23.131417030095317,25.62584288124468,6.873315971133252,74.82322141858303
round_5_forecast_2026_2027,SE,2026-11-01,23.230540876515832,25.628333135748345,6.876109830133118,75.34155903361292
round_5_forecast_2026_2027,SE,2026-11-08,23.342364725371024,25.917215387952098,6.814913477533263,73.6170290112662
round_5_forecast_2026_2027,SE,2026-11-15,23.46809899789496,26.053523592353415,6.786895570046358,73.99275702359728
round_5_forecast_2026_2027,SE,2026-11-22,23.641517286374867,26.171499303967657,6.849014126441309,73.83408162189879
round_5_forecast_2026_2027,SE,2026-11-29,23.802845933110365,26.441317192142037,6.613621649559548,73.8348044066203
round_5_forecast_2026_2027,SE,2026-12-06,23.803640750627693,26.344827579710262,6.736924883394762,73.48238276887807
round_5_forecast_2026_2027,SE,2026-12-13,23.843406723758346,26.315320727682877,6.956973173059151,73.80294941442887
round_5_forecast_2026_2027,SE,2026-12-20,23.81383807477496,26.388701094225016,6.720426112969466,73.4126992480676
round_5_forecast_2026_2027,SE,2026-12-27,23.9336134284252,26.503870326462454,6.9040235582245,73.73385125787429
round_5_forecast_2026_2027,SE,2027-01-03,23.9336134284252,26.503870326462454,6.9040235582245,73.73385125787429
round_5_forecast_2026_2027,SE,2027-01-10,23.878379913039453,26.434963864478195,6.892141376729046,74.36383823934612
round_5_forecast_2026_2027,SE,2027-01-17,23.816982725347312,26.32994510187589,6.96973259417914,75.15988691413388
round_5_forecast_2026_2027,SE,2027-01-24,23.93270553859514,26.51577389910809,6.842075865182077,74.69537013480308
round_5_forecast_2026_2027,SE,2027-01-31,23.94093478039075,26.60064690461366,6.891277779187147,74.46267397860531
round_5_forecast_2026_2027,SE,2027-02-07,24.10451582452572,26.68602841090144,6.93624465697745,74.70224132510283
round_5_forecast_2026_2027,SE,2027-02-14,24.007981601132283,26.56053208045697,6.98199152042439,75.44235709837007
round_5_forecast_2026_2027,SE,2027-02-21,23.92462332229342,26.42999534140287,6.969887157779783,77.16232112950713
round_5_forecast_2026_2027,SE,2027-02-28,24.049538447048615,26.645575969318763,6.970557856855518,76.13058682793842
round_5_forecast_2026_2027,SE,2027-03-07,24.17604173937296,26.789432071789054,6.932137398278717,75.5659141168156
round_5_forecast_2026_2027,SE,2027-03-14,24.05672032027929,26.683412778550977,6.968065945632946,76.03672999166378
round_5_forecast_2026_2027,SE,2027-03-21,23.968071962709264,26.45420081351991,6.938131606480216,78.1164226962627
round_5_forecast_2026_2027,SE,2027-03-28,23.979563012947217,26.47291140956931,6.96908237092718,77.86610129957216
round_5_forecast_2026_2027,SE,2027-04-04,23.94772965972071,26.428342979159748,6.929394004019399,77.34658126449241
round_5_forecast_2026_2027,SE,2027-04-11,23.850946682625985,26.34720058748729,6.866969167040924,78.18987234643396
round_5_forecast_2026_2027,SE,2027-04-18,23.75888076139532,26.12433169103504,6.953908627658587,79.17947816997393
round_5_forecast_2026_2027,SE,2027-04-25,23.492788146155508,25.764568514662827,6.932920872358558,79.72699384238248
round_5_forecast_2026_2027,SE,2027-05-02,23.33654146852623,25.44765407327752,6.949291687470362,80.96015417454197
round_5_forecast_2026_2027,SE,2027-05-09,23.134021143333612,25.261260968882212,6.945342288749445,80.9055177417448
round_5_forecast_2026_2027,SE,2027-05-16,23.03263942381821,25.03640642129787,6.953550411014125,81.82491498573066
round_5_forecast_2026_2027,SE,2027-05-23,22.771074266737493,24.64753656114578,6.998490809993468,83.01697937083028
round_5_forecast_2026_2027,SE,2027-05-30,22.659555751017784,24.57960366622305,6.964129895350092,82.44923669008652
round_5_forecast_2026_2027,SE,2027-06-06,22.290484913476817,24.24467702949961,6.997486846628044,82.4905127682592
round_5_forecast_2026_2027,SE,2027-06-13,22.10149444064026,23.911770306702813,6.9798987372261125,82.2477492455302
round_5_forecast_2026_2027,SE,2027-06-20,21.90556201234924,23.68823432902994,6.999748047379738,82.5284157461917
round_5_forecast_2026_2027,SE,2027-06-27,21.56368054922713,23.409777768516904,6.987024766225002,82.23398326876249
round_5_forecast_2026_2027,SE,2027-07-04,21.356119459195423,23.20741333246785,6.992513395907506,81.94876830788394
round_5_forecast_2026_2027,SE,2027-07-11,21.28057175201755,23.11458011694682,7.0,82.58599255654072
round_5_forecast_2026_2027,SE,2027-07-18,21.13284411736044,23.080776654971196,6.978370278188277,80.62720309765592
round_5_forecast_2026_2027,SE,2027-07-25,21.088542295564576,23.003272379300512,6.975863715092653,80.33151751691315
round_5_forecast_2026_2027,SE,2027-08-01,20.9410738362928,22.910421662827797,6.926130445654892,79.48813681669294
round_5_forecast_2026_2027,SE,2027-08-08,20.83036825194927,22.95739417539454,6.967393520620958,79.05820269249229
round_5_forecast_2026_2027,SE,2027-08-15,20.871252124873788,22.898301879542508,6.957454664669512,79.0910999939034
round_5_forecast_2026_2027,SE,2027-08-22,21.004549817412787,23.06218739354356,7.0,79.8984510536184
round_5_forecast_2026_2027,SE,2027-08-29,21.14112827244604,23.32848049922084,6.9731805526632495,78.3841620785937
round_5_forecast_2026_2027,SE,2027-09-05,21.271889174506477,23.459179704880352,6.96389945312415,77.72637915214519
round_5_forecast_2026_2027,SE,2027-09-12,21.405722293574108,23.51618361399858,6.992658164541135,78.0814396954284
round_5_forecast_2026_2027,SE,2027-09-19,21.56263585260505,23.85579708235826,6.935124249289748,77.24008928669124
round_5_forecast_2026_2027,SE,2027-09-26,21.95943309667121,24.329133370844623,6.855147030904884,76.70526031384912
round_5_forecast_2026_2027,SE,2027-10-03,22.253937886640557,24.65858557339001,6.805150702391317,75.5485765852727
round_5_forecast_2026_2027,SP,2026-03-15,19.237113310006272,22.34334986879592,6.917154239562949,82.72604265587466
round_5_forecast_2026_2027,SP,2026-03-22,18.490555813529117,21.627708665150895,6.788171101345493,82.28483006393395
round_5_forecast_2026_2027,SP,2026-03-29,18.40287070151719,21.70126526495331,6.631213449685334,81.24639448997254
round_5_forecast_2026_2027,SP,2026-04-05,19.101901967279,22.48356646328414,6.565424433623356,82.08778091027273
round_5_forecast_2026_2027,SP,2026-04-12,18.2290620837505,21.719760157989025,5.962680883167204,80.25603066314702
round_5_forecast_2026_2027,SP,2026-04-19,18.05731316827814,21.546141966784077,5.859215188793377,80.28865621675968
round_5_forecast_2026_2027,SP,2026-04-26,17.036464998819383,20.89519354396005,5.231534238262686,77.34242310922025
round_5_forecast_2026_2027,SP,2026-05-03,17.80531227106124,21.433656903390364,5.47286447703659,78.87266889068509
round_5_forecast_2026_2027,SP,2026-05-10,17.440321952158918,20.958560065202896,5.352121583328943,79.2448604808354
round_5_forecast_2026_2027,SP,2026-05-17,17.129788822245445,20.713104427697207,5.204070960347566,79.87951649260336
round_5_forecast_2026_2027,SP,2026-05-24,16.513459535614732,20.15982815291595,5.285389159628081,80.47640999471409
round_5_forecast_2026_2027,SP,2026-05-31,16.400050664857982,20.06105870824222,5.036980846299822,80.77348812680692
round_5_forecast_2026_2027,SP,2026-06-07,15.518745933134513,19.548587015000724,3.983624558290292,75.94225271869803
round_5_forecast_2026_2027,SP,2026-06-14,15.328768572040628,19.178656738965632,4.425407152180733,76.21211154225222
round_5_forecast_2026_2027,SP,2026-06-21,15.242345060074827,19.28811972428439,4.284978395100219,74.49790431557877
round_5_forecast_2026_2027,SP,2026-06-28,14.918215262464296,19.075681375150378,3.76513201866995,73.27800309810758
round_5_forecast_2026_2027,SP,2026-07-05,13.831723886283497,17.86498272158507,4.479637780015786,74.84019101431997
round_5_forecast_2026_2027,SP,2026-07-12,13.289169219642076,17.533842988995595,4.3761126470262335,74.34304813980253
round_5_forecast_2026_2027,SP,2026-07-19,13.660354453451909,17.946332946208734,3.957540493296659,73.28851906787685
round_5_forecast_2026_2027,SP,2026-07-26,13.48981888059972,17.74335839011362,4.205212891210233,74.90371511155618
round_5_forecast_2026_2027,SP,2026-08-02,12.681519626365391,17.139804019196962,4.191021605587521,73.12888229387224
round_5_forecast_2026_2027,SP,2026-08-09,12.41076075306139,16.971911241746312,4.267081004327667,71.68555287010977
round_5_forecast_2026_2027,SP,2026-08-16,13.202882825212422,18.002742649285693,4.002008714726833,69.40376974333755
round_5_forecast_2026_2027,SP,2026-08-23,13.206277563399178,17.609753265894515,5.010233700417956,73.09331448059184
round_5_forecast_2026_2027,SP,2026-08-30,13.83948274341699,18.445415956337555,4.934462490701297,72.23477922138834
round_5_forecast_2026_2027,SP,2026-09-06,14.819938143004212,19.50670060776344,4.625430278947781,64.82759637782915
round_5_forecast_2026_2027,SP,2026-09-13,14.614028918681376,19.119021471048388,5.636354805229943,67.84669246107761
round_5_forecast_2026_2027,SP,2026-09-20,14.277262643545347,18.236973604758347,5.954789923049431,71.71060241263547
round_5_forecast_2026_2027,SP,2026-09-27,15.446628971229558,19.504645965208777,6.2549236260903145,72.62409075864322
round_5_forecast_2026_2027,SP,2026-10-04,17.36723163167827,21.32803309197405,6.183132195389137,75.35249031820787
round_5_forecast_2026_2027,SP,2026-10-11,17.60439715252303,21.519867977846097,6.390443542243165,75.83467337832467
round_5_forecast_2026_2027,SP,2026-10-18,17.698993629654304,21.475262693046652,6.55499703000557,77.256013187162
round_5_forecast_2026_2027,SP,2026-10-25,17.675885253102994,21.27338358709319,6.647269124746231,77.78070650423233
round_5_forecast_2026_2027,SP,2026-11-01,17.472142229009854,20.86951269716508,6.740745402523856,79.47269638703162
round_5_forecast_2026_2027,SP,2026-11-08,17.984976070515344,21.5760273432838,6.625047844475857,77.79735928106848
round_5_forecast_2026_2027,SP,2026-11-15,18.22220509632938,21.72502640978149,6.717292417923042,79.2812116984389
round_5_forecast_2026_2027,SP,2026-11-22,18.611308742642084,21.913146609691623,6.803452748999713,80.1696975266928
round_5_forecast_2026_2027,SP,2026-11-29,19.021853805196425,22.34401558599792,6.841758475909461,80.5155465116223
round_5_forecast_2026_2027,SP,2026-12-06,19.25863453008815,22.30044638830937,6.889852846012481,81.78614511025172
round_5_forecast_2026_2027,SP,2026-12-13,19.2547472450704,22.660940636846146,6.95338004225606,80.23027134203795
round_5_forecast_2026_2027,SP,2026-12-20,19.61747908391281,22.75777038274061,6.693993473652388,81.57229352889811
round_5_forecast_2026_2027,SP,2026-12-27,19.973451934302563,22.911429454479745,6.983973051169014,82.94407058621645
round_5_forecast_2026_2027,SP,2027-01-03,19.973451934302563,22.911429454479745,6.983973051169014,82.94407058621645
round_5_forecast_2026_2027,SP,2027-01-10,19.877797046845664,23.04617327418958,6.952844152719413,81.84173711010784
round_5_forecast_2026_2027,SP,2027-01-17,19.949509764888777,23.116056868318815,6.948869684215747,81.82562572182157
round_5_forecast_2026_2027,SP,2027-01-24,19.5982568212078,22.773909004922693,6.917889051094002,81.71462656340219
round_5_forecast_2026_2027,SP,2027-01-31,19.88783343317472,23.15769521701999,6.802322461311788,81.86355248188403
round_5_forecast_2026_2027,SP,2027-02-07,19.712334798313805,23.037539876271065,6.7620015369014155,81.01764606328324
round_5_forecast_2026_2027,SP,2027-02-14,19.73359221511465,23.039168060747706,6.932213817546533,81.45856227361884
round_5_forecast_2026_2027,SP,2027-02-21,19.98682650796393,23.241809924783652,6.917552183151677,82.06099694614123
round_5_forecast_2026_2027,SP,2027-02-28,19.787028878794413,22.86102056783221,6.960670879514807,82.72799882274691
round_5_forecast_2026_2027,SP,2027-03-07,19.533337323415985,23.01052954573793,6.780730175727998,80.74919889541135
round_5_forecast_2026_2027,SP,2027-03-14,19.72761235435428,22.774346118508927,6.959975989621554,83.30731738340455
round_5_forecast_2026_2027,SP,2027-03-21,19.237113310006272,22.34334986879592,6.917154239562949,82.72604265587466
round_5_forecast_2026_2027,SP,2027-03-28,18.490555813529117,21.627708665150895,6.788171101345493,82.28483006393395
round_5_forecast_2026_2027,SP,2027-04-04,18.40287070151719,21.70126526495331,6.631213449685334,81.24639448997254
round_5_forecast_2026_2027,SP,2027-04-11,18.137032162172908,21.518696658178047,6.565424433623356,80.51588846626306
round_5_forecast_2026_2027,SP,2027-04-18,17.264192278644405,20.754890352882928,5.962680883167204,78.68413821913734
round_5_forecast_2026_2027,SP,2027-04-25,17.092443363172045,20.581272161677983,5.859215188793377,78.71676377275001
round_5_forecast_2026_2027,SP,2027-05-02,16.07159519371329,19.930323738853957,5.231534238262686,75.77053066521059
round_5_forecast_2026_2027,SP,2027-05-09,15.274832948383771,18.903177580712892,5.47286447703659,76.72567722627595
round_5_forecast_2026_2027,SP,2027-05-16,14.909842629481446,18.428080742525427,5.352121583328943,77.09786881642626
round_5_forecast_2026_2027,SP,2027-05-23,14.599309499567978,18.18262510501974,5.204070960347566,77.73252482819423
round_5_forecast_2026_2027,SP,2027-05-30,13.982980212937264,17.62934883023848,5.285389159628081,78.32941833030495
round_5_forecast_2026_2027,SP,2027-06-06,13.869571342180514,17.530579385564753,5.036980846299822,78.62649646239778
round_5_forecast_2026_2027,SP,2027-06-13,13.780068610041322,17.80990969190754,3.983624558290292,75.75568468856973
round_5_forecast_2026_2027,SP,2027-06-20,13.590091248947438,17.439979415872443,4.425407152180733,76.0255435121239
round_5_forecast_2026_2027,SP,2027-06-27,13.503667736981638,17.549442401191197,4.284978395100219,74.31133628545045
round_5_forecast_2026_2027,SP,2027-07-04,13.179537939371109,17.337004052057186,3.76513201866995,73.09143506797928
round_5_forecast_2026_2027,SP,2027-07-11,13.3382476296744,17.371506464975973,4.479637780015786,72.94290139459306
round_5_forecast_2026_2027,SP,2027-07-18,12.795692963032984,17.040366732386502,4.3761126470262335,72.44575852007563
round_5_forecast_2026_2027,SP,2027-07-25,13.166878196842816,17.452856689599642,3.957540493296659,71.39122944814994
round_5_forecast_2026_2027,SP,2027-08-01,12.996342623990628,17.249882133504528,4.205212891210233,73.00642549182928
round_5_forecast_2026_2027,SP,2027-08-08,13.903932415603458,18.36221680843503,4.191021605587521,70.95368011832572
round_5_forecast_2026_2027,SP,2027-08-15,13.633173542299462,18.194324030984383,4.267081004327667,69.51035069456326
round_5_forecast_2026_2027,SP,2027-08-22,14.425295614450487,19.225155438523764,4.002008714726833,67.22856756779102
round_5_forecast_2026_2027,SP,2027-08-29,14.428690352637249,18.832166055132586,5.010233700417956,70.91811230504533
round_5_forecast_2026_2027,SP,2027-09-05,15.06189553265506,19.667828745575623,4.934462490701297,70.0595770458418
round_5_forecast_2026_2027,SP,2027-09-12,16.505081620802052,21.19184408556128,4.625430278947781,67.47526754248688
round_5_forecast_2026_2027,SP,2027-09-19,16.299172396479214,20.804164948846232,5.636354805229943,70.49436362573532
round_5_forecast_2026_2027,SP,2027-09-26,15.96240612134319,19.92211708255619,5.954789923049431,74.35827357729318
round_5_forecast_2026_2027,SP,2027-10-03,17.131772449027398,21.18978944300662,6.2549236260903145,75.27176192330093
round_5_forecast_2026_2027,TO,2026-03-15,22.35933192875581,25.359440400096062,6.976532838189734,83.99210214379649
round_5_forecast_2026_2027,TO,2026-03-22,22.38294293743867,25.37638046845136,6.888967790119688,83.81437943769303
round_5_forecast_2026_2027,TO,2026-03-29,22.539754817018476,25.83709378230278,6.872507018824367,81.1989944881955
round_5_forecast_2026_2027,TO,2026-04-05,22.06389384942415,25.225285290692373,6.88520714384638,85.22239307299067
round_5_forecast_2026_2027,TO,2026-04-12,22.016774859679472,25.216043880577686,6.748463183220146,85.11346579420035
round_5_forecast_2026_2027,TO,2026-04-19,22.021461249289175,25.527240644283655,6.361089374088639,81.35675609484292
round_5_forecast_2026_2027,TO,2026-04-26,22.047618328453563,25.68314939412487,6.120439860707899,79.00615265859655
round_5_forecast_2026_2027,TO,2026-05-03,21.734515907742235,25.596581365418185,5.212319624927172,83.5124319510221
round_5_forecast_2026_2027,TO,2026-05-10,21.74680934056238,25.644041269414103,5.186825115139162,81.67330743501488
round_5_forecast_2026_2027,TO,2026-05-17,21.748996865703702,25.786647542264507,4.721419168306699,78.8775042512394
round_5_forecast_2026_2027,TO,2026-05-24,21.422780920638782,25.7868837940856,4.031767351536783,76.53491104571569
round_5_forecast_2026_2027,TO,2026-05-31,21.39542655726372,25.89311370133641,3.094856665807204,72.63494524474943
round_5_forecast_2026_2027,TO,2026-06-07,21.94748884763724,26.68016771928706,2.1830022753705953,67.95127972664037
round_5_forecast_2026_2027,TO,2026-06-14,21.876005907529745,26.70166989705244,1.9723928019003385,65.16933319253303
round_5_forecast_2026_2027,TO,2026-06-21,21.617153798949,26.555983537073804,1.2681955844363468,62.55328369751014
round_5_forecast_2026_2027,TO,2026-06-28,21.58092433069902,26.664433057776694,1.008362819497268,60.50265250943239
round_5_forecast_2026_2027,TO,2026-07-05,22.409581800270736,27.53007185452049,1.477311299094142,50.39230666365207
round_5_forecast_2026_2027,TO,2026-07-12,22.296419622979652,27.559158370159796,1.3422371829167896,48.85067174928128
round_5_forecast_2026_2027,TO,2026-07-19,22.14773786252577,27.615951497714512,0.9360721884698496,46.70517759804144
round_5_forecast_2026_2027,TO,2026-07-26,22.37517291129503,27.89166916247286,0.9015945481463212,44.65812026741409
round_5_forecast_2026_2027,TO,2026-08-02,21.75566089741167,27.63181971735925,0.7606658329926749,38.181227214947775
round_5_forecast_2026_2027,TO,2026-08-09,22.254917478154155,27.899763470375817,1.1380740191787675,38.136815833472355
round_5_forecast_2026_2027,TO,2026-08-16,22.841573320941492,28.466158613052414,1.1994026709852124,36.97625807799924
round_5_forecast_2026_2027,TO,2026-08-23,23.397177246911937,29.028234518881003,1.9736918606553524,38.256716296644235
round_5_forecast_2026_2027,TO,2026-08-30,23.542659096961227,29.085408293126054,2.5329377817339886,39.55927115883177
round_5_forecast_2026_2027,TO,2026-09-06,24.35394932139235,30.103312089835345,2.131672573109714,26.50129313959556
round_5_forecast_2026_2027,TO,2026-09-13,24.71097363427178,30.253282501596793,3.2172821859457534,30.483567453302538
round_5_forecast_2026_2027,TO,2026-09-20,24.796443903064368,29.76876060758451,5.089156508355379,39.38438548020347
round_5_forecast_2026_2027,TO,2026-09-27,24.74840754847096,29.714233526147545,5.499570583727398,41.851378552917666
round_5_forecast_2026_2027,TO,2026-10-04,24.138308432927584,28.847833704069856,5.422925608193487,58.06648857966248
round_5_forecast_2026_2027,TO,2026-10-11,23.85389569600203,28.23919913120964,5.692594422256604,62.65119980024192
round_5_forecast_2026_2027,TO,2026-10-18,23.730521937469476,27.751475532575864,6.481745991003903,68.62906531897012
round_5_forecast_2026_2027,TO,2026-10-25,23.50166680050906,27.098451176474693,6.751473484120808,73.85303032610057
round_5_forecast_2026_2027,TO,2026-11-01,23.229900867005785,26.60521600851254,6.934513860884445,76.88950624485848
round_5_forecast_2026_2027,TO,2026-11-08,23.014675779094713,26.496046386627523,6.802062245169667,77.66737092855989
round_5_forecast_2026_2027,TO,2026-11-15,23.115272954009036,26.46912441716243,6.9262733439503394,78.49803771971085
round_5_forecast_2026_2027,TO,2026-11-22,22.9583128569716,26.111905925586193,6.916416377840172,80.15196414601783
round_5_forecast_2026_2027,TO,2026-11-29,22.955412445696428,26.16251543748055,6.8564244499062905,80.0634551370771
round_5_forecast_2026_2027,TO,2026-12-06,22.71999014717262,25.780214464101793,6.943845454351114,81.70714955240419
round_5_forecast_2026_2027,TO,2026-12-13,22.751410072373673,25.91054505840202,6.960790636868663,81.22090424251532
round_5_forecast_2026_2027,TO,2026-12-20,22.673789531929856,25.65847101817533,6.765527535376022,82.40894265453936
round_5_forecast_2026_2027,TO,2026-12-27,22.54414937581079,25.54014796982843,6.97485956009114,82.7976872847706
round_5_forecast_2026_2027,TO,2027-01-03,22.54414937581079,25.54014796982843,6.97485956009114,82.7976872847706
round_5_forecast_2026_2027,TO,2027-01-10,22.416296596857435,25.391765441721784,6.987590369822818,83.37845258279799
round_5_forecast_2026_2027,TO,2027-01-17,22.456928991326652,25.537980828183983,6.896547017538233,82.03727698728504
round_5_forecast_2026_2027,TO,2027-01-24,22.399690656290023,25.288989474333796,6.988929189792656,84.2017678579775
round_5_forecast_2026_2027,TO,2027-01-31,22.474761186094188,25.515554416295565,6.990249384569232,83.03416350432191
round_5_forecast_2026_2027,TO,2027-02-07,22.496107816020004,25.454232609260444,6.926914134801541,83.0710097333006
round_5_forecast_2026_2027,TO,2027-02-14,22.36888774277565,25.348674430582147,6.970833040710074,83.23595536050183
round_5_forecast_2026_2027,TO,2027-02-21,22.350480661822267,25.29279727530427,6.974251300490115,83.96403078035982
round_5_forecast_2026_2027,TO,2027-02-28,22.47797772291448,25.506037746600885,6.993044937386558,83.40558006699908
round_5_forecast_2026_2027,TO,2027-03-07,22.517544371135337,25.465503525157587,6.989605601729931,83.84330973172617
round_5_forecast_2026_2027,TO,2027-03-14,22.52413093941484,25.511145648291446,6.992752279117986,83.65602394134089
round_5_forecast_2026_2027,TO,2027-03-21,22.35933192875581,25.359440400096062,6.976532838189734,83.99210214379649
round_5_forecast_2026_2027,TO,2027-03-28,22.38294293743867,25.37638046845136,6.888967790119688,83.81437943769303
round_5_forecast_2026_2027,TO,2027-04-04,22.539754817018476,25.83709378230278,6.872507018824367,81.1989944881955
round_5_forecast_2026_2027,TO,2027-04-11,22.55810807156163,25.719499512829856,6.88520714384638,81.56236184048086
round_5_forecast_2026_2027,TO,2027-04-18,22.510989081816955,25.71025810271517,6.748463183220146,81.45343456169051
round_5_forecast_2026_2027,TO,2027-04-25,22.51567547142666,26.021454866421134,6.361089374088639,77.6967248623331
round_5_forecast_2026_2027,TO,2027-05-02,22.54183255059104,26.177363616262355,6.120439860707899,75.34612142608673
round_5_forecast_2026_2027,TO,2027-05-09,22.569947759407835,26.43201321708378,5.212319624927172,71.36263523841234
round_5_forecast_2026_2027,TO,2027-05-16,22.58224119222798,26.479473121079693,5.186825115139162,69.52351072240512
round_5_forecast_2026_2027,TO,2027-05-23,22.584428717369303,26.6220793939301,4.721419168306699,66.72770753862964
round_5_forecast_2026_2027,TO,2027-05-30,22.258212772304375,26.622315645751197,4.031767351536783,64.38511433310593
round_5_forecast_2026_2027,TO,2027-06-06,22.23085840892932,26.728545553002004,3.094856665807204,60.485148532139675
round_5_forecast_2026_2027,TO,2027-06-13,22.016751292263248,26.74943016391307,2.1830022753705953,56.12222806119123
round_5_forecast_2026_2027,TO,2027-06-20,21.945268352155743,26.77093234167844,1.9723928019003385,53.34028152708389
round_5_forecast_2026_2027,TO,2027-06-27,21.686416243575003,26.625245981699805,1.2681955844363468,50.72423203206099
round_5_forecast_2026_2027,TO,2027-07-04,21.650186775325025,26.733695502402703,1.008362819497268,48.67360084398325
round_5_forecast_2026_2027,TO,2027-07-11,21.836612629627748,26.957102683877498,1.477311299094142,48.62149632290568
round_5_forecast_2026_2027,TO,2027-07-18,21.72345045233666,26.986189199516808,1.3422371829167896,47.07986140853489
round_5_forecast_2026_2027,TO,2027-07-25,21.57476869188278,27.042982327071527,0.9360721884698496,44.93436725729504
round_5_forecast_2026_2027,TO,2027-08-01,21.802203740652043,27.31869999182987,0.9015945481463212,42.8873099266677
round_5_forecast_2026_2027,TO,2027-08-08,21.81972741977969,27.695886239727265,0.7606658329926749,41.27758175950308
round_5_forecast_2026_2027,TO,2027-08-15,22.318984000522175,27.963829992743836,1.1380740191787675,41.23317037802766
round_5_forecast_2026_2027,TO,2027-08-22,22.905639843309512,28.530225135420434,1.1994026709852124,40.072612622554544
round_5_forecast_2026_2027,TO,2027-08-29,23.461243769279957,29.092301041249023,1.9736918606553524,41.35307084119954
round_5_forecast_2026_2027,TO,2027-09-05,23.606725619329243,29.149474815494074,2.5329377817339886,42.655625703387074
round_5_forecast_2026_2027,TO,2027-09-12,23.749742354516787,29.499105122959783,2.131672573109714,40.4025237988271
round_5_forecast_2026_2027,TO,2027-09-19,24.10676666739622,29.64907553472123,3.2172821859457534,44.384798112534064
round_5_forecast_2026_2027,TO,2027-09-26,24.1922369361888,29.16455364070895,5.089156508355379,53.285616139435
round_5_forecast_2026_2027,TO,2027-10-03,24.1442005815954,29.110026559271983,5.499570583727398,55.7526092121492
